Sample group,Shannon index,Season,Year,SampleSize (log10),latitude,longitude,Terrain,Host genus,Annual Mean Temperature (Bio1),Mean Diurnal Range (Mean of monthly max temp - min temp) (Bio2),Isothermality (BIO2/BIO7) (x100) (Bio3),Temperature Seasonality (standard deviation x100) (Bio4),Max Temperature of Warmest Month (Bio5),Min Temperature of Coldest Month (Bio6),Temperature Annual Range (BIO5-BIO6) (Bio7),Mean Temperature of Wettest Quarter (Bio8),Mean Temperature of Driest Quarter (Bio9),Mean Temperature of Warmest Quarter (Bio10),Mean Temperature of Coldest Quarter (Bio11),Annual Precipitation (Bio12),Precipitation of Wettest Month (Bio13),Precipitation of Driest Month (Bio14),Precipitation Seasonality (Coefficient of Variation) (Bio15),Precipitation of Wettest Quarter (Bio16),Precipitation of Driest Quarter (Bio17),Precipitation of Warmest Quarter (Bio18),Precipitation of Coldest Quarter (Bio19),Global Mammal Richness (GMR),Global Railway (GR),Global Linear Hydrography (GLH),Human Footprint (HFT),Fractional Vegetation Cover (FVC),Normalized Difference Vegetation Index (NDVI),China GDP Spatial Distribution (GDP),China High-Resolution Ecological Environment Quality (CHEQ),China Population Spatial Distribution (PSD),Digital Elevation Model (DEM),landuseName Forest land closed canopy,landuseName High coverage grassland,landuseName Low coverage grassland,landuseName Medium coverage grassland,landuseName Other construction land,landuseName Other forest land,landuseName Paddy field,landuseName Reservoirs and ponds,landuseName Rivers and canals,landuseName Rural residential area,landuseName Shrubland,landuseName Sparse woodland,landuseName Urban built up area
IPB24A-10,4.973499308,Autumn,2023,1.301029996,29.99,122.31,Mountain,Rhinolophus,16.483334,6.333333,23.114355,783.4984,30.1,2.7,27.4,25.983334,9.400001,25.983334,6.883333,1258,169,45,39.016422,417,169,417,174,9,0.423880302,1.422455755,41.719856,4,0.9595508,9662,0.52500457,843,99.8125,0,0,0,0,0,0,0,0,0,0,0,0,1
IPB24A-11,5.429197334,Autumn,2023,1.301029996,29.99,122.31,Mountain,Rhinolophus,16.483334,6.333333,23.114355,783.4984,30.1,2.7,27.4,25.983334,9.400001,25.983334,6.883333,1258,169,45,39.016422,417,169,417,174,9,0.423880302,1.422455755,41.719856,4,0.9595508,9662,0.52500457,843,99.8125,0,0,0,0,0,0,0,0,0,0,0,0,1
IPB24A-12,5.965269974,Autumn,2023,1.301029996,29.99,122.31,Mountain,Rhinolophus,16.483334,6.333333,23.114355,783.4984,30.1,2.7,27.4,25.983334,9.400001,25.983334,6.883333,1258,169,45,39.016422,417,169,417,174,9,0.423880302,1.422455755,41.719856,4,0.9595508,9662,0.52500457,843,99.8125,0,0,0,0,0,0,0,0,0,0,0,0,1
IPB24A-13,5.088629625,Autumn,2023,0.954242509,30.07,122.14,Mountain,Myotis,16.141666,6.616667,23.546856,796.8627,30.1,2,28.1,25.766666,8.85,25.766666,6.35,1272,171,44,40.58701,434,165,434,170,10,0.282352514,1.284718936,27.737097,2,0.9437611,8319,0.62541884,730,135.875,1,0,0,0,0,0,0,0,0,0,0,0,0
IPB24A-14,4.496898555,Autumn,2023,1.361727836,30.07,122.2,Mountain,Rhinolophus,16.3625,6.4083333,22.968937,794.49567,30.2,2.3,27.900002,25.966667,9.083333,25.966667,6.6,1250,168,45,39.591057,419,166,419,172,10,0.342408255,1.307144277,39.266243,2,0.9608056,6688,0.67126536,587,90.0625,1,0,0,0,0,0,0,0,0,0,0,0,0
IPB24A-15,4.93418372,Autumn,2023,1.342422681,30.07,122.2,Mountain,Rhinolophus,16.3625,6.4083333,22.968937,794.49567,30.2,2.3,27.900002,25.966667,9.083333,25.966667,6.6,1250,168,45,39.591057,419,166,419,172,10,0.342408255,1.307144277,39.266243,2,0.9608056,6688,0.67126536,587,90.0625,1,0,0,0,0,0,0,0,0,0,0,0,0
IPB24A-17,3.87314068,Autumn,2023,1.255272505,30.08,122.13,Mountain,Rhinolophus,16.116667,6.5333333,23.250296,795.8881,30.1,2,28.1,25.733334,8.816667,25.733334,6.35,1262,169,44,40.13293,427,166,427,170,10,0.28595636,1.265434065,28.70612,1,1,7333,0.73917186,643,140.25,1,0,0,0,0,0,0,0,0,0,0,0,0
IPB24A-18,4.418295834,Autumn,2023,1.176091259,30.07,122.14,Mountain,Rhinolophus,16.141666,6.616667,23.546856,796.8627,30.1,2,28.1,25.766666,8.85,25.766666,6.35,1272,171,44,40.58701,434,165,434,170,10,0.282352514,1.284718936,27.737097,2,0.9437611,8319,0.62541884,730,135.875,1,0,0,0,0,0,0,0,0,0,0,0,0
IPB24A-19,4.235926351,Autumn,2023,1.176091259,30.07,122.14,Mountain,Rhinolophus,16.141666,6.616667,23.546856,796.8627,30.1,2,28.1,25.766666,8.85,25.766666,6.35,1272,171,44,40.58701,434,165,434,170,10,0.282352514,1.284718936,27.737097,2,0.9437611,8319,0.62541884,730,135.875,1,0,0,0,0,0,0,0,0,0,0,0,0
IPB24A-2,6.963676637,Autumn,2023,1.204119983,30.06,122.15,Mountain,Rhinolophus,16.55,6.633333,23.606167,798.88556,30.5,2.4,28.1,26.2,9.216666,26.2,6.7166667,1265,169,45,39.901325,430,168,430,173,10,0.2929787,1.296353496,41.550133,2,1,9096,0.55445606,798,40.375,1,0,0,0,0,0,0,0,0,0,0,0,0
IPB24A-20,3.9677201,Autumn,2023,1.230448921,30.04,122.2,Mountain,Rhinolophus,15.9625,6.525,23.387098,792.1838,29.8,1.9,27.9,25.55,8.716666,25.55,6.233333,1274,172,45,40.119156,429,167,429,172,10,0.326208456,1.325751477,31.884096,2,1,6696,0.7699493,587,180.9375,1,0,0,0,0,0,0,0,0,0,0,0,0
IPB24A-21,4.548688113,Autumn,2023,1.204119983,30.04,122.2,Mountain,Rhinolophus,15.9625,6.525,23.387098,792.1838,29.8,1.9,27.9,25.55,8.716666,25.55,6.233333,1274,172,45,40.119156,429,167,429,172,10,0.326208456,1.325751477,31.884096,2,1,6696,0.7699493,587,180.9375,1,0,0,0,0,0,0,0,0,0,0,0,0
IPB24A-27,5.112199975,Summer,2023,0.903089987,22.83,112.8,Mountain,Nyctalus,22.1375,6.9416666,30.989584,569.8051,32.3,9.9,22.4,27.433334,16.166666,28.35,14.566667,1859,311,38,67.983086,856,122,819,140,63,0.314527094,0.115803182,37.66709,3,0.84925133,8328,0.35959956,442,20.5625,1,0,0,0,0,0,0,0,0,0,0,0,0
IPB24A-28,3.98418372,Spring,2023,0.903089987,23.31,114.4,Mountain,Rhinolophus,20.204166,7.1416664,31.882439,557.9567,30.2,7.8,22.400002,25.35,14.416667,26.300001,12.8,1916,326,34,68.24749,878,118,855,156,64,0.045318286,0.101398102,10.581357,2,0.951632,1777,0.941392,347,395.9375,1,0,0,0,0,0,0,0,0,0,0,0,0
IPB24A-29,4.31990258,Summer,2023,1.041392685,23.34,114.46,Mountain,Hypsugo,21.929167,7.541667,32.507183,573.34924,32.2,9,23.2,27.166666,15.9,28.166666,14.3,1830,317,33,68.03176,848,117,805,153,62,0.004473875,0.039648897,33.51749,1,1,1863,0.52575254,364,26.5,0,0,0,1,0,0,0,0,0,0,0,0,0
IPB24A-31,7.88514817,Summer,2023,1.230448921,23.12,115.21,Mountain,Myotis,21.345833,6.891667,32.204052,542.0603,30.8,9.4,21.4,27.233334,15.783334,27.233334,14.166667,1687,272,29,66.44079,767,106,767,137,61,0.719657036,0.602460582,19.728195,3,1,1800,0.5273784,301,123.5625,0,0,0,0,0,0,1,0,0,0,0,0,0
IPB24A-32,8.288572784,Summer,2023,1.230448921,23.12,115.21,Mountain,Myotis,21.345833,6.891667,32.204052,542.0603,30.8,9.4,21.4,27.233334,15.783334,27.233334,14.166667,1687,272,29,66.44079,767,106,767,137,61,0.719657036,0.602460582,19.728195,3,1,1800,0.5273784,301,123.5625,0,0,0,0,0,0,1,0,0,0,0,0,0
IPB24A-33,4.664497779,Spring,2023,1.230448921,23.31,114.4,Mountain,Rhinolophus,20.204166,7.1416664,31.882439,557.9567,30.2,7.8,22.400002,25.35,14.416667,26.300001,12.8,1916,326,34,68.24749,878,118,855,156,64,0.045318286,0.101398102,10.581357,2,0.951632,1777,0.941392,347,395.9375,1,0,0,0,0,0,0,0,0,0,0,0,0
IPB24A-34,5.56385619,Spring,2023,1.230448921,23.31,114.4,Mountain,Rhinolophus,20.204166,7.1416664,31.882439,557.9567,30.2,7.8,22.400002,25.35,14.416667,26.300001,12.8,1916,326,34,68.24749,878,118,855,156,64,0.045318286,0.101398102,10.581357,2,0.951632,1777,0.941392,347,395.9375,1,0,0,0,0,0,0,0,0,0,0,0,0
IPB24A-35,4.639279277,Spring,2023,1.230448921,23.31,114.4,Mountain,Rhinolophus,20.204166,7.1416664,31.882439,557.9567,30.2,7.8,22.400002,25.35,14.416667,26.300001,12.8,1916,326,34,68.24749,878,118,855,156,64,0.045318286,0.101398102,10.581357,2,0.951632,1777,0.941392,347,395.9375,1,0,0,0,0,0,0,0,0,0,0,0,0
IPB24A-36,6.88155701,Spring,2023,1.146128036,24.56,115.88,Hill,Tylonycteris,20.575,8.849999,33.908043,623.1938,32.7,6.6,26.1,23.866667,13.983334,27.566668,12.383333,1571,252,32,58.08844,686,130,564,173,66,0.392860697,0.29105111,37.095158,3,0.830982,637,0.45403805,155,196.5625,1,0,0,0,0,0,0,0,0,0,0,0,0
IPB24A-37,4.412087069,Spring,2023,1,24.43,112.18,Mountain,Rhinolophus,16.2625,7.4083333,29.39815,655.37335,27.9,2.7,25.199999,19.866667,9.5,23.616667,7.6666665,1706,300,43,62.014824,790,139,632,191,72,0.969746421,1.091482155,3.0764015,2,0.94314176,442,0.88415533,104,923.5625,1,0,0,0,0,0,0,0,0,0,0,0,0
IPB24A-38,4.413607347,Spring,2023,0.477121255,24.43,112.18,Mountain,Rhinolophus,16.2625,7.4083333,29.39815,655.37335,27.9,2.7,25.199999,19.866667,9.5,23.616667,7.6666665,1706,300,43,62.014824,790,139,632,191,72,0.969746421,1.091482155,3.0764015,2,0.94314176,442,0.88415533,104,923.5625,1,0,0,0,0,0,0,0,0,0,0,0,0
IPB24A-39,6.003666985,Spring,2023,1.322219295,24.43,112.18,Mountain,Rhinolophus,16.2625,7.4083333,29.39815,655.37335,27.9,2.7,25.199999,19.866667,9.5,23.616667,7.6666665,1706,300,43,62.014824,790,139,632,191,72,0.969746421,1.091482155,3.0764015,2,0.94314176,442,0.88415533,104,923.5625,1,0,0,0,0,0,0,0,0,0,0,0,0
IPB24A-4,5.709067383,Autumn,2023,1.113943352,30.07,122.14,Mountain,Rhinolophus,16.141666,6.616667,23.546856,796.8627,30.1,2,28.1,25.766666,8.85,25.766666,6.35,1272,171,44,40.58701,434,165,434,170,10,0.282352514,1.284718936,27.737097,2,0.9437611,8319,0.62541884,730,135.875,1,0,0,0,0,0,0,0,0,0,0,0,0
IPB24A-40,4.953263142,Spring,2023,1.342422681,25.3,113.02,Hill,Nyctalus,19.1875,8.258333,28.674768,752.91895,33.2,4.4,28.800001,23.25,11.266666,27.916666,9.5,1409,238,35,59.747597,657,122,498,146,76,0.016687739,0.74704402,44.549652,3,0.87247056,498,0.38198668,155,168.1875,0,0,0,0,0,0,1,0,0,0,0,0,0
IPB24A-41,8.385041728,Spring,2023,1.204119983,25.05,113.77,Mesa,Hipposideros,19.9125,8.108333,29.592457,711.97906,33.1,5.7,27.399998,23.733334,12.433333,28.099998,10.733334,1513,256,36,62.152122,717,123,528,173,71,0.270260988,0.060175439,32.329018,3,0.924291,563,0.5150277,101,112.375,1,0,0,0,0,0,0,0,0,0,0,0,0
IPB24A-42,4.542543824,Summer,2023,0.77815125,22.55,114.15,Mountain,Cynopterus,22.779167,6.491667,31.666666,522.02606,31.9,11.4,20.5,28.45,17.466667,28.45,15.85,2029,366,26,78.34189,1034,92,1034,102,62,0.038837644,0.492922758,37.7256262,6,0.8606138,278750,0.3945727,18238,24.8125,0,0,0,0,0,0,0,0,0,1,0,0,0
IPB24A-43,4.680813428,Summer,2023,1.041392685,22.56,114.23,Mountain,Rhinolophus,22.383333,6.1500006,30.445547,523.7424,31.4,11.2,20.2,28.05,17.116667,28.05,15.45,2050,365,28,77.65726,1036,95,1036,107,56,0.112083247,0.496588316,37.7256262,6,0.8895764,120027,0.39306358,3908,15.0625,1,0,0,0,0,0,0,0,0,0,0,0,0
IPB24A-44,4.889680181,Summer,2023,0.301029996,23.15,112.52,Mountain,Rhinolophus,21.054167,7.1583333,31.53451,575.0868,31.4,8.7,22.7,26.4,15.083333,27.316666,13.416667,1797,311,38,66.63771,815,121,760,152,62,0.00978183,0.049862229,22.761229,2,0.9774399,2082,0.8647498,342,217.1875,1,0,0,0,0,0,0,0,0,0,0,0,0
IPB24A-45,5.882643049,Summer,2023,1.322219295,23.13,112.55,Plain,Myotis,21.645834,7.1416664,31.600294,574.6045,32,9.4,22.6,26.983334,15.7,27.916668,14.033333,1778,307,38,66.432915,808,122,753,148,63,0.023199992,0.017914771,43.782867,2,0.8567505,3049,0.46714523,501,116.5625,0,0,0,0,0,0,1,0,0,0,0,0,0
IPB24A-5,5.559733603,Autumn,2023,1.380211242,30.04,122.2,Mountain,Rhinolophus,15.9625,6.525,23.387098,792.1838,29.8,1.9,27.9,25.55,8.716666,25.55,6.233333,1274,172,45,40.119156,429,167,429,172,10,0.326208456,1.325751477,31.884096,2,1,6696,0.7699493,587,180.9375,1,0,0,0,0,0,0,0,0,0,0,0,0
IPB24A-6,5.261098725,Autumn,2023,1.380211242,30.04,122.2,Mountain,Rhinolophus,15.9625,6.525,23.387098,792.1838,29.8,1.9,27.9,25.55,8.716666,25.55,6.233333,1274,172,45,40.119156,429,167,429,172,10,0.326208456,1.325751477,31.884096,2,1,6696,0.7699493,587,180.9375,1,0,0,0,0,0,0,0,0,0,0,0,0
IPB24A-7,6.673347539,Autumn,2023,1.361727836,30.07,122.07,Mountain,Rhinolophus,15.65,6.483333,23.237753,791.31934,29.5,1.6,27.9,25.216667,8.4,25.216667,5.9333334,1279,172,44,40.924366,435,165,435,170,10,0.23577372,1.260691128,19.62298,2,0.99579114,10332,0.72525716,907,234.8125,0,0,0,0,0,0,0,0,0,0,0,0,0
IPB24A-8,7.448901496,Autumn,2023,1.361727836,30.07,122.07,Mountain,Rhinolophus,15.65,6.483333,23.237753,791.31934,29.5,1.6,27.9,25.216667,8.4,25.216667,5.9333334,1279,172,44,40.924366,435,165,435,170,10,0.23577372,1.260691128,19.62298,2,0.99579114,10332,0.72525716,907,234.8125,0,0,0,0,0,0,0,0,0,0,0,0,0
IPB24A-9,5.208411152,Autumn,2023,0.77815125,29.89,122.42,Plain,Rhinolophus,20.0799998,6.07999992,26.750800400000003,634.622392,30.96,7.839999999999999,23.1200004,27.3500002,13.9466662,27.3500002,11.95999994,1606.6,255,34,60.06430119999999,695.6,124.8,695.6,132.6,8,0.524748468,1.560749874,31.147387,9,0.9271419,12127.4,0.39306358,920.6,43,1,0,0,0,0,0,0,0,0,0,0,0,0
IPB24B-1,6.633580832,Summer,2023,1.301029996,22.36,113.49,Mountain,Hypsugo,22.545834,6.041666,29.328478,540.90186,31.8,11.2,20.599998,28.433334,17.033333,28.433334,15.4,1984,330,33,74.59419,952,106,952,119,61,0.639321506,0.147816479,45.05748,3,0.8114894,58094,0.3806589,3439,6.6875,0,0,0,0,0,0,0,0,0,0,0,0,0
IPB24B-10,5.56385619,Summer,2023,1.342422681,31.35,118.45,Plain,Pipistrellus,16.041666,8.316667,25.35569,917.62006,32,-0.8,32.8,24.7,4.4166665,27.033333,4.4166665,1163,184,30,51.43655,486,124,479,124,53,0.059667269,0.096216366,50,1,0.7723293,5242,0.39967537,748,8.25,0,0,0,0,1,0,0,0,0,0,0,0,0
IPB24B-11,7.006119814,Summer,2023,1.414973348,31.35,118.45,Plain,Pipistrellus,16.041666,8.316667,25.35569,917.62006,32,-0.8,32.8,24.7,4.4166665,27.033333,4.4166665,1163,184,30,51.43655,486,124,479,124,53,0.059667269,0.096216366,50,1,0.7723293,5242,0.39967537,748,8.25,0,0,0,0,1,0,0,0,0,0,0,0,0
IPB24B-12,5.435812887,Summer,2023,1.414973348,31.35,118.45,Plain,Pipistrellus,16.041666,8.316667,25.35569,917.62006,32,-0.8,32.8,24.7,4.4166665,27.033333,4.4166665,1163,184,30,51.43655,486,124,479,124,53,0.059667269,0.096216366,50,1,0.7723293,5242,0.39967537,748,8.25,0,0,0,0,1,0,0,0,0,0,0,0,0
IPB24B-13,4.146286371,Autumn,2023,0.301029996,30.07,122.14,Mountain,Miniopterus,16.141666,6.616667,23.546856,796.8627,30.1,2,28.1,25.766666,8.85,25.766666,6.35,1272,171,44,40.58701,434,165,434,170,10,0.282352514,1.284718936,27.737097,2,0.9437611,8319,0.62541884,730,135.875,1,0,0,0,0,0,0,0,0,0,0,0,0
IPB24B-14,4.636564138,Spring,2023,0.698970004,23.68,106.98,Plain,Pipistrellus,22.7875,8.441667,35.76978,577.95135,33.6,10,23.599998,29.166666,15.05,29.166666,15.05,1417,264,25,79.28029,764,91,764,91,91,0.036180592,0.024766877,35.293636,1,0.7069748,640,0.45867452,128,110.5625,0,0,0,0,0,0,1,0,0,0,0,0,0
IPB24B-15,4.221928095,Summer,2023,0.602059991,22.36,106.8,Plain,Tylonycteris,22.679167,8.075,36.704548,532.0691,32.6,10.6,21.999998,28.383333,15.516666,28.383333,15.516666,1292,224,20,73.45981,649,79,649,79,91,0.223086039,1.201515532,31.092924,1,0.7948668,433,0.5075474,111,129.375,0,0,0,0,0,1,0,0,0,0,0,0,0
IPB24B-2,3.664497779,Summer,2023,0.954242509,22.36,113.49,Mountain,Pipistrellus,22.545834,6.041666,29.328478,540.90186,31.8,11.2,20.599998,28.433334,17.033333,28.433334,15.4,1984,330,33,74.59419,952,106,952,119,61,0.639321506,0.147816479,45.05748,3,0.8114894,58094,0.3806589,3439,6.6875,0,0,0,0,0,0,0,0,0,0,0,0,0
IPB24B-3,4.801307266,Summer,2023,1.505149978,22.42,113.65,Plain,Hipposideros,22.129166,5.375,27.146463,536.5312,31.1,11.3,19.8,27.983334,16.783333,27.983334,15.05,1829,304,29,73.97166,879,97,879,107,12,0.475260995,0.16612096,36.9164224,3,0.98658353,9331,0.39306358,654.8,49.6875,1,0,0,0,0,0,0,0,0,0,0,0,0
IPB24B-5,7.298034371,Spring,2023,1.447158031,31.35,118.45,Plain,Eptesicus,16.041666,8.316667,25.35569,917.62006,32,-0.8,32.8,24.7,4.4166665,27.033333,4.4166665,1163,184,30,51.43655,486,124,479,124,53,0.059667269,0.096216366,50,1,0.7723293,5242,0.39967537,748,8.25,0,0,0,0,1,0,0,0,0,0,0,0,0
IPB24B-6,4.201841232,Spring,2023,1.113943352,31.36,118.46,Plain,Eptesicus,16.008333,8.333333,25.406504,917.99146,32,-0.8,32.8,24.683334,4.4,27,4.4,1158,184,30,51.389164,484,123,476,123,52,0.073369522,0.109692647,50,6,0.7071454,5315,0.34757376,759,7.625,0,0,0,0,0,0,1,0,0,0,0,0,0
IPB24B-8,6.864376179,Summer,2023,1.361727836,31.35,118.43,Plain,Eptesicus,16.091667,8.266666,25.203253,918.1722,32.1,-0.7,32.8,24.766666,4.4666667,27.083334,4.4666667,1166,184,31,51.37056,487,125,481,125,53,0.046490632,0.082871177,50,6,0.8540533,6025,0.35234866,860,7.1875,0,0,0,0,1,0,0,0,0,0,0,0,0
IPB24B-9,5.592759956,Summer,2023,1.361727836,31.35,118.45,Plain,Pipistrellus,16.041666,8.316667,25.35569,917.62006,32,-0.8,32.8,24.7,4.4166665,27.033333,4.4166665,1163,184,30,51.43655,486,124,479,124,53,0.059667269,0.096216366,50,1,0.7723293,5242,0.39967537,748,8.25,0,0,0,0,1,0,0,0,0,0,0,0,0
IPB24C-100,6.162430053,Summer,2023,1.414973348,31.35,118.43,Plain,Pipistrellus,16.091667,8.266666,25.203253,918.1722,32.1,-0.7,32.8,24.766666,4.4666667,27.083334,4.4666667,1166,184,31,51.37056,487,125,481,125,53,0.046490632,0.082871177,50,6,0.8540533,6025,0.35234866,860,7.1875,0,0,0,0,1,0,0,0,0,0,0,0,0
IPB24C-102,7.200500809,Spring,2023,1.491361694,31.31,118.51,Plain,Myotis,16.016666,8.116667,24.97436,911.02423,31.8,-0.7,32.5,24.616667,6.583333,26.916666,4.483333,1162,184,30,50.799446,483,124,473,125,52,0.119114041,0.152829498,30.33579,1,0.9381976,5174,0.54476565,739,7.125,0,0,0,0,0,0,1,0,0,0,0,0,0
IPB24C-103,6.749858621,Spring,2023,1.477121255,31.31,118.51,Plain,Myotis,16.016666,8.116667,24.97436,911.02423,31.8,-0.7,32.5,24.616667,6.583333,26.916666,4.483333,1162,184,30,50.799446,483,124,473,125,52,0.119114041,0.152829498,30.33579,1,0.9381976,5174,0.54476565,739,7.125,0,0,0,0,0,0,1,0,0,0,0,0,0
IPB24C-104,7.253593198,Spring,2023,1.477121255,31.31,118.51,Plain,Myotis,16.016666,8.116667,24.97436,911.02423,31.8,-0.7,32.5,24.616667,6.583333,26.916666,4.483333,1162,184,30,50.799446,483,124,473,125,52,0.119114041,0.152829498,30.33579,1,0.9381976,5174,0.54476565,739,7.125,0,0,0,0,0,0,1,0,0,0,0,0,0
IPB24C-106,6.460688108,Summer,2023,1.447158031,31.35,118.43,Plain,Myotis,16.091667,8.266666,25.203253,918.1722,32.1,-0.7,32.8,24.766666,4.4666667,27.083334,4.4666667,1166,184,31,51.37056,487,125,481,125,53,0.046490632,0.082871177,50,6,0.8540533,6025,0.35234866,860,7.1875,0,0,0,0,1,0,0,0,0,0,0,0,0
IPB24C-107,6.227831381,Summer,2023,1.447158031,31.35,118.43,Plain,Myotis,16.091667,8.266666,25.203253,918.1722,32.1,-0.7,32.8,24.766666,4.4666667,27.083334,4.4666667,1166,184,31,51.37056,487,125,481,125,53,0.046490632,0.082871177,50,6,0.8540533,6025,0.35234866,860,7.1875,0,0,0,0,1,0,0,0,0,0,0,0,0
IPB24C-108,6.41197818,Summer,2023,1.447158031,31.35,118.43,Plain,Myotis,16.091667,8.266666,25.203253,918.1722,32.1,-0.7,32.8,24.766666,4.4666667,27.083334,4.4666667,1166,184,31,51.37056,487,125,481,125,53,0.046490632,0.082871177,50,6,0.8540533,6025,0.35234866,860,7.1875,0,0,0,0,1,0,0,0,0,0,0,0,0
IPB24C-109,6.888252502,Summer,2023,1.447158031,31.35,118.43,Plain,Myotis,16.091667,8.266666,25.203253,918.1722,32.1,-0.7,32.8,24.766666,4.4666667,27.083334,4.4666667,1166,184,31,51.37056,487,125,481,125,53,0.046490632,0.082871177,50,6,0.8540533,6025,0.35234866,860,7.1875,0,0,0,0,1,0,0,0,0,0,0,0,0
IPB24C-110,6.549452668,Summer,2023,1.447158031,31.35,118.43,Plain,Myotis,16.091667,8.266666,25.203253,918.1722,32.1,-0.7,32.8,24.766666,4.4666667,27.083334,4.4666667,1166,184,31,51.37056,487,125,481,125,53,0.046490632,0.082871177,50,6,0.8540533,6025,0.35234866,860,7.1875,0,0,0,0,1,0,0,0,0,0,0,0,0
IPB24C-111,6.526717226,Summer,2023,1.477121255,31.35,118.43,Plain,Myotis,16.091667,8.266666,25.203253,918.1722,32.1,-0.7,32.8,24.766666,4.4666667,27.083334,4.4666667,1166,184,31,51.37056,487,125,481,125,53,0.046490632,0.082871177,50,6,0.8540533,6025,0.35234866,860,7.1875,0,0,0,0,1,0,0,0,0,0,0,0,0
IPB24C-112,6.429991864,Summer,2023,1.414973348,31.35,118.45,Plain,Nyctalus,16.041666,8.316667,25.35569,917.62006,32,-0.8,32.8,24.7,4.4166665,27.033333,4.4166665,1163,184,30,51.43655,486,124,479,124,53,0.059667269,0.096216366,50,1,0.7723293,5242,0.39967537,748,8.25,0,0,0,0,1,0,0,0,0,0,0,0,0
IPB24C-114,6.81198037,Spring,2023,1.414973348,31.35,118.45,Plain,Nyctalus,16.041666,8.316667,25.35569,917.62006,32,-0.8,32.8,24.7,4.4166665,27.033333,4.4166665,1163,184,30,51.43655,486,124,479,124,53,0.059667269,0.096216366,50,1,0.7723293,5242,0.39967537,748,8.25,0,0,0,0,1,0,0,0,0,0,0,0,0
IPB24C-115,6.447882543,Spring,2023,1.414973348,31.35,118.45,Plain,Nyctalus,16.041666,8.316667,25.35569,917.62006,32,-0.8,32.8,24.7,4.4166665,27.033333,4.4166665,1163,184,30,51.43655,486,124,479,124,53,0.059667269,0.096216366,50,1,0.7723293,5242,0.39967537,748,8.25,0,0,0,0,1,0,0,0,0,0,0,0,0
IPB24C-119,6.142664356,Summer,2023,1.278753601,30.88,119.9,Plain,Eptesicus,15.975,7.666666,24.109013,886.01636,31.6,-0.2,31.800001,26.666668,11.833333,26.666668,4.8333335,1180,200,34,56.03214,503,123,503,146,55,0.081608885,0.475960963,29.183105,1,0.9437611,6017,0.4542466,578,5,0,0,0,0,0,0,0,0,1,0,0,0,0
IPB24C-120,6.455582945,Summer,2023,1.204119983,30.96,119.89,Plain,Eptesicus,16,7.9333334,24.714436,894.793,31.8,-0.3,32.1,26.8,11.75,26.8,4.7666664,1157,198,33,56.790024,502,119,502,143,53,0.029235244,0.55453386,37.551064,1,0.83154875,5285,0.43681583,508,5,0,0,0,0,0,0,1,0,0,0,0,0,0
IPB24C-122,5.247927513,Summer,2023,1.255272505,30.92,119.69,Mesa,Pipistrellus,15.883333,8,25,890.9758,31.6,-0.4,32,26.6,6.8333335,26.6,4.6833334,1174,195,32,53.880726,490,122,490,141,57,0.012750674,0.641585617,33.475147,1,0.8850316,5149,0.45082173,495,15.5625,0,0,0,0,0,0,1,0,0,0,0,0,0
IPB24C-123,3.807354922,Summer,2023,0.77815125,30.9,119.94,Plain,Myotis,16.041666,7.5833335,23.99789,887.181,31.6,0,31.6,26.75,11.866667,26.75,4.9,1176,199,34,56.069912,502,121,502,148,55,0.034456348,0.475003232,30.223715,3,0.9708873,5119,0.45633632,492,4.625,0,0,0,0,0,0,1,0,0,0,0,0,0
IPB24C-124,3.121928095,Summer,2023,0.602059991,30.94,119.78,Mesa,Nyctalus,15.9125,7.908334,24.791014,889.31824,31.6,-0.3,31.9,26.633333,6.916667,26.633333,4.7333336,1174,198,32,55.873447,504,122,504,141,56,0.027966138,0.600701434,35.800083,3,1,5594,0.35435268,537,5.875,0,0,0,0,1,0,0,0,0,0,0,0,0
IPB24C-125,6.558967328,Summer,2023,1.414973348,31.35,118.45,Plain,Pipistrellus,16.041666,8.316667,25.35569,917.62006,32,-0.8,32.8,24.7,4.4166665,27.033333,4.4166665,1163,184,30,51.43655,486,124,479,124,53,0.059667269,0.096216366,50,1,0.7723293,5242,0.39967537,748,8.25,0,0,0,0,1,0,0,0,0,0,0,0,0
IPB24C-126,6.209533099,Summer,2023,1.414973348,31.35,118.45,Plain,Pipistrellus,16.041666,8.316667,25.35569,917.62006,32,-0.8,32.8,24.7,4.4166665,27.033333,4.4166665,1163,184,30,51.43655,486,124,479,124,53,0.059667269,0.096216366,50,1,0.7723293,5242,0.39967537,748,8.25,0,0,0,0,1,0,0,0,0,0,0,0,0
IPB24C-127,6.019325124,Summer,2023,1.414973348,31.35,118.45,Plain,Pipistrellus,16.041666,8.316667,25.35569,917.62006,32,-0.8,32.8,24.7,4.4166665,27.033333,4.4166665,1163,184,30,51.43655,486,124,479,124,53,0.059667269,0.096216366,50,1,0.7723293,5242,0.39967537,748,8.25,0,0,0,0,1,0,0,0,0,0,0,0,0
IPB24C-128,4.627986807,Summer,2023,1.414973348,31.35,118.45,Plain,Pipistrellus,16.041666,8.316667,25.35569,917.62006,32,-0.8,32.8,24.7,4.4166665,27.033333,4.4166665,1163,184,30,51.43655,486,124,479,124,53,0.059667269,0.096216366,50,1,0.7723293,5242,0.39967537,748,8.25,0,0,0,0,1,0,0,0,0,0,0,0,0
IPB24C-21,3.321928095,Spring,2023,0.301029996,24.92,110.31,Mountain,Myotis,19.066668,7.416667,27.571253,723.4084,31.9,5,26.9,22.866667,11.633333,27.3,9.733334,1826,350,48,67.38995,897,166,697,200,86,0.305370572,0.470897525,17.88766,2,0.9232744,1022,0.5861709,245,247.25,0,0,0,0,0,0,0,0,0,0,0,1,0
IPB24C-22,3.418295834,Autumn,2023,0.698970004,23.07,111.02,Hill,Pipistrellus,22.0625,8.091667,33.9986,582.5029,32.7,8.9,23.800001,27.583334,15.85,28.366667,14.266666,1638,290,31,69.43663,759,114,702,146,65,0.975873164,0.332554012,16.12828,3,1,735,0.59975564,259,129.0625,1,0,0,0,0,0,0,0,0,0,0,0,0
IPB24C-23,3.906890596,Autumn,2023,0.477121255,23.07,111.02,Hill,Myotis,22.0625,8.091667,33.9986,582.5029,32.7,8.9,23.800001,27.583334,15.85,28.366667,14.266666,1638,290,31,69.43663,759,114,702,146,65,0.975873164,0.332554012,16.12828,3,1,735,0.59975564,259,129.0625,1,0,0,0,0,0,0,0,0,0,0,0,0
IPB24C-24,2,Summer,2023,0.301029996,22.17,112.11,Mountain,Nyctalus,21.9,6.75,32.76699,517.59937,31,10.4,20.6,26.8,16.533333,27.5,14.983334,2156,377,30,74.07255,997,115,970,131,59,0.295060347,0.903703247,17.586376,3,0.9263267,1465,0.6272608,369,188.125,0,0,0,0,0,0,0,0,0,0,0,0,0
IPB24C-25,3.700439718,Summer,2023,0.954242509,22.83,112.8,Mountain,Pipistrellus,22.1375,6.9416666,30.989584,569.8051,32.3,9.9,22.4,27.433334,16.166666,28.35,14.566667,1859,311,38,67.983086,856,122,819,140,63,0.314527094,0.115803182,37.66709,3,0.84925133,8328,0.35959956,442,20.5625,1,0,0,0,0,0,0,0,0,0,0,0,0
IPB24C-26,4.247927513,Summer,2023,0.954242509,22.87,112.8,Plain,Pipistrellus,22.266666,6.9,30.80357,571.8246,32.4,10,22.400002,27.566666,16.3,28.516666,14.683333,1828,307,38,67.50456,839,123,800,141,63,0.28276588,0.091320764,45.287563,6,0.67071843,10689,0.31323633,568,5.9375,0,0,0,0,1,0,0,0,0,0,0,0,0
IPB24C-27,1.584962501,Summer,2023,0.602059991,22.87,112.8,Plain,Hypsugo,22.266666,6.9,30.80357,571.8246,32.4,10,22.400002,27.566666,16.3,28.516666,14.683333,1828,307,38,67.50456,839,123,800,141,63,0.28276588,0.091320764,45.287563,6,0.67071843,10689,0.31323633,568,5.9375,0,0,0,0,1,0,0,0,0,0,0,0,0
IPB24C-28,5.376629167,Summer,2023,0.602059991,23.12,115.21,Mountain,Hipposideros,21.345833,6.891667,32.204052,542.0603,30.8,9.4,21.4,27.233334,15.783334,27.233334,14.166667,1687,272,29,66.44079,767,106,767,137,61,0.719657036,0.602460582,19.728195,3,1,1800,0.5273784,301,123.5625,0,0,0,0,0,0,1,0,0,0,0,0,0
IPB24C-29,2.807354922,Summer,2023,0.602059991,23.34,114.46,Mountain,Pipistrellus,21.929167,7.541667,32.507183,573.34924,32.2,9,23.2,27.166666,15.9,28.166666,14.3,1830,317,33,68.03176,848,117,805,153,62,0.004473875,0.039648897,33.51749,1,1,1863,0.52575254,364,26.5,0,0,0,1,0,0,0,0,0,0,0,0,0
IPB24C-30,5.07214016,Spring,2023,1.255272505,23.31,114.4,Mountain,Rhinolophus,20.204166,7.1416664,31.882439,557.9567,30.2,7.8,22.400002,25.35,14.416667,26.300001,12.8,1916,326,34,68.24749,878,118,855,156,64,0.045318286,0.101398102,10.581357,2,0.951632,1777,0.941392,347,395.9375,1,0,0,0,0,0,0,0,0,0,0,0,0
IPB24C-32,6.436704346,Spring,2023,0.301029996,24.88,115.94,Mountain,Pipistrellus,19.970833,8.958334,33.179012,649.92114,32.5,5.5,27,23.416666,13.05,27.266666,11.433333,1563,252,34,58.48524,697,134,549,176,71,0.651702101,0.204438882,25.147472,3,0.8536686,684,0.39967817,166,222.625,0,0,0,0,0,0,1,0,0,0,0,0,0
IPB24C-58,0.918295834,Summer,2023,1.505149978,31.36,118.45,Plain,Pipistrellus,16.0125,8.341666,25.43191,918.42786,32,-0.8,32.8,24.7,4.4,27.016666,4.4,1158,185,30,51.763706,486,123,478,123,52,0.067050251,0.102850957,50,6,0.7556972,5242,0.3731368,748,7.625,0,0,0,0,1,0,0,0,0,0,0,0,0
IPB24C-59,1,Summer,2023,1.505149978,31.36,118.45,Plain,Pipistrellus,16.0125,8.341666,25.43191,918.42786,32,-0.8,32.8,24.7,4.4,27.016666,4.4,1158,185,30,51.763706,486,123,478,123,52,0.067050251,0.102850957,50,6,0.7556972,5242,0.3731368,748,7.625,0,0,0,0,1,0,0,0,0,0,0,0,0
IPB24C-60,2.584962501,Summer,2023,1.505149978,31.36,118.45,Plain,Pipistrellus,16.0125,8.341666,25.43191,918.42786,32,-0.8,32.8,24.7,4.4,27.016666,4.4,1158,185,30,51.763706,486,123,478,123,52,0.067050251,0.102850957,50,6,0.7556972,5242,0.3731368,748,7.625,0,0,0,0,1,0,0,0,0,0,0,0,0
IPB24C-61,0.970950594,Summer,2023,1.505149978,31.36,118.45,Plain,Pipistrellus,16.0125,8.341666,25.43191,918.42786,32,-0.8,32.8,24.7,4.4,27.016666,4.4,1158,185,30,51.763706,486,123,478,123,52,0.067050251,0.102850957,50,6,0.7556972,5242,0.3731368,748,7.625,0,0,0,0,1,0,0,0,0,0,0,0,0
IPB24C-62,7.093106221,Summer,2023,1.505149978,31.36,118.45,Plain,Pipistrellus,16.0125,8.341666,25.43191,918.42786,32,-0.8,32.8,24.7,4.4,27.016666,4.4,1158,185,30,51.763706,486,123,478,123,52,0.067050251,0.102850957,50,6,0.7556972,5242,0.3731368,748,7.625,0,0,0,0,1,0,0,0,0,0,0,0,0
IPB24C-63,6.658752281,Summer,2023,1.505149978,31.36,118.45,Plain,Pipistrellus,16.0125,8.341666,25.43191,918.42786,32,-0.8,32.8,24.7,4.4,27.016666,4.4,1158,185,30,51.763706,486,123,478,123,52,0.067050251,0.102850957,50,6,0.7556972,5242,0.3731368,748,7.625,0,0,0,0,1,0,0,0,0,0,0,0,0
IPB24C-65,1.5,Summer,2023,1.505149978,31.36,118.45,Plain,Pipistrellus,16.0125,8.341666,25.43191,918.42786,32,-0.8,32.8,24.7,4.4,27.016666,4.4,1158,185,30,51.763706,486,123,478,123,52,0.067050251,0.102850957,50,6,0.7556972,5242,0.3731368,748,7.625,0,0,0,0,1,0,0,0,0,0,0,0,0
IPB24C-66,6.715569828,Summer,2023,1.491361694,31.36,118.45,Plain,Pipistrellus,16.0125,8.341666,25.43191,918.42786,32,-0.8,32.8,24.7,4.4,27.016666,4.4,1158,185,30,51.763706,486,123,478,123,52,0.067050251,0.102850957,50,6,0.7556972,5242,0.3731368,748,7.625,0,0,0,0,1,0,0,0,0,0,0,0,0
IPB24C-68,7.480928794,Summer,2023,1.491361694,31.35,118.45,Plain,Pipistrellus,16.041666,8.316667,25.35569,917.62006,32,-0.8,32.8,24.7,4.4166665,27.033333,4.4166665,1163,184,30,51.43655,486,124,479,124,53,0.059667269,0.096216366,50,1,0.7723293,5242,0.39967537,748,8.25,0,0,0,0,1,0,0,0,0,0,0,0,0
IPB24C-69,5.603586383,Spring,2023,1.431363764,31.35,118.45,Plain,Pipistrellus,16.041666,8.316667,25.35569,917.62006,32,-0.8,32.8,24.7,4.4166665,27.033333,4.4166665,1163,184,30,51.43655,486,124,479,124,53,0.059667269,0.096216366,50,1,0.7723293,5242,0.39967537,748,8.25,0,0,0,0,1,0,0,0,0,0,0,0,0
IPB24C-70,6.804214899,Spring,2023,1.431363764,31.35,118.45,Plain,Pipistrellus,16.041666,8.316667,25.35569,917.62006,32,-0.8,32.8,24.7,4.4166665,27.033333,4.4166665,1163,184,30,51.43655,486,124,479,124,53,0.059667269,0.096216366,50,1,0.7723293,5242,0.39967537,748,8.25,0,0,0,0,1,0,0,0,0,0,0,0,0
IPB24C-71,3.664497779,Spring,2023,1.414973348,31.35,118.45,Plain,Pipistrellus,16.041666,8.316667,25.35569,917.62006,32,-0.8,32.8,24.7,4.4166665,27.033333,4.4166665,1163,184,30,51.43655,486,124,479,124,53,0.059667269,0.096216366,50,1,0.7723293,5242,0.39967537,748,8.25,0,0,0,0,1,0,0,0,0,0,0,0,0
IPB24C-72,0,Spring,2023,1.414973348,31.35,118.45,Plain,Pipistrellus,16.041666,8.316667,25.35569,917.62006,32,-0.8,32.8,24.7,4.4166665,27.033333,4.4166665,1163,184,30,51.43655,486,124,479,124,53,0.059667269,0.096216366,50,1,0.7723293,5242,0.39967537,748,8.25,0,0,0,0,1,0,0,0,0,0,0,0,0
IPB24C-73,7.091241342,Spring,2023,1.414973348,31.35,118.45,Plain,Pipistrellus,16.041666,8.316667,25.35569,917.62006,32,-0.8,32.8,24.7,4.4166665,27.033333,4.4166665,1163,184,30,51.43655,486,124,479,124,53,0.059667269,0.096216366,50,1,0.7723293,5242,0.39967537,748,8.25,0,0,0,0,1,0,0,0,0,0,0,0,0
IPB24C-74,5.996696162,Spring,2023,1.447158031,31.36,118.46,Plain,Pipistrellus,16.008333,8.333333,25.406504,917.99146,32,-0.8,32.8,24.683334,4.4,27,4.4,1158,184,30,51.389164,484,123,476,123,52,0.073369522,0.109692647,50,6,0.7071454,5315,0.34757376,759,7.625,0,0,0,0,0,0,1,0,0,0,0,0,0
IPB24C-76,6.549866659,Spring,2023,1.447158031,31.35,118.45,Plain,Pipistrellus,16.041666,8.316667,25.35569,917.62006,32,-0.8,32.8,24.7,4.4166665,27.033333,4.4166665,1163,184,30,51.43655,486,124,479,124,53,0.061075573,0.097771495,40.90499,1,0.7723293,5242,0.45285824,748,8.25,0,0,0,0,1,0,0,0,0,0,0,0,0
IPB24C-77,6.952046682,Spring,2023,1.431363764,31.35,118.45,Plain,Pipistrellus,16.041666,8.316667,25.35569,917.62006,32,-0.8,32.8,24.7,4.4166665,27.033333,4.4166665,1163,184,30,51.43655,486,124,479,124,53,0.061075573,0.097771495,40.90499,1,0.7723293,5242,0.45285824,748,8.25,0,0,0,0,1,0,0,0,0,0,0,0,0
IPB24C-78,6.616500319,Spring,2023,1.431363764,31.35,118.45,Plain,Pipistrellus,16.041666,8.316667,25.35569,917.62006,32,-0.8,32.8,24.7,4.4166665,27.033333,4.4166665,1163,184,30,51.43655,486,124,479,124,53,0.061075573,0.097771495,40.90499,1,0.7723293,5242,0.45285824,748,8.25,0,0,0,0,1,0,0,0,0,0,0,0,0
IPB24C-79,1,Spring,2023,1.431363764,31.35,118.45,Plain,Pipistrellus,16.041666,8.316667,25.35569,917.62006,32,-0.8,32.8,24.7,4.4166665,27.033333,4.4166665,1163,184,30,51.43655,486,124,479,124,53,0.061075573,0.097771495,40.90499,1,0.7723293,5242,0.45285824,748,8.25,0,0,0,0,1,0,0,0,0,0,0,0,0
IPB24C-82,5.402569011,Summer,2023,1.431363764,31.35,118.45,Plain,Pipistrellus,16.041666,8.316667,25.35569,917.62006,32,-0.8,32.8,24.7,4.4166665,27.033333,4.4166665,1163,184,30,51.43655,486,124,479,124,53,0.061075573,0.097771495,40.90499,1,0.7723293,5242,0.45285824,748,8.25,0,0,0,0,1,0,0,0,0,0,0,0,0
IPB24C-83,5.222274414,Summer,2023,1.431363764,31.35,118.45,Plain,Pipistrellus,16.041666,8.316667,25.35569,917.62006,32,-0.8,32.8,24.7,4.4166665,27.033333,4.4166665,1163,184,30,51.43655,486,124,479,124,53,0.061075573,0.097771495,40.90499,1,0.7723293,5242,0.45285824,748,8.25,0,0,0,0,1,0,0,0,0,0,0,0,0
IPB24C-84,6.138875234,Summer,2023,1.431363764,31.36,118.4,Mesa,Pipistrellus,16.25,8.3,25.227962,921.18256,32.4,-0.5,32.9,24.95,4.5666666,27.283333,4.5666666,1180,189,31,51.985764,496,126,492,126,52,0.015261037,0.048782373,48.884754,6,0.5918536,6960,0.4207216,994,14.5,1,0,0,0,0,0,0,0,0,0,0,0,0
IPB24C-86,4.512647281,Summer,2023,1.447158031,31.35,118.43,Plain,Pipistrellus,16.091667,8.266666,25.203253,918.1722,32.1,-0.7,32.8,24.766666,4.4666667,27.083334,4.4666667,1166,184,31,51.37056,487,125,481,125,53,0.046490632,0.082871177,50,6,0.8540533,6025,0.35234866,860,7.1875,0,0,0,0,1,0,0,0,0,0,0,0,0
IPB24C-88,1.584962501,Summer,2023,1.447158031,31.35,118.43,Plain,Pipistrellus,16.091667,8.266666,25.203253,918.1722,32.1,-0.7,32.8,24.766666,4.4666667,27.083334,4.4666667,1166,184,31,51.37056,487,125,481,125,53,0.046490632,0.082871177,50,6,0.8540533,6025,0.35234866,860,7.1875,0,0,0,0,1,0,0,0,0,0,0,0,0
IPB24C-89,5.14408266,Summer,2023,1.447158031,31.35,118.43,Plain,Pipistrellus,16.091667,8.266666,25.203253,918.1722,32.1,-0.7,32.8,24.766666,4.4666667,27.083334,4.4666667,1166,184,31,51.37056,487,125,481,125,53,0.046490632,0.082871177,50,6,0.8540533,6025,0.35234866,860,7.1875,0,0,0,0,1,0,0,0,0,0,0,0,0
IPB24C-90,6.442768638,Summer,2023,1.431363764,31.35,118.43,Plain,Pipistrellus,16.091667,8.266666,25.203253,918.1722,32.1,-0.7,32.8,24.766666,4.4666667,27.083334,4.4666667,1166,184,31,51.37056,487,125,481,125,53,0.046490632,0.082871177,50,6,0.8540533,6025,0.35234866,860,7.1875,0,0,0,0,1,0,0,0,0,0,0,0,0
IPB24C-91,5.309101316,Summer,2023,1.431363764,31.35,118.43,Plain,Pipistrellus,16.091667,8.266666,25.203253,918.1722,32.1,-0.7,32.8,24.766666,4.4666667,27.083334,4.4666667,1166,184,31,51.37056,487,125,481,125,53,0.046490632,0.082871177,50,6,0.8540533,6025,0.35234866,860,7.1875,0,0,0,0,1,0,0,0,0,0,0,0,0
IPB24C-92,5.884513436,Summer,2023,1.431363764,31.35,118.43,Plain,Pipistrellus,16.091667,8.266666,25.203253,918.1722,32.1,-0.7,32.8,24.766666,4.4666667,27.083334,4.4666667,1166,184,31,51.37056,487,125,481,125,53,0.046490632,0.082871177,50,6,0.8540533,6025,0.35234866,860,7.1875,0,0,0,0,1,0,0,0,0,0,0,0,0
IPB24C-95,6.309158682,Summer,2023,1.51851394,31.35,118.43,Plain,Pipistrellus,16.091667,8.266666,25.203253,918.1722,32.1,-0.7,32.8,24.766666,4.4666667,27.083334,4.4666667,1166,184,31,51.37056,487,125,481,125,53,0.046490632,0.082871177,50,6,0.8540533,6025,0.35234866,860,7.1875,0,0,0,0,1,0,0,0,0,0,0,0,0
IPB24C-96,5.383304181,Summer,2023,1.505149978,31.35,118.43,Plain,Pipistrellus,16.091667,8.266666,25.203253,918.1722,32.1,-0.7,32.8,24.766666,4.4666667,27.083334,4.4666667,1166,184,31,51.37056,487,125,481,125,53,0.046490632,0.082871177,50,6,0.8540533,6025,0.35234866,860,7.1875,0,0,0,0,1,0,0,0,0,0,0,0,0
IPB24C-97,7.075237968,Summer,2023,1.505149978,31.35,118.43,Plain,Pipistrellus,16.091667,8.266666,25.203253,918.1722,32.1,-0.7,32.8,24.766666,4.4666667,27.083334,4.4666667,1166,184,31,51.37056,487,125,481,125,53,0.046490632,0.082871177,50,6,0.8540533,6025,0.35234866,860,7.1875,0,0,0,0,1,0,0,0,0,0,0,0,0
IPB24C-99,6.346138777,Summer,2023,1.342422681,31.32,118.5,Plain,Pipistrellus,16.004166,8.158333,25.102564,910.86487,31.8,-0.7,32.5,24.6,6.583333,26.916666,4.4666667,1165,186,30,51.39881,486,123,478,124,52,0.112397845,0.144311584,35.260513,1,0.9478976,5198,0.58186984,742,8.375,0,0,0,0,0,0,1,0,0,0,0,0,0
IPB24D-33,1.584962501,Spring,2023,0.301029996,24.57,115.89,Hill,Pipistrellus,20.725,8.8,33.716476,624.95636,32.8,6.7,26.099998,24.016666,14.1,27.716667,12.5,1573,251,31,58.159573,686,129,568,172,66,0.391702527,0.297554273,38.098312,6,0.7525043,1391,0.3135634,339,159.125,0,0,0,0,0,0,0,0,0,0,0,1,0
IPB24D-34,7.244966902,Spring,2023,0.477121255,24.89,115.96,Mountain,Myotis,19.979166,8.941667,33.117287,649.1444,32.5,5.5,27,23.416666,13.083333,27.266666,11.45,1556,251,33,58.269665,694,134,543,175,71,0.653581529,0.221089139,19.680363,3,0.9314301,587,0.4801223,143,218.8125,0,0,0,0,0,0,0,0,0,0,0,1,0
IPB24D-35,2.128085279,Spring,2023,0.301029996,24.43,112.18,Mountain,Myotis,16.2625,7.4083333,29.39815,655.37335,27.9,2.7,25.199999,19.866667,9.5,23.616667,7.6666665,1706,300,43,62.014824,790,139,632,191,72,0.969746421,1.091482155,3.0764015,2,0.94314176,442,0.88415533,104,923.5625,1,0,0,0,0,0,0,0,0,0,0,0,0
IPB24D-36,3.807354922,Spring,2023,0.477121255,24.43,112.18,Mountain,Myotis,16.2625,7.4083333,29.39815,655.37335,27.9,2.7,25.199999,19.866667,9.5,23.616667,7.6666665,1706,300,43,62.014824,790,139,632,191,72,0.969746421,1.091482155,3.0764015,2,0.94314176,442,0.88415533,104,923.5625,1,0,0,0,0,0,0,0,0,0,0,0,0
IPB24D-38,5.277613437,Spring,2023,0.77815125,25.05,113.77,Mesa,Pipistrellus,19.9125,8.108333,29.592457,711.97906,33.1,5.7,27.399998,23.733334,12.433333,28.099998,10.733334,1513,256,36,62.152122,717,123,528,173,71,0.270260988,0.060175439,32.329018,3,0.924291,563,0.5150277,101,112.375,1,0,0,0,0,0,0,0,0,0,0,0,0
IPB24D-39,1.584962501,Spring,2023,0.301029996,25.28,113.06,Mountain,Rhinolophus,19.025,8.099999,28.421053,747.5946,32.8,4.3,28.5,23.083334,11.15,27.666666,9.383333,1415,241,35,60.02564,661,121,503,148,77,0.003040505,0.706505044,45.535725,3,0.93778634,1189,0.40427107,370,209.625,0,0,0,0,0,0,0,0,0,0,0,0,1
IPB24D-41,1.49111485,Spring,2023,0.602059991,25.05,113.77,Mesa,Myotis,19.9125,8.108333,29.592457,711.97906,33.1,5.7,27.399998,23.733334,12.433333,28.099998,10.733334,1513,256,36,62.152122,717,123,528,173,71,0.270260988,0.060175439,32.329018,3,0.924291,563,0.5150277,101,112.375,1,0,0,0,0,0,0,0,0,0,0,0,0
IPB24D-42,4.277613437,Spring,2023,0.301029996,25.01,113.64,Mountain,Rhinolophus,19.033333,8.166667,30.024511,700.3581,32.1,4.9,27.199999,22.8,11.683333,27.083332,10,1534,261,38,63.086155,733,121,539,176,71,0.152642928,0.133476384,7.190371,2,1,467,0.79503065,83,334.3125,0,0,0,1,0,0,0,0,0,0,0,0,0
IPB24D-43,4.169925001,Spring,2023,0.477121255,25.05,113.77,Mesa,Megaderma,19.9125,8.108333,29.592457,711.97906,33.1,5.7,27.399998,23.733334,12.433333,28.099998,10.733334,1513,256,36,62.152122,717,123,528,173,71,0.270260988,0.060175439,32.329018,3,0.924291,563,0.5150277,101,112.375,1,0,0,0,0,0,0,0,0,0,0,0,0
IPB24D-46,3.689891669,Summer,2023,0.77815125,22.6,114.18,Mountain,Myotis,22.329166,6.3416667,31.086601,525.0561,31.4,11,20.4,28.016666,17,28.016666,15.35,2019,362,27,77.70664,1025,95,1025,104,62,0.064585566,0.452370715,39.004654,3,1,154902,0.5331848,10134,68.375,1,0,0,0,0,0,0,0,0,0,0,0,0
IPB24D-47,3.459431619,Summer,2023,0.698970004,23.15,112.54,Mountain,Pipistrellus,21.883333,7.116667,31.350956,580.66705,32.3,9.6,22.699999,27.266666,15.866667,28.216667,14.183333,1768,304,38,66.25559,805,123,751,149,62,0.00739143,0.028416669,41.321068,3,0.89493245,2148,0.42394993,353,30.3125,0,0,0,0,0,0,0,1,0,0,0,0,0
IPB24D-48,3.584962501,Summer,2023,0.602059991,23.17,112.54,Mountain,Tylonycteris,21.204166,7.108333,31.314243,576.36975,31.6,8.9,22.7,26.550001,15.216666,27.5,13.549999,1791,308,38,66.35949,812,122,758,152,63,0.001443218,0.037014816,25.967974,3,0.91658473,2100,0.8353554,345,187.8125,1,0,0,0,0,0,0,0,0,0,0,0,0
IPB24D-50,4.087462841,Summer,2023,0.477121255,23.17,112.54,Mountain,Myotis,21.204166,7.108333,31.314243,576.36975,31.6,8.9,22.7,26.550001,15.216666,27.5,13.549999,1791,308,38,66.35949,812,122,758,152,63,0.001443218,0.037014816,25.967974,3,0.91658473,2100,0.8353554,345,187.8125,1,0,0,0,0,0,0,0,0,0,0,0,0
IPB24D-51,5.469670487,Summer,2023,0.301029996,23.17,112.54,Mountain,Hipposideros,21.204166,7.108333,31.314243,576.36975,31.6,8.9,22.7,26.550001,15.216666,27.5,13.549999,1791,308,38,66.35949,812,122,758,152,63,0.001443218,0.037014816,25.967974,3,0.91658473,2100,0.8353554,345,187.8125,1,0,0,0,0,0,0,0,0,0,0,0,0
IPB24D-52,4.82996615,Summer,2023,0.77815125,22.36,113.49,Mountain,Pipistrellus,22.545834,6.041666,29.328478,540.90186,31.8,11.2,20.599998,28.433334,17.033333,28.433334,15.4,1984,330,33,74.59419,952,106,952,119,61,0.639321506,0.147816479,45.05748,3,0.8114894,58094,0.3806589,3439,6.6875,0,0,0,0,0,0,0,0,0,0,0,0,0
IPB24D-54,3.321928095,Summer,2023,0.602059991,22.1,113.55,Plain,Pipistrellus,22.383333,5.2,26.943005,526.03723,31.1,11.8,19.3,28.1,17.133333,28.1,15.416667,1968,334,26,75.46278,931,91,931,105,13,0.675238504,0.194490261,33.7270962,9,0.90110993,35744,0.39306358,2116,21.5,1,0,0,0,0,0,0,0,0,0,0,0,0
IPB24D-56,5.551730526,Summer,2023,1.361727836,31.36,118.4,Mesa,Pipistrellus,16.25,8.3,25.227962,921.18256,32.4,-0.5,32.9,24.95,4.5666666,27.283333,4.5666666,1180,189,31,51.985764,496,126,492,126,52,0.015261037,0.048782373,48.884754,6,0.5918536,6960,0.4207216,994,14.5,1,0,0,0,0,0,0,0,0,0,0,0,0
IPB24E-170,3.961409081,Winter,2024,0.301029996,24.36,99.04,Mountain,Rhinolophus,21.158333,11.633333,48.071625,434.67245,30.6,6.4,24.2,25.4,15.016667,25.4,15.016667,1449,336,14,95.337135,890,51,890,51,124,1.709779232,0.026513763,23.023443,3,0.95579374,400,0.46691987,88,798,0,0,0,0,0,0,1,0,0,0,0,0,0
IPB24E-171,7.209081696,Winter,2024,1.342422681,25.12,98.41,Mountain,Rhinolophus,15.525,10.833333,47.723938,443.1473,23.9,1.2,22.699999,20.083334,9.400001,20.083334,9.400001,1506,299,15,80.984276,814,66,814,66,102.2,1.061545836,0.438035177,6.853378,2,1,516,0.9358201,117,1754.4375,0,0,0,0,0,0,0,0,0,0,0,1,0
IPB24E-172,6.896337612,Winter,2024,1.380211242,25.12,98.41,Mountain,Rhinolophus,15.525,10.833333,47.723938,443.1473,23.9,1.2,22.699999,20.083334,9.400001,20.083334,9.400001,1506,299,15,80.984276,814,66,814,66,102.2,1.061545836,0.438035177,6.853378,2,1,516,0.9358201,117,1754.4375,0,0,0,0,0,0,0,0,0,0,0,1,0
IPB24E-174,3.698089277,Winter,2024,0.301029996,23.11,107.55,Hill,Rhinolophus,21.641666,7.5,32.75109,580.2344,32,9.1,22.9,28.05,15.583334,28.05,13.900001,1558,275,34,75.20437,817,114,817,132,91,0.134037638,0.14276144,15.715655,3,0.96604675,395,0.41491997,129,348.375,0,1,0,0,0,0,0,0,0,0,0,0,0
IPB24E-175,6.02159838,Winter,2024,0.477121255,22.49,99.69,Mountain,Rhinolophus,20.145834,12.541667,52.040108,364.24554,30.2,6.1,24.1,23.55,16.466667,23.55,14.966666,1512,301,11,86.610916,824,37,824,46,108,2.002505936,0.705087626,16.819818,3,0.97046554,499,0.5029502,140,1152.0625,0,0,0,0,0,0,0,0,0,0,0,0,0
IPB24E-177,4.715111377,Winter,2024,0.477121255,22.49,99.69,Mountain,Rhinolophus,20.145834,12.541667,52.040108,364.24554,30.2,6.1,24.1,23.55,16.466667,23.55,14.966666,1512,301,11,86.610916,824,37,824,46,108,2.002505936,0.705087626,16.819818,3,0.97046554,499,0.5029502,140,1152.0625,0,0,0,0,0,0,0,0,0,0,0,0,0
IPB24E-179,6.217545329,Winter,2024,1.301029996,25.26,98.84,Mountain,Hipposideros,20.116667,11.150001,47.046413,448.10373,29.5,5.8,23.7,24.666666,13.9,24.666666,13.9,1472,309,16,85.39352,840,69,840,69,108,1.425121894,0.013351847,16.401068,3,0.8915574,670,0.47175044,153,962,0,0,0,0,0,0,0,0,0,0,1,0,0
IPB24E-180,5.576977058,Winter,2024,0.903089987,21.63,100.24,Mountain,Hipposideros,19.875,11.2,51.612904,321.9507,29.2,7.5,21.7,22.483334,16.766666,22.85,15.316667,1521,306,13,84.115456,801,51,664,57,107,2.822752199,0.584670505,9.4387245,3,0.9662568,189,0.63200766,41,1317.6875,0,0,0,0,0,1,0,0,0,0,0,0,0
IPB24E-181,4.310443058,Winter,2024,0.477121255,24.23,98.43,Mountain,Rhinolophus,17.05,11.35,49.347828,408.5729,25.8,2.8,23,21.133333,11.333333,21.133333,11.333333,1496,320,12,88.401115,853,50,853,50,119,1.442553888,0.107162607,8.140874,2,0.9818974,532,0.8173653,132,1676.3125,0,1,0,0,0,0,0,0,0,0,0,0,0
IPB24E-182,6.085229077,Winter,2024,0.954242509,23,101.96,Mountain,Rhinolophus,16.695833,10.091667,50.968018,367.07355,24.8,5,19.8,20.416666,11.616667,20.416666,11.616667,1276,261,19,84.58957,718,61,718,61,117,0.873638915,0.176673146,23.48891,3,0.90130967,169,0.49317113,67,1804.25,0,1,0,0,0,0,0,0,0,0,0,0,0
IPB24E-183,4.489665461,Winter,2024,0.301029996,23.31,99.33,Mountain,Rhinolophus,18.954166,12.191667,51.659607,385.40097,28.4,4.8,23.599998,22.75,14.983334,22.75,13.55,1418,299,10,88.474655,795,39,795,44,112,1.625339936,0.587446712,10.845089,2,0.98893285,187,0.6979989,58,1540.0625,0,0,0,1,0,0,0,0,0,0,0,0,0
IPB24E-188,6.873551149,Winter,2024,1.146128036,24.44,97.54,Mountain,Aselliscus,22.966667,10.650001,46.916298,405.54865,31.7,9,22.7,26.516666,17.05,26.516666,17.05,1715,400,9,101.90021,1092,36,899,36,110,0.964711587,0.35152404,18.516607,2.4,0.990526056,193,0.39306358,48,333,0,0,0,0,0,0,0,0,0,0,1,0,0
IPB24E-189,4.208884071,Winter,2024,0.602059991,23.64,99.55,Mountain,Aselliscus,20.154167,12.425,50.714287,408.05225,30,5.5,24.5,24.166668,16.016666,24.166668,14.433333,1359,293,11,90.96195,790,42,790,43,120,1.932856974,0.597789857,10.789022,2,0.906916,300,0.7151148,70,1241.5,0,0,0,0,0,0,0,0,0,0,0,0,0
IPB24E-191,3.972625163,Winter,2024,0.477121255,23.34,104.52,Mountain,Rhinolophus,16.458334,8.533334,42.036125,468.67722,25.2,4.9,20.300001,21.433334,10,21.433334,10,1430,321,12,88.73514,815,54,815,54,90,0.769853665,0.910574959,10.29351,3,0.9755342,338,0.45917958,122,1435.375,0,0,0,0,0,0,0,0,0,0,1,0,0
IPB24E-192,6.051428324,Winter,2024,0.301029996,22.36,99.79,Mountain,Miniopterus,18.925,12.35,52.109707,347.991,28.9,5.2,23.7,22.2,15.483334,22.2,14,1511,298,13,84.75659,809,42,809,56,107,2.128452976,0.663193519,6.10511,2,1,95,0.6184858,34,1449.5,0,0,0,0,0,0,0,0,0,0,0,0,0
IPB24E-193,3.720437014,Winter,2024,0.301029996,24.36,99.04,Mountain,Rhinolophus,21.158333,11.633333,48.071625,434.67245,30.6,6.4,24.2,25.4,15.016667,25.4,15.016667,1449,336,14,95.337135,890,51,890,51,124,1.709779232,0.026513763,23.023443,3,0.95579374,400,0.46691987,88,798,0,0,0,0,0,0,1,0,0,0,0,0,0
IPB24E-194,7.513252462,Winter,2024,1,24.23,98.43,Mountain,Rhinolophus,17.05,11.35,49.347828,408.5729,25.8,2.8,23,21.133333,11.333333,21.133333,11.333333,1496,320,12,88.401115,853,50,853,50,119,1.442553888,0.107162607,8.140874,2,0.9818974,532,0.8173653,132,1676.3125,0,1,0,0,0,0,0,0,0,0,0,0,0
IPB24E-195,4.438133203,Winter,2024,0.301029996,23,101.96,Mountain,Rhinolophus,16.695833,10.091667,50.968018,367.07355,24.8,5,19.8,20.416666,11.616667,20.416666,11.616667,1276,261,19,84.58957,718,61,718,61,117,0.873638915,0.176673146,23.48891,3,0.90130967,169,0.49317113,67,1804.25,0,1,0,0,0,0,0,0,0,0,0,0,0
IPB24E-196,6.655105726,Winter,2024,1.431363764,22.36,99.79,Mountain,Rhinolophus,18.925,12.35,52.109707,347.991,28.9,5.2,23.7,22.2,15.483334,22.2,14,1511,298,13,84.75659,809,42,809,56,107,2.128452976,0.663193519,6.10511,2,1,95,0.6184858,34,1449.5,0,0,0,0,0,0,0,0,0,0,0,0,0
IPB24E-197,6.345684048,Winter,2024,1.414973348,22.36,99.79,Mountain,Rhinolophus,18.925,12.35,52.109707,347.991,28.9,5.2,23.7,22.2,15.483334,22.2,14,1511,298,13,84.75659,809,42,809,56,107,2.128452976,0.663193519,6.10511,2,1,95,0.6184858,34,1449.5,0,0,0,0,0,0,0,0,0,0,0,0,0
IPB24E-198,5.00291008,Winter,2024,0.954242509,22.74,99.82,Mountain,Rhinolophus,18.1875,12.375,52.436443,356.8812,27.9,4.3,23.599998,21.666668,14.583334,21.666668,13.183333,1485,302,14,86.43074,815,43,815,54,114,2.090404011,0.461796934,12.384061,2,0.90091014,122,0.6916136,44,1652.125,0,0,0,0,0,0,0,0,0,0,1,0,0
IPB24E-199,4.011856672,Winter,2024,0.301029996,22.49,99.69,Mountain,Rhinolophus,20.145834,12.541667,52.040108,364.24554,30.2,6.1,24.1,23.55,16.466667,23.55,14.966666,1512,301,11,86.610916,824,37,824,46,108,2.002505936,0.705087626,16.819818,3,0.97046554,499,0.5029502,140,1152.0625,0,0,0,0,0,0,0,0,0,0,0,0,0
IPB24E-200,6.066478777,Winter,2024,1.380211242,22.45,99.69,Mountain,Rhinolophus,20.158333,12.566667,51.928375,365.33194,30.3,6.1,24.199999,23.566668,16.466667,23.566668,14.966666,1505,298,11,86.45075,818,37,818,46,108,2.007465938,0.72056071,6.4889183,2,0.9406672,495,0.5322092,139,1155.75,0,0,0,0,0,0,0,0,0,0,0,1,0
IPB24G-202,6.67033743,Winter,2024,1.380211242,25.12,98.41,Mountain,Rhinolophus,15.525,10.833333,47.723938,443.1473,23.9,1.2,22.699999,20.083334,9.400001,20.083334,9.400001,1506,299,15,80.984276,814,66,814,66,102.2,1.061545836,0.438035177,6.853378,2,1,516,0.9358201,117,1754.4375,0,0,0,0,0,0,0,0,0,0,0,1,0
IPB24G-203,7.773284766,Winter,2024,1.380211242,25.12,98.41,Mountain,Rhinolophus,15.525,10.833333,47.723938,443.1473,23.9,1.2,22.699999,20.083334,9.400001,20.083334,9.400001,1506,299,15,80.984276,814,66,814,66,102.2,1.061545836,0.438035177,6.853378,2,1,516,0.9358201,117,1754.4375,0,0,0,0,0,0,0,0,0,0,0,1,0
IPB24G-204,6.267172582,Winter,2024,1.380211242,25.12,98.41,Mountain,Rhinolophus,15.525,10.833333,47.723938,443.1473,23.9,1.2,22.699999,20.083334,9.400001,20.083334,9.400001,1506,299,15,80.984276,814,66,814,66,102.2,1.061545836,0.438035177,6.853378,2,1,516,0.9358201,117,1754.4375,0,0,0,0,0,0,0,0,0,0,0,1,0
IPB24G-206,6.022320044,Winter,2024,1.176091259,21.63,100.24,Mountain,Rhinolophus,19.875,11.2,51.612904,321.9507,29.2,7.5,21.7,22.483334,16.766666,22.85,15.316667,1521,306,13,84.115456,801,51,664,57,107,2.822752199,0.584670505,9.4387245,3,0.9662568,189,0.63200766,41,1317.6875,0,0,0,0,0,1,0,0,0,0,0,0,0
IPB24G-207,5.062086647,Summer,2024,0.301029996,25.47,105.02,Mountain,Murina,14.391666,8.533334,36.78161,555.0341,24.7,1.5,23.2,20.516666,6.85,20.516666,6.85,1265,249,19,80.54323,674,62,674,62,91,0.600573538,0.505083746,13.282139,2,0.97680444,647,0.6323483,157,1690,1,0,0,0,0,0,0,0,0,0,0,0,0
IPB24G-209,6.825180744,Summer,2024,1.278753601,25.84,105.26,Mountain,Rhinolophus,14.954166,8.125,34.138657,589.4121,25.8,2,23.8,21.516666,6.983333,21.516666,6.983333,1261,250,20,78.712814,657,64,657,64,88,0.387187132,0.525781241,28.158657,1,0.91618043,610,0.42653716,161,1534.75,0,0,0,0,0,0,0,0,0,0,0,0,0
IPB24G-210,4.468426198,Summer,2024,0.301029996,25.91,105.17,Mountain,Rhinolophus,16.266666,8.266666,34.30152,593.948,27.4,3.3,24.1,22.85,8.233334,22.85,8.233334,1235,248,19,79.36305,647,62,647,62,88,0.352638738,0.501046923,22.851887,3,1,577,0.45335028,152,1226,0,0,0,0,0,0,0,0,0,0,0,0,0
IPB24G-211,4.113032199,Summer,2024,0.301029996,25.79,104.96,Mountain,Rhinolophus,14.55,8.55,36.075947,568.8146,25.2,1.5,23.7,20.833334,6.8166666,20.833334,6.8166666,1253,254,18,81.70774,670,58,670,58,89,0.455253227,0.725288581,43.30906,3,0.81838906,1410,0.3601462,342,1620.6875,0,0,0,0,0,0,0,0,0,0,0,0,1
IPB24G-212,4.472831057,Summer,2024,0.301029996,25.69,102.37,Mountain,Rhinolophus,13.429167,10.925,46.888412,446.37152,23,-0.3,23.3,18.1,7.4,18.1,7.4,877,181,11,86.999565,494,35,494,35,93,0.465004652,0.410819644,12.352924,3,0.9149681,335,0.41764748,73,2292.9375,1,0,0,0,0,0,0,0,0,0,0,0,0
IPB24G-213,5.712837366,Summer,2024,0.301029996,26.44,102.49,Mountain,Rhinolophus,15.741667,11.233334,46.41873,471.10526,26,1.8,24.2,20.766666,9.466666,20.766666,9.466666,891,195,7,95.69637,529,23,529,23,92,0.552151792,0.096223913,12.194682,2,0.86042035,382,0.4766883,94,1909.25,1,0,0,0,0,0,0,0,0,0,0,0,0
IPB24G-214,5.942995334,Summer,2024,0.77815125,26.67,102.18,Mountain,Rhinolophus,14.629167,11.191667,46.827057,461.51166,24.6,0.7,23.9,19.616667,8.5,19.616667,8.5,941,208,8,95.425476,560,28,560,28,93,0.175634376,0.330198164,8.85449,2,0.9456211,355,0.44870833,78,2068.9375,0,0,0,0,0,0,0,0,0,0,0,1,0
IPB24G-215,6.326633413,Summer,2024,0.477121255,24.89,104.41,Mountain,Rhinolophus,16.158333,9.916667,42.378918,526.8122,26,2.6,23.4,21.75,8.916667,21.75,8.916667,1113,212,20,79.746994,599,62,599,62,91,0.759128634,0.198758473,13.748339,1,0.9259192,808,0.5383006,158,1473,0,0,0,0,0,0,0,0,0,0,0,0,0
IPB24G-216,5.142327113,Summer,2024,0.477121255,28.13,103.05,Mountain,Rhinolophus,13.370833,10.291667,38.690475,589.6588,25.4,-1.2,26.6,20.133333,5.5,20.133333,5.5,892,178,9,89.142845,506,30,506,30,93,0.440640787,0.380927474,25.464888,3,0.85848755,189,0.4082862,121,1712.8125,0,0,0,0,0,0,0,0,0,0,0,0,0
IPB24G-217,4.58823414,Summer,2024,0.698970004,28.12,103.14,Mountain,Rhinolophus,13.675,9.833333,36.828964,607.5304,25.9,-0.8,26.699999,20.616667,5.55,20.616667,5.55,885,175,10,88.17654,501,31,501,31,92,0.525313558,0.293722058,18.310114,2,0.8818797,139,0.5709136,90,1497.9375,0,0,0,1,0,0,0,0,0,0,0,0,0
IPB24G-218,6.805362892,Summer,2024,0.602059991,26.15,105.88,Mountain,Hipposideros,14.5,7.616667,30.962059,632.96204,26.1,1.5,24.6,21.7,6.0666666,21.7,6.0666666,1205,234,18,75.30131,602,61,602,61,87,0.039348888,0.244784272,18.636919,3,0.88898265,2071,0.5131438,457,1399.1875,0,0,0,1,0,0,0,0,0,0,0,0,0
IPB24G-219,4.480809578,Summer,2024,0.301029996,24.89,104.41,Mountain,Miniopterus,16.158333,9.916667,42.378918,526.8122,26,2.6,23.4,21.75,8.916667,21.75,8.916667,1113,212,20,79.746994,599,62,599,62,91,0.759128634,0.198758473,13.748339,1,0.9259192,808,0.5383006,158,1473,0,0,0,0,0,0,0,0,0,0,0,0,0
IPB24G-220,4.299953786,Summer,2024,0.301029996,25.79,104.96,Mountain,Aselliscus,14.55,8.55,36.075947,568.8146,25.2,1.5,23.7,20.833334,6.8166666,20.833334,6.8166666,1253,254,18,81.70774,670,58,670,58,89,0.455253227,0.725288581,43.30906,3,0.81838906,1410,0.3601462,342,1620.6875,0,0,0,0,0,0,0,0,0,0,0,0,1
IPB24G-221,5.219712892,Summer,2024,0.301029996,24.89,104.41,Mountain,Myotis,16.158333,9.916667,42.378918,526.8122,26,2.6,23.4,21.75,8.916667,21.75,8.916667,1113,212,20,79.746994,599,62,599,62,91,0.759128634,0.198758473,13.748339,1,0.9259192,808,0.5383006,158,1473,0,0,0,0,0,0,0,0,0,0,0,0,0
IPB24G-222,5.53975205,Summer,2024,0.477121255,25.84,105.26,Mountain,Myotis,14.954166,8.125,34.138657,589.4121,25.8,2,23.8,21.516666,6.983333,21.516666,6.983333,1261,250,20,78.712814,657,64,657,64,88,0.387187132,0.525781241,28.158657,1,0.91618043,610,0.42653716,161,1534.75,0,0,0,0,0,0,0,0,0,0,0,0,0
IPB24G-223,5.456564762,Summer,2024,0.698970004,25.47,105.02,Mountain,Myotis,14.391666,8.533334,36.78161,555.0341,24.7,1.5,23.2,20.516666,6.85,20.516666,6.85,1265,249,19,80.54323,674,62,674,62,91,0.600573538,0.505083746,13.282139,2,0.97680444,647,0.6323483,157,1690,1,0,0,0,0,0,0,0,0,0,0,0,0
IPB24G-224,6.96531675,Summer,2024,0.477121255,24.89,104.41,Mountain,Myotis,16.158333,9.916667,42.378918,526.8122,26,2.6,23.4,21.75,8.916667,21.75,8.916667,1113,212,20,79.746994,599,62,599,62,91,0.759128634,0.198758473,13.748339,1,0.9259192,808,0.5383006,158,1473,0,0,0,0,0,0,0,0,0,0,0,0,0
IPB24G-225,4.295990417,Summer,2024,0.301029996,25.69,102.37,Mountain,Myotis,13.429167,10.925,46.888412,446.37152,23,-0.3,23.3,18.1,7.4,18.1,7.4,877,181,11,86.999565,494,35,494,35,93,0.465004652,0.410819644,12.352924,3,0.9149681,335,0.41764748,73,2292.9375,1,0,0,0,0,0,0,0,0,0,0,0,0
IPB24G-227,4.32965019,Summer,2024,0.301029996,25.79,104.96,Mountain,Rhinolophus,14.55,8.55,36.075947,568.8146,25.2,1.5,23.7,20.833334,6.8166666,20.833334,6.8166666,1253,254,18,81.70774,670,58,670,58,89,0.455253227,0.725288581,43.30906,3,0.81838906,1410,0.3601462,342,1620.6875,0,0,0,0,0,0,0,0,0,0,0,0,1
IPB24G-228,4.527000823,Summer,2024,0.301029996,26.67,102.18,Mountain,Rhinolophus,14.629167,11.191667,46.827057,461.51166,24.6,0.7,23.9,19.616667,8.5,19.616667,8.5,941,208,8,95.425476,560,28,560,28,93,0.175634376,0.330198164,8.85449,2,0.9456211,355,0.44870833,78,2068.9375,0,0,0,0,0,0,0,0,0,0,0,1,0
IPB24G-229,6.807495297,Summer,2024,0.301029996,26.29,106.09,Hill,Rhinolophus,14.454166,7.975,31.27451,655.1421,26.4,0.9,25.5,20.816666,5.766667,21.916666,5.766667,1173,225,17,73.59623,580,60,571,60,90,0.022053908,0.181468955,31.690065,1,0.9304078,2605,0.45058855,575,1337.75,0,0,0,0,0,0,0,0,0,0,0,0,0
IPB24G-230,5.60294552,Summer,2024,0.301029996,25.79,104.96,Mountain,Rhinolophus,14.55,8.55,36.075947,568.8146,25.2,1.5,23.7,20.833334,6.8166666,20.833334,6.8166666,1253,254,18,81.70774,670,58,670,58,89,0.455253227,0.725288581,43.30906,3,0.81838906,1410,0.3601462,342,1620.6875,0,0,0,0,0,0,0,0,0,0,0,0,1
IPB24G-231,8.021270416,Summer,2024,1.278753601,25.47,105.02,Mountain,Rhinolophus,14.391666,8.533334,36.78161,555.0341,24.7,1.5,23.2,20.516666,6.85,20.516666,6.85,1265,249,19,80.54323,674,62,674,62,91,0.600573538,0.505083746,13.282139,2,0.97680444,647,0.6323483,157,1690,1,0,0,0,0,0,0,0,0,0,0,0,0
IPB24G-232,10.17724246,Summer,2024,1.230448921,24.89,104.41,Mountain,Rhinolophus,16.158333,9.916667,42.378918,526.8122,26,2.6,23.4,21.75,8.916667,21.75,8.916667,1113,212,20,79.746994,599,62,599,62,91,0.759128634,0.198758473,13.748339,1,0.9259192,808,0.5383006,158,1473,0,0,0,0,0,0,0,0,0,0,0,0,0
IPB24G-233,10.28054884,Summer,2024,1.204119983,24.89,104.41,Mountain,Rhinolophus,16.158333,9.916667,42.378918,526.8122,26,2.6,23.4,21.75,8.916667,21.75,8.916667,1113,212,20,79.746994,599,62,599,62,91,0.759128634,0.198758473,13.748339,1,0.9259192,808,0.5383006,158,1473,0,0,0,0,0,0,0,0,0,0,0,0,0
IPB24G-234,6.961443563,Summer,2024,0.602059991,24.89,104.41,Mountain,Rhinolophus,16.158333,9.916667,42.378918,526.8122,26,2.6,23.4,21.75,8.916667,21.75,8.916667,1113,212,20,79.746994,599,62,599,62,91,0.759128634,0.198758473,13.748339,1,0.9259192,808,0.5383006,158,1473,0,0,0,0,0,0,0,0,0,0,0,0,0
IPB24G-235,7.929303495,Summer,2024,1.176091259,25.69,102.37,Mountain,Rhinolophus,13.429167,10.925,46.888412,446.37152,23,-0.3,23.3,18.1,7.4,18.1,7.4,877,181,11,86.999565,494,35,494,35,93,0.465004652,0.410819644,12.352924,3,0.9149681,335,0.41764748,73,2292.9375,1,0,0,0,0,0,0,0,0,0,0,0,0
IPB24G-236,6.906385996,Summer,2024,1.176091259,25.69,102.37,Mountain,Rhinolophus,13.429167,10.925,46.888412,446.37152,23,-0.3,23.3,18.1,7.4,18.1,7.4,877,181,11,86.999565,494,35,494,35,93,0.465004652,0.410819644,12.352924,3,0.9149681,335,0.41764748,73,2292.9375,1,0,0,0,0,0,0,0,0,0,0,0,0
IPB24G-237,7.485402982,Summer,2024,1.176091259,25.69,102.37,Mountain,Rhinolophus,13.429167,10.925,46.888412,446.37152,23,-0.3,23.3,18.1,7.4,18.1,7.4,877,181,11,86.999565,494,35,494,35,93,0.465004652,0.410819644,12.352924,3,0.9149681,335,0.41764748,73,2292.9375,1,0,0,0,0,0,0,0,0,0,0,0,0
IPB24G-238,7.43458391,Summer,2024,1.113943352,26.5,102.58,Mountain,Rhinolophus,15.974999,11.316667,46.763084,473.98938,26.2,2,24.2,21.066666,9.666666,21.066666,9.666666,886,193,7,95.25375,524,24,524,24,91,0.585842459,0.131649398,13.581121,3,0.9320439,396,0.33342478,97,1874.8125,0,0,1,0,0,0,0,0,0,0,0,0,0
IPB24G-239,6.986396647,Summer,2024,1.146128036,26.67,102.18,Mountain,Rhinolophus,14.629167,11.191667,46.827057,461.51166,24.6,0.7,23.9,19.616667,8.5,19.616667,8.5,941,208,8,95.425476,560,28,560,28,93,0.175634376,0.330198164,8.85449,2,0.9456211,355,0.44870833,78,2068.9375,0,0,0,0,0,0,0,0,0,0,0,1,0
IPB24G-240,4.865813969,Summer,2024,0.301029996,27.71,102.31,Mountain,Rhinolophus,13.058333,10.65,44.7479,495.96936,23.2,-0.6,23.800001,18.616667,6.483333,18.616667,6.483333,928,209,4,98.02595,553,17,553,17,101,0.101383851,0.298607425,14.7073965,2,1,1787,0.54300034,297,2189.625,1,0,0,0,0,0,0,0,0,0,0,0,0
IPB24G-241,3.924920993,Summer,2024,0.477121255,28.08,103.14,Mountain,Rhinolophus,9.558333,9.916667,38.58625,575.586,21,-4.7,25.7,16.283333,1.9666668,16.283333,1.9666668,901,175,9,88.02915,495,28,495,28,91,0.544473382,0.284106312,10.900097,3,0.855016,149,0.458769,96,2543.5,0,0,0,1,0,0,0,0,0,0,0,0,0
IPB24H-129,0,Summer,2023,1.255272505,29.91,110.07,Mountain,Rhinolophus,14.5125,7.6083336,25.878685,795.5962,29.2,-0.2,29.400002,22.05,4.4166665,24.033333,4.4166665,1425,225,27,60.75473,634,92,609,92,72,0.888824461,1.121831945,15.09085,2,0.9121441,216,0.6407221,58,734.3125,1,0,0,0,0,0,0,0,0,0,0,0,0
IPB24H-133,6.162890437,Summer,2023,1.278753601,30.66,110.74,Mountain,Rhinolophus,11.804167,7.975,27.125849,786.2207,26.2,-3.2,29.400002,21.316668,1.8499999,21.316668,1.8499999,1342,216,24,60.75893,583,85,583,85,70,0.554707737,0.258593841,15.881843,2,1,665,0.6371565,130,1242.625,0,0,0,0,0,0,0,0,0,0,0,1,0
IPB4B-1,3.875,Spring,2021,1.414973348,21.38,110.15,Mesa,Pipistrellus,23.0375,6.758333,33.129086,514.75555,31.9,11.5,20.4,28.516666,17.583334,28.516666,16.1,1718,299,25,71.303116,816,102,816,105,50,0.114904073,1.538275723,31.646646,1,0.9147662,2341,0.53513634,498,21.5,0,0,0,0,0,0,0,0,0,0,0,0,0
IPB4B-13,4.859641,Summer,2021,1.255272505,25.28,110.36,Plain,Rhinolophus,19.0625,7.3083334,26.77045,745.9653,32.2,4.9,27.300001,22.9,11.466667,27.616667,9.466666,1778,332,47,65.08843,868,178,649,188,87,0.080590387,0.224408382,36.92782,3,0.87442493,55431,0.37366724,7609,165.0625,0,0,0,0,0,0,0,0,0,0,0,0,1
IPB4B-14,4.515373346,Summer,2021,1.544068044,25.28,110.36,Plain,Rhinolophus,19.0625,7.3083334,26.77045,745.9653,32.2,4.9,27.300001,22.9,11.466667,27.616667,9.466666,1778,332,47,65.08843,868,178,649,188,87,0.080590387,0.224408382,36.92782,3,0.87442493,55431,0.37366724,7609,165.0625,0,0,0,0,0,0,0,0,0,0,0,0,1
IPB4B-15,2.404009757,Summer,2021,1.361727836,25.18,110.26,Mountain,Rhinolophus,19.295834,7.4416666,27.159367,739.30084,32.5,5.1,27.4,23.1,11.75,27.766666,9.783333,1815,346,47,66.69122,895,174,675,194,85,0.064621333,0.347059212,31.816227,3,0.8806997,16540,0.48435104,2553,162.3125,0,1,0,0,0,0,0,0,0,0,0,0,0
IPB4B-16,5.247927513,Summer,2021,1.176091259,25.18,110.26,Mountain,Hipposideros,19.295834,7.4416666,27.159367,739.30084,32.5,5.1,27.4,23.1,11.75,27.766666,9.783333,1815,346,47,66.69122,895,174,675,194,85,0.064621333,0.347059212,31.816227,3,0.8806997,16540,0.48435104,2553,162.3125,0,1,0,0,0,0,0,0,0,0,0,0,0
IPB4B-2,7.068692366,Spring,2021,1.51851394,21.43,110.15,Mesa,Tylonycteris,22.975,6.7833333,33.08943,517.1623,31.9,11.4,20.5,28.5,17.516666,28.5,16.016666,1721,300,25,71.394684,819,102,819,106,50,0.105768684,1.495051501,32.17361,3,0.69729745,2421,0.41885495,515,31.375,1,0,0,0,0,0,0,0,0,0,0,0,0
IPB4B-22,4.459431619,Autumn,2021,1.301029996,30.9,119.66,Plain,Rhinolophus,15.95,8.05,25,894.2773,31.8,-0.4,32.2,26.716667,6.85,26.716667,4.7,1198,198,33,53.561787,502,125,502,144,57,0.027287653,0.65134381,40.803112,3,0.73457146,4943,0.31290585,475,10.5,0,0,0,0,1,0,0,0,0,0,0,0,0
IPB4B-25,3.499227547,Autumn,2021,1.491361694,25.72,116.89,Mountain,Pipistrellus,16.879168,8.741667,33.238274,629.31226,29.5,3.2,26.3,20.15,10.166666,24.116667,8.716666,1642,266,39,57.65052,737,147,570,187,70,0.389317794,0.372633327,3.4656641,2,0.9708873,1041,0.8126545,94,791.0625,0,1,0,0,0,0,0,0,0,0,0,0,0
IPB4B-36,5.297079328,Autumn,2021,1.397940009,21.38,110.16,Mesa,Pipistrellus,23.0375,6.758333,33.129086,514.75555,31.9,11.5,20.4,28.516666,17.583334,28.516666,16.1,1718,299,25,71.303116,816,102,816,105,50,0.108942063,1.54092827,32.009926,1,0.9147662,2058,0.5367994,438,21.5,0,0,0,0,0,0,0,0,0,0,0,0,0
IPB4B-4,5.413977073,Spring,2021,1.146128036,23.04,114.63,Mesa,Tylonycteris,22.25,7.4833326,33.25926,553.80914,32.1,9.6,22.499998,28.25,16.45,28.25,14.883333,1836,309,31,69.996376,858,107,858,133,64,0.251477105,0.116456658,39.852924,6,0.8581013,2345,0.3602823,393,22.8125,0,0,0,0,0,0,1,0,0,0,0,0,0
IPB4B-43,5.209453366,Autumn,2021,1.462397998,25.71,116.75,Mesa,Rhinolophus,19.258333,9.75,34.574467,660.7497,32.9,4.7,28.2,22.616667,12.233334,26.866667,10.716666,1576,260,37,58.591667,718,144,544,185,70,0.501681142,0.451019243,41.294426,6,0.6574085,1651,0.23280625,149,368.1875,0,0,0,0,0,0,0,0,0,0,0,0,1
IPB4B-5,3.546593564,Spring,2021,1.397940009,23.05,114.6,Mesa,Rhinolophus,22.279167,7.4416666,32.927727,557.5289,32.2,9.6,22.6,28.333332,16.433334,28.333332,14.883333,1844,314,31,70.17413,863,107,863,134,64,0.22217779,0.101431813,39.735867,6,0.84351337,12423,0.2517734,897,16.75,0,0,0,0,1,0,0,0,0,0,0,0,0
IPB4B-52,7.265806065,Autumn,2021,1.544068044,25.02,117.63,Mountain,Myotis,19.358334,8.933333,35.309616,596.0736,31.6,6.3,25.3,21.883333,13.533334,26.2,11.766666,1333,219,27,59.41627,587,104,508,140,71,0.067750994,0.997116608,22.980326,1,0.90551203,1488,0.52430886,116,341.25,0,0,0,0,0,1,0,0,0,0,0,0,0
IPB4B-57,1,Autumn,2021,1.414973348,24.51,117.65,Mesa,Rhinolophus,21.6125,8.325001,34.25926,592.2727,33.4,9.1,24.300001,23.9,16.183334,28.416668,14.166667,1225,198,27,59.725082,515,93,407,129,67,0.00823829,1.496441435,39.49203,6,0.5344545,67709,0.24164279,5758,18.125,0,0,0,0,0,0,0,0,0,0,0,0,1
IPB4B-6,6.477698898,Spring,2021,1.361727836,23.04,114.59,Mesa,Tylonycteris,22.266666,7.466666,33.038345,553.8269,32.2,9.6,22.6,28.283333,16.466667,28.283333,14.9,1848,314,31,70.140205,866,108,866,135,64,0.21830517,0.118264068,36.178844,1,0.7475548,15231,0.49821877,1100,16.9375,0,0,0,0,0,0,1,0,0,0,0,0,0
IPB4B-62,4.501629167,Autumn,2021,0.301029996,24.51,117.65,Mesa,Scotophilus,21.6125,8.325001,34.25926,592.2727,33.4,9.1,24.300001,23.9,16.183334,28.416668,14.166667,1225,198,27,59.725082,515,93,407,129,67,0.00823829,1.496441435,39.49203,6,0.5344545,67709,0.24164279,5758,18.125,0,0,0,0,0,0,0,0,0,0,0,0,1
IPB4B-63,3.616874606,Autumn,2021,0.301029996,30.97,119.87,Plain,Murina,15.970834,7.9083333,24.636553,894.8983,31.7,-0.4,32.100002,26.766666,11.733334,26.766666,4.733333,1154,196,33,56.65195,500,119,500,142,54,0.02612739,0.567819716,35.6941,1,0.78281885,5260,0.45360228,505,5.125,0,0,0,0,0,0,1,0,0,0,0,0,0
IPB4B-65,4.584962501,Winter,2022,0.301029996,22.47,99.67,Mountain,Rhinolophus,20.5125,12.475,51.549587,369.9762,30.6,6.4,24.2,23.95,16.783333,23.95,15.25,1504,296,10,86.19305,815,37,815,45,108,1.983714384,0.736220711,12.270289,2,1,253,0.64536446,71,1034.3125,0,0,0,0,0,0,1,0,0,0,0,0,0
IPB4B-66,5.308771517,Winter,2022,1.255272505,25.12,98.41,Mountain,Rhinolophus,15,10.8,48.000004,439.83984,23.3,0.8,22.5,19.533333,8.933333,19.533333,8.933333,1473,284,16,79.05472,783,69,783,69,102.2,1.065058714,0.434313976,6.853378,2,1,516,0.9120497,117,1893,0,0,0,0,0,0,0,0,0,0,0,1,0
IPB4B-67,3.969815782,Winter,2022,1.255272505,25.12,98.41,Mountain,Rhinolophus,15,10.8,48.000004,439.83984,23.3,0.8,22.5,19.533333,8.933333,19.533333,8.933333,1473,284,16,79.05472,783,69,783,69,102.2,1.065058714,0.434313976,6.853378,2,1,516,0.9120497,117,1893,0,0,0,0,0,0,0,0,0,0,0,1,0
IPB4B-68,4.906890596,Winter,2022,1.255272505,25.12,98.41,Mountain,Rhinolophus,15,10.8,48.000004,439.83984,23.3,0.8,22.5,19.533333,8.933333,19.533333,8.933333,1473,284,16,79.05472,783,69,783,69,102.2,1.065058714,0.434313976,6.853378,2,1,516,0.9120497,117,1893,0,0,0,0,0,0,0,0,0,0,0,1,0
IPB4B-71,4.807354922,Winter,2022,0.84509804,21.65,101.38,Mountain,Rhinolophus,22.016666,11.016666,53.22061,325.44608,30.9,10.2,20.7,24.65,18.983334,25.1,17.45,1686,303,12,79.14018,893,69,658,74,113,2.340196604,0.215500311,24.49839,3,1,361,0.6490937,87,745.0625,0,0,0,0,0,1,0,0,0,0,0,0,0
IPB4B-76,3.321928095,Winter,2022,1.278753601,22.47,99.67,Mountain,Rhinolophus,20.5125,12.475,51.549587,369.9762,30.6,6.4,24.2,23.95,16.783333,23.95,15.25,1504,296,10,86.19305,815,37,815,45,108,1.983714384,0.736220711,12.270289,2,1,253,0.64536446,71,1034.3125,0,0,0,0,0,0,1,0,0,0,0,0,0
IPB4B-78,3.851227481,Winter,2022,1.278753601,22.45,99.69,Mountain,Rhinolophus,20.158333,12.566667,51.928375,365.33194,30.3,6.1,24.199999,23.566668,16.466667,23.566668,14.966666,1505,298,11,86.45075,818,37,818,46,108,2.007465938,0.72056071,6.4889183,2,0.9406672,495,0.5322092,139,1155.75,0,0,0,0,0,0,0,0,0,0,0,1,0
IPB4B-79,3.636842188,Winter,2022,1.278753601,22.45,99.69,Mountain,Rhinolophus,20.158333,12.566667,51.928375,365.33194,30.3,6.1,24.199999,23.566668,16.466667,23.566668,14.966666,1505,298,11,86.45075,818,37,818,46,108,2.007465938,0.72056071,6.4889183,2,0.9406672,495,0.5322092,139,1155.75,0,0,0,0,0,0,0,0,0,0,0,1,0
IPB4B-80,3.608952453,Winter,2022,1.278753601,22.45,99.69,Mountain,Rhinolophus,20.158333,12.566667,51.928375,365.33194,30.3,6.1,24.199999,23.566668,16.466667,23.566668,14.966666,1505,298,11,86.45075,818,37,818,46,108,2.007465938,0.72056071,6.4889183,2,0.9406672,495,0.5322092,139,1155.75,0,0,0,0,0,0,0,0,0,0,0,1,0
IPB4B-83,4.321928095,Winter,2022,1.230448921,25.12,98.41,Mountain,Rhinolophus,15,10.8,48.000004,439.83984,23.3,0.8,22.5,19.533333,8.933333,19.533333,8.933333,1473,284,16,79.05472,783,69,783,69,102.2,1.065058714,0.434313976,6.853378,2,1,516,0.9120497,117,1893,0,0,0,0,0,0,0,0,0,0,0,1,0
IPB6D-12,4.684372827,Winter,2023,0.301029996,23.06,106.19,Mountain,Myotis,19.554167,7.041667,34.517975,519.5385,28.5,8.1,20.4,25.166666,12.483334,25.166666,12.483334,1516,301,17,88.31394,875,73,875,73,101,0.92866804,0.852121482,16.485779,2,0.92347765,329,0.58222455,123,858.375,0,0,0,0,0,0,0,0,0,0,0,1,0
IPB6D-3,5.538617527,Winter,2023,1.278753601,21.63,107.63,Mountain,Rhinolophus,20.5,6.4833336,33.592403,492.05505,28.9,9.6,19.3,25.75,15.183333,25.75,13.883333,1929,389,27,85.33685,1079,107,1079,113,74,0.624246646,1.249229432,15.02821,2,1,570,0.90106815,180,526.6875,1,0,0,0,0,0,0,0,0,0,0,0,0
IPB6D-5,7.785519558,Winter,2023,1.230448921,21.79,107.83,Mountain,Rhinolophus,21.779167,6.3583336,31.791668,518.4481,30.6,10.6,20,27.316668,14.8,27.316668,14.8,2221,461,35,87.43195,1289,129,1289,129,81,0.537033618,1.029890484,15.65222,2,0.9998801,454,0.76612085,144,133.4375,1,0,0,0,0,0,0,0,0,0,0,0,0
IPB6D-6,7.487222559,Winter,2023,1.230448921,21.63,107.63,Mountain,Rhinolophus,20.5,6.4833336,33.592403,492.05505,28.9,9.6,19.3,25.75,15.183333,25.75,13.883333,1929,389,27,85.33685,1079,107,1079,113,74,0.624246646,1.249229432,15.02821,2,1,570,0.90106815,180,526.6875,1,0,0,0,0,0,0,0,0,0,0,0,0
IPB6D-7,5.630418324,Winter,2023,1.230448921,21.63,107.63,Mountain,Rhinolophus,20.5,6.4833336,33.592403,492.05505,28.9,9.6,19.3,25.75,15.183333,25.75,13.883333,1929,389,27,85.33685,1079,107,1079,113,74,0.624246646,1.249229432,15.02821,2,1,570,0.90106815,180,526.6875,1,0,0,0,0,0,0,0,0,0,0,0,0
