Sample,Shannon,Bio1,Bio2,Bio3,Bio4,Bio5,Bio6,Bio7,Bio8,Bio9,Bio10,Bio11,Bio12,Bio13,Bio14,Bio15,Bio16,Bio17,Bio18,Bio19,GMR,GR,GLH,HFT,FVC,NDVI,GDP,CHEQ,PSD,DEM
IPB24A-10,4.973499308,-0.442459663,-1.28704502,-1.085947322,0.610693767,0.043821485,-0.176204317,0.190998862,0.731528865,-0.149961787,0.231374312,-0.520967064,-0.4494,-1.183364481,1.645394354,-1.720654441,-1.319486115,1.659990769,-1.205706646,1.309732044,-2.166105526,-0.089616504,2.224205928,0.793012868,0.659187571,0.715943722,0.059164563,-0.0002937,0.036759659,-0.643816979
IPB24A-11,5.429197334,-0.442459663,-1.28704502,-1.085947322,0.610693767,0.043821485,-0.176204317,0.190998862,0.731528865,-0.149961787,0.231374312,-0.520967064,-0.4494,-1.183364481,1.645394354,-1.720654441,-1.319486115,1.659990769,-1.205706646,1.309732044,-2.166105526,-0.089616504,2.224205928,0.793012868,0.659187571,0.715943722,0.059164563,-0.0002937,0.036759659,-0.643816979
IPB24A-12,5.965269974,-0.442459663,-1.28704502,-1.085947322,0.610693767,0.043821485,-0.176204317,0.190998862,0.731528865,-0.149961787,0.231374312,-0.520967064,-0.4494,-1.183364481,1.645394354,-1.720654441,-1.319486115,1.659990769,-1.205706646,1.309732044,-2.166105526,-0.089616504,2.224205928,0.793012868,0.659187571,0.715943722,0.059164563,-0.0002937,0.036759659,-0.643816979
IPB24A-13,5.088629625,-0.565544791,-1.122183757,-1.039304095,0.679565275,0.043821485,-0.347163067,0.348147347,0.648127506,-0.268429452,0.157643865,-0.647580634,-0.402077101,-1.151736589,1.550689474,-1.621070196,-1.225673437,1.559571817,-1.108489483,1.223388874,-2.129563676,-0.326349657,1.910564605,-0.108301018,-0.469726363,0.561537378,0.00501999,0.558816021,-0.029399887,-0.593786676
IPB24A-14,4.496898555,-0.485989839,-1.243405202,-1.101629978,0.667367036,0.077711671,-0.273895031,0.303248229,0.725113287,-0.218170606,0.22570266,-0.588230486,-0.476441656,-1.199178428,1.645394354,-1.684219302,-1.30844933,1.584676555,-1.194269332,1.266560459,-2.129563676,-0.22589458,1.961629482,0.634855564,-0.469726363,0.728214321,-0.060735631,0.814090843,-0.113123915,-0.657343369
IPB24A-15,4.93418372,-0.485989839,-1.243405202,-1.101629978,0.667367036,0.077711671,-0.273895031,0.303248229,0.725113287,-0.218170606,0.22570266,-0.588230486,-0.476441656,-1.199178428,1.645394354,-1.684219302,-1.30844933,1.584676555,-1.194269332,1.266560459,-2.129563676,-0.22589458,1.961629482,0.634855564,-0.469726363,0.728214321,-0.060735631,0.814090843,-0.113123915,-0.657343369
IPB24A-17,3.87314068,-0.574550625,-1.170672463,-1.071286715,0.674542777,0.043821485,-0.347163067,0.348147347,0.63529712,-0.275609226,0.146301243,-0.647580634,-0.435879171,-1.183364481,1.550689474,-1.64986146,-1.264302187,1.584676555,-1.148520079,1.223388874,-2.129563676,-0.320321514,1.866650912,-0.045838818,-1.03418333,1.11149355,-0.034731722,1.192196308,-0.080336883,-0.587717142
IPB24A-18,4.418295834,-0.565544791,-1.122183757,-1.039304095,0.679565275,0.043821485,-0.347163067,0.348147347,0.648127506,-0.268429452,0.157643865,-0.647580634,-0.402077101,-1.151736589,1.550689474,-1.621070196,-1.225673437,1.559571817,-1.108489483,1.223388874,-2.129563676,-0.326349657,1.910564605,-0.108301018,-0.469726363,0.561537378,0.00501999,0.558816021,-0.029399887,-0.593786676
IPB24A-19,4.235926351,-0.565544791,-1.122183757,-1.039304095,0.679565275,0.043821485,-0.347163067,0.348147347,0.648127506,-0.268429452,0.157643865,-0.647580634,-0.402077101,-1.151736589,1.550689474,-1.621070196,-1.225673437,1.559571817,-1.108489483,1.223388874,-2.129563676,-0.326349657,1.910564605,-0.108301018,-0.469726363,0.561537378,0.00501999,0.558816021,-0.029399887,-0.593786676
IPB24A-2,6.963676637,-0.418443386,-1.112486446,-1.032907679,0.68998987,0.179382231,-0.249472352,0.348147347,0.814929454,-0.189451296,0.305104078,-0.560533743,-0.42573855,-1.183364481,1.645394354,-1.664546539,-1.247747009,1.634886031,-1.131364109,1.288146251,-2.129563676,-0.308575264,1.937057731,0.782072703,-0.469726363,1.11149355,0.036345629,0.163693095,0.010412937,-0.726275936
IPB24A-20,3.9677201,-0.63008894,-1.175521293,-1.056533254,0.655453058,-0.057849075,-0.371585745,0.30324778,0.564726916,-0.297148977,0.083914098,-0.675277449,-0.395316686,-1.135922642,1.645394354,-1.65073481,-1.253265401,1.609781293,-1.137082766,1.266560459,-2.129563676,-0.25299194,2.004000046,0.15901016,-0.469726363,1.11149355,-0.060413102,1.363566034,-0.113123915,-0.531270474
IPB24A-21,4.548688113,-0.63008894,-1.175521293,-1.056533254,0.655453058,-0.057849075,-0.371585745,0.30324778,0.564726916,-0.297148977,0.083914098,-0.675277449,-0.395316686,-1.135922642,1.645394354,-1.65073481,-1.253265401,1.609781293,-1.137082766,1.266560459,-2.129563676,-0.25299194,2.004000046,0.15901016,-0.469726363,1.11149355,-0.060413102,1.363566034,-0.113123915,-0.531270474
IPB24A-27,5.112199975,1.594440929,-0.933078868,-0.236640403,-0.490552065,0.789405588,1.582228541,-0.931490322,1.289672986,1.307546476,1.036732472,1.303060977,1.582104449,1.062215901,0.982460193,0.115997422,1.103088339,0.480068082,1.09319332,0.575815095,-0.19284564,-0.272531323,-0.75118035,0.531775849,0.094730604,-0.36266689,0.005382835,-0.921273845,-0.198018909,-0.753762255
IPB24A-28,3.98418372,0.897961701,-0.816706601,-0.140350133,-0.551611542,0.077711671,1.069352291,-0.931489873,0.48774152,0.930604807,0.339133646,0.883653185,1.774776252,1.299425096,0.603640672,0.132762145,1.224492981,0.37964913,1.299064958,0.921187777,-0.15630379,-0.722836179,-0.783982243,-1.21414191,-0.469726363,0.638506345,-0.258728184,2.318164221,-0.253639767,-0.232996223
IPB24A-29,4.31990258,1.519389434,-0.583961487,-0.07297439,-0.472287714,0.755515402,1.362424434,-0.751892053,1.187025278,1.250107856,0.974345328,1.239754073,1.484078444,1.157099579,0.508935791,0.119083631,1.058941196,0.354544392,1.013132127,0.856430399,-0.22938749,-0.791156516,-0.924591721,0.264297013,-1.03418333,1.11149355,-0.255260996,0.00387102,-0.24368656,-0.74552503
IPB24A-31,7.88514817,1.309244671,-0.962171731,-0.105665663,-0.633531959,0.28105279,1.460115148,-1.155988159,1.21268759,1.224978541,0.656739657,1.20810074,1.000708833,0.445471993,0.13011627,0.018207051,0.611951376,0.078392273,0.795823175,0.511057718,-0.265929339,0.405128451,0.356990085,-0.624546387,0.094730604,1.11149355,-0.257800913,0.012923858,-0.280571971,-0.610868079
IPB24A-32,8.288572784,1.309244671,-0.962171731,-0.105665663,-0.633531959,0.28105279,1.460115148,-1.155988159,1.21268759,1.224978541,0.656739657,1.20810074,1.000708833,0.445471993,0.13011627,0.018207051,0.611951376,0.078392273,0.795823175,0.511057718,-0.265929339,0.405128451,0.356990085,-0.624546387,0.094730604,1.11149355,-0.257800913,0.012923858,-0.280571971,-0.610868079
IPB24A-33,4.664497779,0.897961701,-0.816706601,-0.140350133,-0.551611542,0.077711671,1.069352291,-0.931489873,0.48774152,0.930604807,0.339133646,0.883653185,1.774776252,1.299425096,0.603640672,0.132762145,1.224492981,0.37964913,1.299064958,0.921187777,-0.15630379,-0.722836179,-0.783982243,-1.21414191,-0.469726363,0.638506345,-0.258728184,2.318164221,-0.253639767,-0.232996223
IPB24A-34,5.56385619,0.897961701,-0.816706601,-0.140350133,-0.551611542,0.077711671,1.069352291,-0.931489873,0.48774152,0.930604807,0.339133646,0.883653185,1.774776252,1.299425096,0.603640672,0.132762145,1.224492981,0.37964913,1.299064958,0.921187777,-0.15630379,-0.722836179,-0.783982243,-1.21414191,-0.469726363,0.638506345,-0.258728184,2.318164221,-0.253639767,-0.232996223
IPB24A-35,4.639279277,0.897961701,-0.816706601,-0.140350133,-0.551611542,0.077711671,1.069352291,-0.931489873,0.48774152,0.930604807,0.339133646,0.883653185,1.774776252,1.299425096,0.603640672,0.132762145,1.224492981,0.37964913,1.299064958,0.921187777,-0.15630379,-0.722836179,-0.783982243,-1.21414191,-0.469726363,0.638506345,-0.258728184,2.318164221,-0.253639767,-0.232996223
IPB24A-36,6.88155701,1.031553816,0.177307074,0.078101863,-0.215419043,0.924966334,0.776280148,-0.100848326,-0.083233372,0.837266888,0.770170642,0.784736193,0.608604813,0.129193066,0.414230911,-0.511379621,0.164961557,0.680905986,-0.365064121,1.288146251,-0.083220091,-0.141502914,-0.35212226,0.494909716,0.094730604,-0.541321359,-0.304688581,-0.39543745,-0.366052448,-0.509593566
IPB24A-37,4.412087069,-0.522014615,-0.661543289,-0.408269178,-0.049585134,-0.701762619,-0.176204317,-0.302896604,-1.622941294,-0.128422466,-0.573984189,-0.335003227,1.064932767,0.888262491,1.455984594,-0.262424461,0.738874412,0.906848628,0.02380453,1.676690518,0.136031008,0.823452299,1.470543992,-1.69790342,-0.469726363,0.555480896,-0.312550228,1.999468695,-0.395912066,0.4989896
IPB24A-38,4.413607347,-0.522014615,-0.661543289,-0.408269178,-0.049585134,-0.701762619,-0.176204317,-0.302896604,-1.622941294,-0.128422466,-0.573984189,-0.335003227,1.064932767,0.888262491,1.455984594,-0.262424461,0.738874412,0.906848628,0.02380453,1.676690518,0.136031008,0.823452299,1.470543992,-1.69790342,-0.469726363,0.555480896,-0.312550228,1.999468695,-0.395912066,0.4989896
IPB24A-39,6.003666985,-0.522014615,-0.661543289,-0.408269178,-0.049585134,-0.701762619,-0.176204317,-0.302896604,-1.622941294,-0.128422466,-0.573984189,-0.335003227,1.064932767,0.888262491,1.455984594,-0.262424461,0.738874412,0.906848628,0.02380453,1.676690518,0.136031008,0.823452299,1.470543992,-1.69790342,-0.469726363,0.555480896,-0.312550228,1.999468695,-0.395912066,0.4989896
IPB24A-4,5.709067383,-0.565544791,-1.122183757,-1.039304095,0.679565275,0.043821485,-0.347163067,0.348147347,0.648127506,-0.268429452,0.157643865,-0.647580634,-0.402077101,-1.151736589,1.550689474,-1.621070196,-1.225673437,1.559571817,-1.108489483,1.223388874,-2.129563676,-0.326349657,1.910564605,-0.108301018,-0.469726363,0.561537378,0.00501999,0.558816021,-0.029399887,-0.593786676
IPB24A-40,4.953263142,0.53171006,-0.166960837,-0.486282571,0.453105804,1.094417267,0.238981219,0.505296058,-0.320605138,0.252109198,0.889272258,0.100231231,0.061011268,-0.092202183,0.698345552,-0.406179596,0.004928165,0.480068082,-0.742495459,0.705329851,0.282198406,-0.770726419,0.686221884,0.975418531,0.094730604,-0.135607704,-0.310292524,-0.796621677,-0.366052448,-0.54895883
IPB24A-41,8.385041728,0.79288968,-0.254240124,-0.387314069,0.242126409,1.06052708,0.556476041,0.190998413,-0.134556841,0.50340386,0.951658722,0.393025453,0.412552803,0.192448851,0.793050432,-0.253718984,0.336031735,0.50517282,-0.57093576,1.288146251,0.099489158,-0.346575121,-0.877850612,0.187689363,0.094730604,0.371140665,-0.307671975,-0.055845217,-0.397668514,-0.626388745
IPB24A-42,4.542543824,1.825600023,-1.194916496,-0.16362025,-0.736776297,0.653844842,1.948568719,-1.358036212,1.68101516,1.587560663,1.070761699,1.607724991,2.156739651,1.93198295,-0.153998371,0.772804732,2.085362263,-0.273074059,2.322704495,-0.244445024,-0.22938749,-0.733676332,0.10756086,0.535549031,1.788101505,-0.25155411,10.90775347,-0.726542334,10.22123146,-0.747866136
IPB24A-43,4.680813428,1.683001714,-1.393719161,-0.29531227,-0.72793132,0.48439391,1.899723362,-1.425385563,1.527044367,1.512172286,0.934644789,1.512764754,2.227723999,1.916169004,0.03541139,0.729395281,2.096399049,-0.197759845,2.334141808,-0.136516061,-0.448638588,-0.611158607,0.115907724,0.535549031,1.788101505,0.03166908,4.508655121,-0.73494516,1.831264177,-0.761392527
IPB24A-44,4.889680181,1.204172651,-0.807008767,-0.177872662,-0.463333383,0.48439391,1.289156398,-0.864140971,0.89191485,1.074201571,0.685096893,1.030050296,1.372531611,1.062215901,0.982460193,0.030692903,0.876834232,0.454963344,0.755792578,0.834844607,-0.22938749,-0.782277914,-0.901334883,-0.429040217,-0.469726363,0.890879949,-0.246431762,1.891418112,-0.25656718,-0.480980048
IPB24A-45,5.882643049,1.417319357,-0.816706601,-0.170778162,-0.465818865,0.687735029,1.460115148,-0.886590755,1.116455845,1.207028784,0.889272939,1.17644717,1.308307676,0.998960116,0.982460193,0.017707731,0.838205483,0.480068082,0.715761982,0.748501436,-0.19284564,-0.75983339,-0.974082628,0.92599238,-0.469726363,-0.289333044,-0.207446056,-0.322456271,-0.163475429,-0.620579334
IPB24A-5,5.559733603,-0.63008894,-1.175521293,-1.056533254,0.655453058,-0.057849075,-0.371585745,0.30324778,0.564726916,-0.297148977,0.083914098,-0.675277449,-0.395316686,-1.135922642,1.645394354,-1.65073481,-1.253265401,1.609781293,-1.137082766,1.266560459,-2.129563676,-0.25299194,2.004000046,0.15901016,-0.469726363,1.11149355,-0.060413102,1.363566034,-0.113123915,-0.531270474
IPB24A-6,5.261098725,-0.63008894,-1.175521293,-1.056533254,0.655453058,-0.057849075,-0.371585745,0.30324778,0.564726916,-0.297148977,0.083914098,-0.675277449,-0.395316686,-1.135922642,1.645394354,-1.65073481,-1.253265401,1.609781293,-1.137082766,1.266560459,-2.129563676,-0.25299194,2.004000046,0.15901016,-0.469726363,1.11149355,-0.060413102,1.363566034,-0.113123915,-0.531270474
IPB24A-7,6.673347539,-0.742666363,-1.199765733,-1.07263942,0.650998155,-0.159519634,-0.444853781,0.30324778,0.436418051,-0.365357365,-0.029516547,-0.746497532,-0.378415651,-1.135922642,1.550689474,-1.599679899,-1.220155044,1.559571817,-1.102770826,1.223388874,-2.129563676,-0.404261882,1.855850742,-0.631328435,-0.469726363,1.07033541,0.086176376,1.114718834,0.074230553,-0.456528496
IPB24A-8,7.448901496,-0.742666363,-1.199765733,-1.07263942,0.650998155,-0.159519634,-0.444853781,0.30324778,0.436418051,-0.365357365,-0.029516547,-0.746497532,-0.378415651,-1.135922642,1.550689474,-1.599679899,-1.220155044,1.559571817,-1.102770826,1.223388874,-2.129563676,-0.404261882,1.855850742,-0.631328435,-0.469726363,1.07033541,0.086176376,1.114718834,0.074230553,-0.456528496
IPB24A-9,5.208411152,0.853231107,-1.434449891,-0.693773553,-0.156523003,0.335277089,1.079121362,-0.76985179,1.257595558,0.829368814,0.696440264,0.684236673,0.728940185,0.176634905,0.603640672,-0.386098741,0.217938128,0.550361348,0.387511091,0.41608023,-2.202647375,0.079105409,2.539116282,0.111522676,3.481472405,0.399019412,0.15855997,-0.73494516,0.082193118,-0.722634216
IPB24B-1,6.633580832,1.741542334,-1.456754939,-0.41578298,-0.639501857,0.619954656,1.899723362,-1.335586877,1.674599967,1.494222529,1.065090388,1.500894725,2.004630333,1.362680882,0.508935791,0.535179157,1.632854051,0.078392273,1.853774651,0.122513451,-0.265929339,0.270751424,-0.678282683,1.008152588,0.094730604,-0.731938097,2.011755753,-0.804014797,1.556672784,-0.773011349
IPB24B-10,5.56385619,-0.601569567,-0.133018504,-0.844229738,1.301875564,0.687735029,-1.030998067,1.40328718,0.237538983,-1.22334893,0.588680861,-1.106555152,-0.770519671,-0.946155286,0.224821151,-0.933147422,-0.93871701,0.530277558,-0.851149935,0.230442414,-0.558264137,-0.698834673,-0.795781604,1.32674221,-1.03418333,-1.114881908,-0.119032766,-0.698130512,-0.018861198,-0.770843659
IPB24B-11,7.006119814,-0.601569567,-0.133018504,-0.844229738,1.301875564,0.687735029,-1.030998067,1.40328718,0.237538983,-1.22334893,0.588680861,-1.106555152,-0.770519671,-0.946155286,0.224821151,-0.933147422,-0.93871701,0.530277558,-0.851149935,0.230442414,-0.558264137,-0.698834673,-0.795781604,1.32674221,-1.03418333,-1.114881908,-0.119032766,-0.698130512,-0.018861198,-0.770843659
IPB24B-12,5.435812887,-0.601569567,-0.133018504,-0.844229738,1.301875564,0.687735029,-1.030998067,1.40328718,0.237538983,-1.22334893,0.588680861,-1.106555152,-0.770519671,-0.946155286,0.224821151,-0.933147422,-0.93871701,0.530277558,-0.851149935,0.230442414,-0.558264137,-0.698834673,-0.795781604,1.32674221,-1.03418333,-1.114881908,-0.119032766,-0.698130512,-0.018861198,-0.770843659
IPB24B-13,4.146286371,-0.565544791,-1.122183757,-1.039304095,0.679565275,0.043821485,-0.347163067,0.348147347,0.648127506,-0.268429452,0.157643865,-0.647580634,-0.402077101,-1.151736589,1.550689474,-1.621070196,-1.225673437,1.559571817,-1.108489483,1.223388874,-2.129563676,-0.326349657,1.910564605,-0.108301018,-0.469726363,0.561537378,0.00501999,0.558816021,-0.029399887,-0.593786676
IPB24B-14,4.636564138,1.828601967,-0.060285765,0.278881563,-0.448571227,1.229978013,1.606651219,-0.662093367,1.956879239,1.067021798,1.314637604,1.417804517,0.088052924,0.318960422,-0.248703251,0.832304649,0.595396198,-0.298178797,0.778667205,-0.481888742,0.830326152,-0.738120775,-0.958479657,0.37878551,-1.03418333,-1.75397888,-0.304567633,-0.369621443,-0.381860481,-0.628903266
IPB24B-15,4.221928095,1.789575248,-0.273635327,0.379691956,-0.685020552,0.891076148,1.753187291,-1.021289906,1.655353233,1.16753949,1.048075434,1.528591302,-0.334472959,-0.313597432,-0.722227652,0.463252989,-0.039218978,-0.599435653,0.121021693,-0.740918253,0.830326152,-0.425484532,1.721101644,0.108012048,-1.03418333,-0.894489311,-0.312913073,-0.097495756,-0.391813687,-0.602804269
IPB24B-2,3.664497779,1.741542334,-1.456754939,-0.41578298,-0.639501857,0.619954656,1.899723362,-1.335586877,1.674599967,1.494222529,1.065090388,1.500894725,2.004630333,1.362680882,0.508935791,0.535179157,1.632854051,0.078392273,1.853774651,0.122513451,-0.265929339,0.270751424,-0.678282683,1.008152588,0.094730604,-0.731938097,2.011755753,-0.804014797,1.556672784,-0.773011349
IPB24B-3,4.801307266,1.591438624,-1.844662493,-0.651103177,-0.662025591,0.38272335,1.924146041,-1.515184698,1.501382825,1.440373688,0.911958864,1.417804517,1.480698237,0.951518276,0.13011627,0.495707201,1.230011374,-0.147550369,1.436312717,-0.136516061,-2.056479976,-0.003672155,-0.636601441,0.483388608,0.094730604,0.980294851,0.045819922,-0.73494516,-0.073428187,-0.713356499
IPB24B-5,7.298034371,-0.601569567,-0.133018504,-0.844229738,1.301875564,0.687735029,-1.030998067,1.40328718,0.237538983,-1.22334893,0.588680861,-1.106555152,-0.770519671,-0.946155286,0.224821151,-0.933147422,-0.93871701,0.530277558,-0.851149935,0.230442414,-0.558264137,-0.698834673,-0.795781604,1.32674221,-1.03418333,-1.114881908,-0.119032766,-0.698130512,-0.018861198,-0.770843659
IPB24B-6,4.201841232,-0.613577705,-0.123321193,-0.838749684,1.303789535,0.687735029,-1.030998067,1.40328718,0.23112379,-1.226938817,0.577337899,-1.110511789,-0.787420706,-0.946155286,0.224821151,-0.936151965,-0.949753796,0.50517282,-0.868305904,0.208856621,-0.594805987,-0.675914951,-0.765094685,1.32674221,1.788101505,-1.752310595,-0.116089688,-0.988233866,-0.012420888,-0.771710735
IPB24B-7,6.044954943,-0.601569567,-0.133018504,-0.844229738,1.301875564,0.687735029,-1.030998067,1.40328718,0.237538983,-1.22334893,0.588680861,-1.106555152,-0.770519671,-0.946155286,0.224821151,-0.933147422,-0.93871701,0.530277558,-0.851149935,0.230442414,-0.558264137,-0.696479007,-0.792240411,0.740487466,-1.03418333,-1.114881908,-0.119032766,-0.402006668,-0.018861198,-0.770843659
IPB24B-8,6.864376179,-0.583556819,-0.162112181,-0.860669362,1.304720959,0.721625215,-1.006575388,1.40328718,0.263200525,-1.212579119,0.605695815,-1.094685075,-0.76037905,-0.946155286,0.319526031,-0.937331564,-0.933198617,0.555382296,-0.839712621,0.252028206,-0.558264137,-0.720875199,-0.826170013,1.32674221,1.788101505,-0.315708769,-0.08746523,-0.961647078,0.046712866,-0.772317688
IPB24B-9,5.592759956,-0.601569567,-0.133018504,-0.844229738,1.301875564,0.687735029,-1.030998067,1.40328718,0.237538983,-1.22334893,0.588680861,-1.106555152,-0.770519671,-0.946155286,0.224821151,-0.933147422,-0.93871701,0.530277558,-0.851149935,0.230442414,-0.558264137,-0.698834673,-0.795781604,1.32674221,-1.03418333,-1.114881908,-0.119032766,-0.698130512,-0.018861198,-0.770843659
IPB24C-100,6.162430053,-0.583556819,-0.162112181,-0.860669362,1.304720959,0.721625215,-1.006575388,1.40328718,0.263200525,-1.212579119,0.605695815,-1.094685075,-0.76037905,-0.946155286,0.319526031,-0.937331564,-0.933198617,0.555382296,-0.839712621,0.252028206,-0.558264137,-0.720875199,-0.826170013,1.32674221,1.788101505,-0.315708769,-0.08746523,-0.961647078,0.046712866,-0.772317688
IPB24C-102,7.200500809,-0.61057576,-0.249390887,-0.88535441,1.267884652,0.619954656,-1.006575388,1.335937829,0.205461863,-0.756659013,0.548979982,-1.090728485,-0.773899878,-0.946155286,0.224821151,-0.973543452,-0.955272188,0.530277558,-0.885461874,0.252028206,-0.594805987,-0.599398216,-0.666867508,0.05920799,-1.03418333,0.50713231,-0.121774263,0.109736597,-0.024130543,-0.772404396
IPB24C-103,6.749858621,-0.61057576,-0.249390887,-0.88535441,1.267884652,0.619954656,-1.006575388,1.335937829,0.205461863,-0.756659013,0.548979982,-1.090728485,-0.773899878,-0.946155286,0.224821151,-0.973543452,-0.955272188,0.530277558,-0.885461874,0.252028206,-0.594805987,-0.599398216,-0.666867508,0.05920799,-1.03418333,0.50713231,-0.121774263,0.109736597,-0.024130543,-0.772404396
IPB24C-104,7.253593198,-0.61057576,-0.249390887,-0.88535441,1.267884652,0.619954656,-1.006575388,1.335937829,0.205461863,-0.756659013,0.548979982,-1.090728485,-0.773899878,-0.946155286,0.224821151,-0.973543452,-0.955272188,0.530277558,-0.885461874,0.252028206,-0.594805987,-0.599398216,-0.666867508,0.05920799,-1.03418333,0.50713231,-0.121774263,0.109736597,-0.024130543,-0.772404396
IPB24C-105,6.232624357,-0.61057576,-0.249390887,-0.88535441,1.267884652,0.619954656,-1.006575388,1.335937829,0.205461863,-0.756659013,0.548979982,-1.090728485,-0.773899878,-0.946155286,0.224821151,-0.973543452,-0.955272188,0.530277558,-0.885461874,0.252028206,-0.594805987,-0.599398216,-0.666867508,0.05920799,-1.03418333,0.50713231,-0.121774263,0.109736597,-0.024130543,-0.772404396
IPB24C-106,6.460688108,-0.583556819,-0.162112181,-0.860669362,1.304720959,0.721625215,-1.006575388,1.40328718,0.263200525,-1.212579119,0.605695815,-1.094685075,-0.76037905,-0.946155286,0.319526031,-0.937331564,-0.933198617,0.555382296,-0.839712621,0.252028206,-0.558264137,-0.720875199,-0.826170013,1.32674221,1.788101505,-0.315708769,-0.08746523,-0.961647078,0.046712866,-0.772317688
IPB24C-107,6.227831381,-0.583556819,-0.162112181,-0.860669362,1.304720959,0.721625215,-1.006575388,1.40328718,0.263200525,-1.212579119,0.605695815,-1.094685075,-0.76037905,-0.946155286,0.319526031,-0.937331564,-0.933198617,0.555382296,-0.839712621,0.252028206,-0.558264137,-0.720875199,-0.826170013,1.32674221,1.788101505,-0.315708769,-0.08746523,-0.961647078,0.046712866,-0.772317688
IPB24C-108,6.41197818,-0.583556819,-0.162112181,-0.860669362,1.304720959,0.721625215,-1.006575388,1.40328718,0.263200525,-1.212579119,0.605695815,-1.094685075,-0.76037905,-0.946155286,0.319526031,-0.937331564,-0.933198617,0.555382296,-0.839712621,0.252028206,-0.558264137,-0.720875199,-0.826170013,1.32674221,1.788101505,-0.315708769,-0.08746523,-0.961647078,0.046712866,-0.772317688
IPB24C-109,6.888252502,-0.583556819,-0.162112181,-0.860669362,1.304720959,0.721625215,-1.006575388,1.40328718,0.263200525,-1.212579119,0.605695815,-1.094685075,-0.76037905,-0.946155286,0.319526031,-0.937331564,-0.933198617,0.555382296,-0.839712621,0.252028206,-0.558264137,-0.720875199,-0.826170013,1.32674221,1.788101505,-0.315708769,-0.08746523,-0.961647078,0.046712866,-0.772317688
IPB24C-110,6.549452668,-0.583556819,-0.162112181,-0.860669362,1.304720959,0.721625215,-1.006575388,1.40328718,0.263200525,-1.212579119,0.605695815,-1.094685075,-0.76037905,-0.946155286,0.319526031,-0.937331564,-0.933198617,0.555382296,-0.839712621,0.252028206,-0.558264137,-0.720875199,-0.826170013,1.32674221,1.788101505,-0.315708769,-0.08746523,-0.961647078,0.046712866,-0.772317688
IPB24C-111,6.526717226,-0.583556819,-0.162112181,-0.860669362,1.304720959,0.721625215,-1.006575388,1.40328718,0.263200525,-1.212579119,0.605695815,-1.094685075,-0.76037905,-0.946155286,0.319526031,-0.937331564,-0.933198617,0.555382296,-0.839712621,0.252028206,-0.558264137,-0.720875199,-0.826170013,1.32674221,1.788101505,-0.315708769,-0.08746523,-0.961647078,0.046712866,-0.772317688
IPB24C-112,6.429991864,-0.601569567,-0.133018504,-0.844229738,1.301875564,0.687735029,-1.030998067,1.40328718,0.237538983,-1.22334893,0.588680861,-1.106555152,-0.770519671,-0.946155286,0.224821151,-0.933147422,-0.93871701,0.530277558,-0.851149935,0.230442414,-0.558264137,-0.698834673,-0.795781604,1.32674221,-1.03418333,-1.114881908,-0.119032766,-0.698130512,-0.018861198,-0.770843659
IPB24C-114,6.81198037,-0.601569567,-0.133018504,-0.844229738,1.301875564,0.687735029,-1.030998067,1.40328718,0.237538983,-1.22334893,0.588680861,-1.106555152,-0.770519671,-0.946155286,0.224821151,-0.933147422,-0.93871701,0.530277558,-0.851149935,0.230442414,-0.558264137,-0.698834673,-0.795781604,1.32674221,-1.03418333,-1.114881908,-0.119032766,-0.698130512,-0.018861198,-0.770843659
IPB24C-115,6.447882543,-0.601569567,-0.133018504,-0.844229738,1.301875564,0.687735029,-1.030998067,1.40328718,0.237538983,-1.22334893,0.588680861,-1.106555152,-0.770519671,-0.946155286,0.224821151,-0.933147422,-0.93871701,0.530277558,-0.851149935,0.230442414,-0.558264137,-0.698834673,-0.795781604,1.32674221,-1.03418333,-1.114881908,-0.119032766,-0.698130512,-0.018861198,-0.770843659
IPB24C-117,6.222823676,-0.601569567,-0.133018504,-0.844229738,1.301875564,0.687735029,-1.030998067,1.40328718,0.237538983,-1.22334893,0.588680861,-1.106555152,-0.770519671,-0.946155286,0.224821151,-0.933147422,-0.93871701,0.530277558,-0.851149935,0.230442414,-0.558264137,-0.696479007,-0.792240411,0.740487466,-1.03418333,-1.114881908,-0.119032766,-0.402006668,-0.018861198,-0.770843659
IPB24C-119,6.142664356,-0.625585843,-0.51122933,-0.97867807,1.139009237,0.552174283,-0.884461995,1.178789568,0.994562558,0.374166642,0.463907594,-1.007638159,-0.713056151,-0.693132144,0.603640672,-0.64176078,-0.844904332,0.50517282,-0.713902175,0.705329851,-0.485180438,-0.662132991,0.068937057,-0.015092869,-1.03418333,0.561537378,-0.087787759,-0.394276237,-0.11839326,-0.775352455
IPB24C-120,6.455582945,-0.61657965,-0.356065726,-0.913386008,1.184238724,0.619954656,-0.908884674,1.246138695,1.045885642,0.3562171,0.509279444,-1.023464968,-0.790800913,-0.724760037,0.508935791,-0.593706608,-0.850422725,0.404753868,-0.719620832,0.640572473,-0.558264137,-0.749738241,0.247855864,0.524296936,-1.03418333,-0.535779151,-0.117299172,-0.491331296,-0.15937705,-0.775352455
IPB24C-122,5.247927513,-0.658608674,-0.31727497,-0.882589255,1.164567187,0.552174283,-0.933307352,1.223688911,0.968900246,-0.702810064,0.441220988,-1.043248272,-0.733337393,-0.772201876,0.414230911,-0.77817271,-0.916643439,0.480068082,-0.788244712,0.597400888,-0.412096738,-0.777311937,0.446081933,0.261567628,-1.03418333,-0.012774194,-0.122782167,-0.413346018,-0.166988325,-0.760698866
IPB24C-123,3.807354922,-0.601569567,-0.559717337,-0.99066217,1.145011086,0.552174283,-0.835616638,1.133889776,1.026639293,0.381346631,0.49226483,-0.991811493,-0.726576979,-0.708946091,0.603640672,-0.63936582,-0.850422725,0.454963344,-0.719620832,0.748501436,-0.485180438,-0.741004914,0.066756202,0.051983754,0.094730604,0.826802543,-0.123991651,-0.382640612,-0.168744773,-0.775872701
IPB24C-124,3.121928095,-0.648101328,-0.370611925,-0.905127426,1.156025127,0.552174283,-0.908884674,1.201239127,0.981731017,-0.684860415,0.452563951,-1.031378195,-0.733337393,-0.724760037,0.414230911,-0.651822822,-0.839385939,0.480068082,-0.708183519,0.597400888,-0.448638588,-0.751861071,0.352984319,0.411430549,0.094730604,1.11149355,-0.104841486,-0.950488633,-0.142398051,-0.774138549
IPB24C-125,6.558967328,-0.601569567,-0.133018504,-0.844229738,1.301875564,0.687735029,-1.030998067,1.40328718,0.237538983,-1.22334893,0.588680861,-1.106555152,-0.770519671,-0.946155286,0.224821151,-0.933147422,-0.93871701,0.530277558,-0.851149935,0.230442414,-0.558264137,-0.698834673,-0.795781604,1.32674221,-1.03418333,-1.114881908,-0.119032766,-0.698130512,-0.018861198,-0.770843659
IPB24C-126,6.209533099,-0.601569567,-0.133018504,-0.844229738,1.301875564,0.687735029,-1.030998067,1.40328718,0.237538983,-1.22334893,0.588680861,-1.106555152,-0.770519671,-0.946155286,0.224821151,-0.933147422,-0.93871701,0.530277558,-0.851149935,0.230442414,-0.558264137,-0.698834673,-0.795781604,1.32674221,-1.03418333,-1.114881908,-0.119032766,-0.698130512,-0.018861198,-0.770843659
IPB24C-127,6.019325124,-0.601569567,-0.133018504,-0.844229738,1.301875564,0.687735029,-1.030998067,1.40328718,0.237538983,-1.22334893,0.588680861,-1.106555152,-0.770519671,-0.946155286,0.224821151,-0.933147422,-0.93871701,0.530277558,-0.851149935,0.230442414,-0.558264137,-0.698834673,-0.795781604,1.32674221,-1.03418333,-1.114881908,-0.119032766,-0.698130512,-0.018861198,-0.770843659
IPB24C-128,4.627986807,-0.601569567,-0.133018504,-0.844229738,1.301875564,0.687735029,-1.030998067,1.40328718,0.237538983,-1.22334893,0.588680861,-1.106555152,-0.770519671,-0.946155286,0.224821151,-0.933147422,-0.93871701,0.530277558,-0.851149935,0.230442414,-0.558264137,-0.698834673,-0.795781604,1.32674221,-1.03418333,-1.114881908,-0.119032766,-0.698130512,-0.018861198,-0.770843659
IPB24C-21,3.321928095,0.488180604,-0.656694226,-0.605291546,0.301026304,0.653844842,0.385517291,0.078749943,-0.468160353,0.33108757,0.679425582,0.155624861,1.470557616,1.678959809,1.929508995,0.078389213,1.329342445,1.584676555,0.395517211,1.870962652,0.647616904,-0.287847413,0.057407072,-0.743185331,-0.469726363,0.361199406,-0.289166868,0.340282293,-0.313359003,-0.439273677
IPB24C-22,3.418295834,1.567422347,-0.263937434,0.087868015,-0.425115295,0.924966334,1.338001755,-0.617193126,1.347412033,1.239338088,1.042404123,1.231840562,0.835078687,0.730123028,0.319526031,0.208160409,0.567804234,0.279230177,0.424110494,0.705329851,-0.119761941,0.833700486,-0.257615757,-0.856593108,0.094730604,1.11149355,-0.3007376,0.41592254,-0.305162245,-0.603237808
IPB24C-23,3.906890596,1.567422347,-0.263937434,0.087868015,-0.425115295,0.924966334,1.338001755,-0.617193126,1.347412033,1.239338088,1.042404123,1.231840562,0.835078687,0.730123028,0.319526031,0.208160409,0.567804234,0.279230177,0.424110494,0.705329851,-0.119761941,0.833700486,-0.257615757,-0.856593108,0.094730604,1.11149355,-0.3007376,0.41592254,-0.305162245,-0.603237808
IPB24C-24,2,1.508882087,-1.044602362,-0.04495541,-0.759588776,0.348833163,1.704341934,-1.335586428,1.045885642,1.386524848,0.747484037,1.401977969,2.586025949,2.10593636,0.224821151,0.502104203,1.881181728,0.304334915,1.956710471,0.381542962,-0.339013039,-0.305093299,1.042951534,-0.762605779,0.094730604,0.391047629,-0.271306819,0.56907211,-0.240759147,-0.521299096
IPB24C-25,3.700439718,1.594440929,-0.933078868,-0.236640403,-0.490552065,0.789405588,1.582228541,-0.931490322,1.289672986,1.307546476,1.036732472,1.303060977,1.582104449,1.062215901,0.982460193,0.115997422,1.103088339,0.480068082,1.09319332,0.575815095,-0.19284564,-0.272531323,-0.75118035,0.531775849,0.094730604,-0.36266689,0.005382835,-0.921273845,-0.198018909,-0.753762255
IPB24C-26,4.247927513,1.64097269,-0.957323075,-0.25670115,-0.480144785,0.823295775,1.606651219,-0.931489873,1.34099607,1.336266001,1.093447624,1.330757554,1.47731803,0.998960116,0.982460193,0.085656142,1.009275661,0.50517282,0.984538844,0.597400888,-0.19284564,-0.325658221,-0.806929408,1.022983495,1.788101505,-2.108527324,0.100569237,-1.179425725,-0.124248087,-0.774051841
IPB24C-27,1.584962501,1.64097269,-0.957323075,-0.25670115,-0.480144785,0.823295775,1.606651219,-0.931489873,1.34099607,1.336266001,1.093447624,1.330757554,1.47731803,0.998960116,0.982460193,0.085656142,1.009275661,0.50517282,0.984538844,0.597400888,-0.19284564,-0.325658221,-0.806929408,1.022983495,1.788101505,-2.108527324,0.100569237,-1.179425725,-0.124248087,-0.774051841
IPB24C-28,5.376629167,1.309244671,-0.962171731,-0.105665663,-0.633531959,0.28105279,1.460115148,-1.155988159,1.21268759,1.224978541,0.656739657,1.20810074,1.000708833,0.445471993,0.13011627,0.018207051,0.611951376,0.078392273,0.795823175,0.511057718,-0.265929339,0.405128451,0.356990085,-0.624546387,0.094730604,1.11149355,-0.257800913,0.012923858,-0.280571971,-0.610868079
IPB24C-29,2.807354922,1.519389434,-0.583961487,-0.07297439,-0.472287714,0.755515402,1.362424434,-0.751892053,1.187025278,1.250107856,0.974345328,1.239754073,1.484078444,1.157099579,0.508935791,0.119083631,1.058941196,0.354544392,1.013132127,0.856430399,-0.22938749,-0.791156516,-0.924591721,0.264297013,-1.03418333,1.11149355,-0.255260996,0.00387102,-0.24368656,-0.74552503
IPB24C-30,5.07214016,0.897961701,-0.816706601,-0.140350133,-0.551611542,0.077711671,1.069352291,-0.931489873,0.48774152,0.930604807,0.339133646,0.883653185,1.774776252,1.299425096,0.603640672,0.132762145,1.224492981,0.37964913,1.299064958,0.921187777,-0.15630379,-0.722836179,-0.783982243,-1.21414191,-0.469726363,0.638506345,-0.258728184,2.318164221,-0.253639767,-0.232996223
IPB24C-32,6.436704346,0.813904012,0.240343085,-0.000520749,-0.077682522,0.857185961,0.507630683,0.101199727,-0.256450898,0.636231072,0.668082279,0.55920563,0.581563157,0.129193066,0.603640672,-0.486220236,0.225663878,0.781324938,-0.45084397,1.352903629,0.099489158,0.291460413,-0.549347475,-0.275225512,0.094730604,-0.319470723,-0.302793723,-0.698114921,-0.359612138,-0.473436484
IPB24C-58,0.918295834,-0.612076553,-0.118472538,-0.836009765,1.306038476,0.687735029,-1.030998067,1.40328718,0.237538983,-1.226938817,0.58300921,-1.110511789,-0.787420706,-0.93034134,0.224821151,-0.912403864,-0.93871701,0.50517282,-0.856868591,0.208856621,-0.594805987,-0.686485179,-0.780673938,1.32674221,1.788101505,-1.277526022,-0.119032766,-0.845898079,-0.018861198,-0.771710735
IPB24C-59,1,-0.612076553,-0.118472538,-0.836009765,1.306038476,0.687735029,-1.030998067,1.40328718,0.237538983,-1.226938817,0.58300921,-1.110511789,-0.787420706,-0.93034134,0.224821151,-0.912403864,-0.93871701,0.50517282,-0.856868591,0.208856621,-0.594805987,-0.686485179,-0.780673938,1.32674221,1.788101505,-1.277526022,-0.119032766,-0.845898079,-0.018861198,-0.771710735
IPB24C-60,2.584962501,-0.612076553,-0.118472538,-0.836009765,1.306038476,0.687735029,-1.030998067,1.40328718,0.237538983,-1.226938817,0.58300921,-1.110511789,-0.787420706,-0.93034134,0.224821151,-0.912403864,-0.93871701,0.50517282,-0.856868591,0.208856621,-0.594805987,-0.686485179,-0.780673938,1.32674221,1.788101505,-1.277526022,-0.119032766,-0.845898079,-0.018861198,-0.771710735
IPB24C-61,0.970950594,-0.612076553,-0.118472538,-0.836009765,1.306038476,0.687735029,-1.030998067,1.40328718,0.237538983,-1.226938817,0.58300921,-1.110511789,-0.787420706,-0.93034134,0.224821151,-0.912403864,-0.93871701,0.50517282,-0.856868591,0.208856621,-0.594805987,-0.686485179,-0.780673938,1.32674221,1.788101505,-1.277526022,-0.119032766,-0.845898079,-0.018861198,-0.771710735
IPB24C-62,7.093106221,-0.612076553,-0.118472538,-0.836009765,1.306038476,0.687735029,-1.030998067,1.40328718,0.237538983,-1.226938817,0.58300921,-1.110511789,-0.787420706,-0.93034134,0.224821151,-0.912403864,-0.93871701,0.50517282,-0.856868591,0.208856621,-0.594805987,-0.686485179,-0.780673938,1.32674221,1.788101505,-1.277526022,-0.119032766,-0.845898079,-0.018861198,-0.771710735
IPB24C-63,6.658752281,-0.612076553,-0.118472538,-0.836009765,1.306038476,0.687735029,-1.030998067,1.40328718,0.237538983,-1.226938817,0.58300921,-1.110511789,-0.787420706,-0.93034134,0.224821151,-0.912403864,-0.93871701,0.50517282,-0.856868591,0.208856621,-0.594805987,-0.686485179,-0.780673938,1.32674221,1.788101505,-1.277526022,-0.119032766,-0.845898079,-0.018861198,-0.771710735
IPB24C-65,1.5,-0.612076553,-0.118472538,-0.836009765,1.306038476,0.687735029,-1.030998067,1.40328718,0.237538983,-1.226938817,0.58300921,-1.110511789,-0.787420706,-0.93034134,0.224821151,-0.912403864,-0.93871701,0.50517282,-0.856868591,0.208856621,-0.594805987,-0.686485179,-0.780673938,1.32674221,1.788101505,-1.277526022,-0.119032766,-0.845898079,-0.018861198,-0.771710735
IPB24C-66,6.715569828,-0.612076553,-0.118472538,-0.836009765,1.306038476,0.687735029,-1.030998067,1.40328718,0.237538983,-1.226938817,0.58300921,-1.110511789,-0.787420706,-0.93034134,0.224821151,-0.912403864,-0.93871701,0.50517282,-0.856868591,0.208856621,-0.594805987,-0.686485179,-0.780673938,1.32674221,1.788101505,-1.277526022,-0.119032766,-0.845898079,-0.018861198,-0.771710735
IPB24C-68,7.480928794,-0.601569567,-0.133018504,-0.844229738,1.301875564,0.687735029,-1.030998067,1.40328718,0.237538983,-1.22334893,0.588680861,-1.106555152,-0.770519671,-0.946155286,0.224821151,-0.933147422,-0.93871701,0.530277558,-0.851149935,0.230442414,-0.558264137,-0.698834673,-0.795781604,1.32674221,-1.03418333,-1.114881908,-0.119032766,-0.698130512,-0.018861198,-0.770843659
IPB24C-69,5.603586383,-0.601569567,-0.133018504,-0.844229738,1.301875564,0.687735029,-1.030998067,1.40328718,0.237538983,-1.22334893,0.588680861,-1.106555152,-0.770519671,-0.946155286,0.224821151,-0.933147422,-0.93871701,0.530277558,-0.851149935,0.230442414,-0.558264137,-0.698834673,-0.795781604,1.32674221,-1.03418333,-1.114881908,-0.119032766,-0.698130512,-0.018861198,-0.770843659
IPB24C-70,6.804214899,-0.601569567,-0.133018504,-0.844229738,1.301875564,0.687735029,-1.030998067,1.40328718,0.237538983,-1.22334893,0.588680861,-1.106555152,-0.770519671,-0.946155286,0.224821151,-0.933147422,-0.93871701,0.530277558,-0.851149935,0.230442414,-0.558264137,-0.698834673,-0.795781604,1.32674221,-1.03418333,-1.114881908,-0.119032766,-0.698130512,-0.018861198,-0.770843659
IPB24C-71,3.664497779,-0.601569567,-0.133018504,-0.844229738,1.301875564,0.687735029,-1.030998067,1.40328718,0.237538983,-1.22334893,0.588680861,-1.106555152,-0.770519671,-0.946155286,0.224821151,-0.933147422,-0.93871701,0.530277558,-0.851149935,0.230442414,-0.558264137,-0.698834673,-0.795781604,1.32674221,-1.03418333,-1.114881908,-0.119032766,-0.698130512,-0.018861198,-0.770843659
IPB24C-72,0,-0.601569567,-0.133018504,-0.844229738,1.301875564,0.687735029,-1.030998067,1.40328718,0.237538983,-1.22334893,0.588680861,-1.106555152,-0.770519671,-0.946155286,0.224821151,-0.933147422,-0.93871701,0.530277558,-0.851149935,0.230442414,-0.558264137,-0.698834673,-0.795781604,1.32674221,-1.03418333,-1.114881908,-0.119032766,-0.698130512,-0.018861198,-0.770843659
IPB24C-73,7.091241342,-0.601569567,-0.133018504,-0.844229738,1.301875564,0.687735029,-1.030998067,1.40328718,0.237538983,-1.22334893,0.588680861,-1.106555152,-0.770519671,-0.946155286,0.224821151,-0.933147422,-0.93871701,0.530277558,-0.851149935,0.230442414,-0.558264137,-0.698834673,-0.795781604,1.32674221,-1.03418333,-1.114881908,-0.119032766,-0.698130512,-0.018861198,-0.770843659
IPB24C-74,5.996696162,-0.613577705,-0.123321193,-0.838749684,1.303789535,0.687735029,-1.030998067,1.40328718,0.23112379,-1.226938817,0.577337899,-1.110511789,-0.787420706,-0.946155286,0.224821151,-0.936151965,-0.949753796,0.50517282,-0.868305904,0.208856621,-0.594805987,-0.675914951,-0.765094685,1.32674221,1.788101505,-1.752310595,-0.116089688,-0.988233866,-0.012420888,-0.771710735
IPB24C-76,6.549866659,-0.601569567,-0.133018504,-0.844229738,1.301875564,0.687735029,-1.030998067,1.40328718,0.237538983,-1.22334893,0.588680861,-1.106555152,-0.770519671,-0.946155286,0.224821151,-0.933147422,-0.93871701,0.530277558,-0.851149935,0.230442414,-0.558264137,-0.696479007,-0.792240411,0.740487466,-1.03418333,-1.114881908,-0.119032766,-0.402006668,-0.018861198,-0.770843659
IPB24C-77,6.952046682,-0.601569567,-0.133018504,-0.844229738,1.301875564,0.687735029,-1.030998067,1.40328718,0.237538983,-1.22334893,0.588680861,-1.106555152,-0.770519671,-0.946155286,0.224821151,-0.933147422,-0.93871701,0.530277558,-0.851149935,0.230442414,-0.558264137,-0.696479007,-0.792240411,0.740487466,-1.03418333,-1.114881908,-0.119032766,-0.402006668,-0.018861198,-0.770843659
IPB24C-78,6.616500319,-0.601569567,-0.133018504,-0.844229738,1.301875564,0.687735029,-1.030998067,1.40328718,0.237538983,-1.22334893,0.588680861,-1.106555152,-0.770519671,-0.946155286,0.224821151,-0.933147422,-0.93871701,0.530277558,-0.851149935,0.230442414,-0.558264137,-0.696479007,-0.792240411,0.740487466,-1.03418333,-1.114881908,-0.119032766,-0.402006668,-0.018861198,-0.770843659
IPB24C-79,1,-0.601569567,-0.133018504,-0.844229738,1.301875564,0.687735029,-1.030998067,1.40328718,0.237538983,-1.22334893,0.588680861,-1.106555152,-0.770519671,-0.946155286,0.224821151,-0.933147422,-0.93871701,0.530277558,-0.851149935,0.230442414,-0.558264137,-0.696479007,-0.792240411,0.740487466,-1.03418333,-1.114881908,-0.119032766,-0.402006668,-0.018861198,-0.770843659
IPB24C-82,5.402569011,-0.601569567,-0.133018504,-0.844229738,1.301875564,0.687735029,-1.030998067,1.40328718,0.237538983,-1.22334893,0.588680861,-1.106555152,-0.770519671,-0.946155286,0.224821151,-0.933147422,-0.93871701,0.530277558,-0.851149935,0.230442414,-0.558264137,-0.696479007,-0.792240411,0.740487466,-1.03418333,-1.114881908,-0.119032766,-0.402006668,-0.018861198,-0.770843659
IPB24C-83,5.222274414,-0.601569567,-0.133018504,-0.844229738,1.301875564,0.687735029,-1.030998067,1.40328718,0.237538983,-1.22334893,0.588680861,-1.106555152,-0.770519671,-0.946155286,0.224821151,-0.933147422,-0.93871701,0.530277558,-0.851149935,0.230442414,-0.558264137,-0.696479007,-0.792240411,0.740487466,-1.03418333,-1.114881908,-0.119032766,-0.402006668,-0.018861198,-0.770843659
IPB24C-84,6.138875234,-0.526517712,-0.142716396,-0.858004611,1.320234531,0.823295775,-0.957730031,1.425736964,0.333770728,-1.191039604,0.67375393,-1.070945039,-0.713056151,-0.867085554,0.319526031,-0.898324119,-0.883533082,0.580487034,-0.776807398,0.273613999,-0.594805987,-0.773112859,-0.903793829,1.25485463,1.788101505,-2.879740844,-0.049769641,-0.58094446,0.125167549,-0.762172895
IPB24C-86,4.512647281,-0.583556819,-0.162112181,-0.860669362,1.304720959,0.721625215,-1.006575388,1.40328718,0.263200525,-1.212579119,0.605695815,-1.094685075,-0.76037905,-0.946155286,0.319526031,-0.937331564,-0.933198617,0.555382296,-0.839712621,0.252028206,-0.558264137,-0.720875199,-0.826170013,1.32674221,1.788101505,-0.315708769,-0.08746523,-0.961647078,0.046712866,-0.772317688
IPB24C-88,1.584962501,-0.583556819,-0.162112181,-0.860669362,1.304720959,0.721625215,-1.006575388,1.40328718,0.263200525,-1.212579119,0.605695815,-1.094685075,-0.76037905,-0.946155286,0.319526031,-0.937331564,-0.933198617,0.555382296,-0.839712621,0.252028206,-0.558264137,-0.720875199,-0.826170013,1.32674221,1.788101505,-0.315708769,-0.08746523,-0.961647078,0.046712866,-0.772317688
IPB24C-89,5.14408266,-0.583556819,-0.162112181,-0.860669362,1.304720959,0.721625215,-1.006575388,1.40328718,0.263200525,-1.212579119,0.605695815,-1.094685075,-0.76037905,-0.946155286,0.319526031,-0.937331564,-0.933198617,0.555382296,-0.839712621,0.252028206,-0.558264137,-0.720875199,-0.826170013,1.32674221,1.788101505,-0.315708769,-0.08746523,-0.961647078,0.046712866,-0.772317688
IPB24C-90,6.442768638,-0.583556819,-0.162112181,-0.860669362,1.304720959,0.721625215,-1.006575388,1.40328718,0.263200525,-1.212579119,0.605695815,-1.094685075,-0.76037905,-0.946155286,0.319526031,-0.937331564,-0.933198617,0.555382296,-0.839712621,0.252028206,-0.558264137,-0.720875199,-0.826170013,1.32674221,1.788101505,-0.315708769,-0.08746523,-0.961647078,0.046712866,-0.772317688
IPB24C-91,5.309101316,-0.583556819,-0.162112181,-0.860669362,1.304720959,0.721625215,-1.006575388,1.40328718,0.263200525,-1.212579119,0.605695815,-1.094685075,-0.76037905,-0.946155286,0.319526031,-0.937331564,-0.933198617,0.555382296,-0.839712621,0.252028206,-0.558264137,-0.720875199,-0.826170013,1.32674221,1.788101505,-0.315708769,-0.08746523,-0.961647078,0.046712866,-0.772317688
IPB24C-92,5.884513436,-0.583556819,-0.162112181,-0.860669362,1.304720959,0.721625215,-1.006575388,1.40328718,0.263200525,-1.212579119,0.605695815,-1.094685075,-0.76037905,-0.946155286,0.319526031,-0.937331564,-0.933198617,0.555382296,-0.839712621,0.252028206,-0.558264137,-0.720875199,-0.826170013,1.32674221,1.788101505,-0.315708769,-0.08746523,-0.961647078,0.046712866,-0.772317688
IPB24C-95,6.309158682,-0.583556819,-0.162112181,-0.860669362,1.304720959,0.721625215,-1.006575388,1.40328718,0.263200525,-1.212579119,0.605695815,-1.094685075,-0.76037905,-0.946155286,0.319526031,-0.937331564,-0.933198617,0.555382296,-0.839712621,0.252028206,-0.558264137,-0.720875199,-0.826170013,1.32674221,1.788101505,-0.315708769,-0.08746523,-0.961647078,0.046712866,-0.772317688
IPB24C-96,5.383304181,-0.583556819,-0.162112181,-0.860669362,1.304720959,0.721625215,-1.006575388,1.40328718,0.263200525,-1.212579119,0.605695815,-1.094685075,-0.76037905,-0.946155286,0.319526031,-0.937331564,-0.933198617,0.555382296,-0.839712621,0.252028206,-0.558264137,-0.720875199,-0.826170013,1.32674221,1.788101505,-0.315708769,-0.08746523,-0.961647078,0.046712866,-0.772317688
IPB24C-97,7.075237968,-0.583556819,-0.162112181,-0.860669362,1.304720959,0.721625215,-1.006575388,1.40328718,0.263200525,-1.212579119,0.605695815,-1.094685075,-0.76037905,-0.946155286,0.319526031,-0.937331564,-0.933198617,0.555382296,-0.839712621,0.252028206,-0.558264137,-0.720875199,-0.826170013,1.32674221,1.788101505,-0.315708769,-0.08746523,-0.961647078,0.046712866,-0.772317688
IPB24C-99,6.346138777,-0.615078857,-0.225147028,-0.871528203,1.267063407,0.619954656,-1.006575388,1.335937829,0.199046285,-0.756659013,0.548979982,-1.094685075,-0.763759257,-0.914527393,0.224821151,-0.935540353,-0.93871701,0.50517282,-0.856868591,0.230442414,-0.594805987,-0.610632379,-0.6862637,0.376650436,-1.03418333,0.601987915,-0.120806676,0.316333859,-0.022374095,-0.770670243
IPB24D-33,1.584962501,1.085590979,0.14821456,0.057442251,-0.206335877,0.958856521,0.800702826,-0.100848775,-0.02549471,0.862396203,0.821214144,0.812433007,0.615365227,0.11337912,0.319526031,-0.506869383,0.164961557,0.655801248,-0.342189494,1.266560459,-0.083220091,-0.143440182,-0.337313869,0.559571964,1.788101505,-1.308749163,-0.274290213,-1.177604589,-0.258323628,-0.561531437
IPB24D-34,7.244966902,0.816905957,0.230645192,-0.007177504,-0.081685369,0.857185961,0.507630683,0.101199727,-0.256450898,0.643410846,0.668082279,0.563162386,0.557901707,0.11337912,0.508935791,-0.499888922,0.2091087,0.781324938,-0.48515591,1.331317837,0.099489158,0.294604127,-0.511433077,-0.627629587,0.094730604,0.440953412,-0.306704388,-0.25019955,-0.37307824,-0.478725649
IPB24D-35,2.128085279,-0.522014615,-0.661543289,-0.408269178,-0.049585134,-0.701762619,-0.176204317,-0.302896604,-1.622941294,-0.128422466,-0.573984189,-0.335003227,1.064932767,0.888262491,1.455984594,-0.262424461,0.738874412,0.906848628,0.02380453,1.676690518,0.136031008,0.823452299,1.470543992,-1.69790342,-0.469726363,0.555480896,-0.312550228,1.999468695,-0.395912066,0.4989896
IPB24D-36,3.807354922,-0.522014615,-0.661543289,-0.408269178,-0.049585134,-0.701762619,-0.176204317,-0.302896604,-1.622941294,-0.128422466,-0.573984189,-0.335003227,1.064932767,0.888262491,1.455984594,-0.262424461,0.738874412,0.906848628,0.02380453,1.676690518,0.136031008,0.823452299,1.470543992,-1.69790342,-0.469726363,0.555480896,-0.312550228,1.999468695,-0.395912066,0.4989896
IPB24D-38,5.277613437,0.79288968,-0.254240124,-0.387314069,0.242126409,1.06052708,0.556476041,0.190998413,-0.134556841,0.50340386,0.951658722,0.393025453,0.412552803,0.192448851,0.793050432,-0.253718984,0.336031735,0.50517282,-0.57093576,1.288146251,0.099489158,-0.346575121,-0.877850612,0.187689363,0.094730604,0.371140665,-0.307671975,-0.055845217,-0.397668514,-0.626388745
IPB24D-39,1.584962501,0.4731698,-0.259089361,-0.513644557,0.425667329,0.958856521,0.214558541,0.437946482,-0.384759378,0.226979883,0.804199189,0.072534416,0.08129251,-0.044760344,0.698345552,-0.388550082,0.027001736,0.454963344,-0.713902175,0.748501436,0.318740256,-0.793554111,0.593910343,1.038979756,0.094730604,0.503110628,-0.282434073,-0.672541514,-0.240173664,-0.491471671
IPB24D-41,1.49111485,0.79288968,-0.254240124,-0.387314069,0.242126409,1.06052708,0.556476041,0.190998413,-0.134556841,0.50340386,0.951658722,0.393025453,0.412552803,0.192448851,0.793050432,-0.253718984,0.336031735,0.50517282,-0.57093576,1.288146251,0.099489158,-0.346575121,-0.877850612,0.187689363,0.094730604,0.371140665,-0.307671975,-0.055845217,-0.397668514,-0.626388745
IPB24D-42,4.277613437,0.476171745,-0.220297791,-0.34071905,0.18223902,0.721625215,0.361094612,0.14609907,-0.49382228,0.341857338,0.605695135,0.218931527,0.483537152,0.271518583,0.982460193,-0.194495959,0.42432602,0.454963344,-0.508030537,1.352903629,0.099489158,-0.543314536,-0.710936598,-1.432721288,-0.469726363,1.11149355,-0.311542324,1.503219756,-0.408207203,-0.318489947
IPB24D-43,4.169925001,0.79288968,-0.254240124,-0.387314069,0.242126409,1.06052708,0.556476041,0.190998413,-0.134556841,0.50340386,0.951658722,0.393025453,0.412552803,0.192448851,0.793050432,-0.253718984,0.336031735,0.50517282,-0.57093576,1.288146251,0.099489158,-0.346575121,-0.877850612,0.187689363,0.094730604,0.371140665,-0.307671975,-0.055845217,-0.397668514,-0.626388745
IPB24D-46,3.689891669,1.663488174,-1.282195958,-0.22617757,-0.721161306,0.48439391,1.850878005,-1.380485996,1.514213211,1.487042755,0.923301486,1.489024695,2.12293758,1.868727165,-0.05929349,0.732526255,2.035696728,-0.197759845,2.271236585,-0.201273438,-0.22938749,-0.690607851,0.015219564,0.617993813,0.094730604,1.11149355,5.91468043,0.04525407,5.476479553,-0.687430917
IPB24D-47,3.459431619,1.502877838,-0.8312528,-0.197668109,-0.434576154,0.789405588,1.508960505,-0.864141196,1.225517976,1.242928083,0.991360282,1.212057258,1.274505606,0.951518276,0.982460193,0.006464313,0.821650304,0.50517282,0.704324669,0.770087229,-0.22938749,-0.78627633,-0.950168694,0.767307414,0.094730604,0.084045509,-0.243770897,-0.56296902,-0.25012687,-0.740235865
IPB24D-48,3.584962501,1.258209453,-0.836102037,-0.201627436,-0.456721835,0.552174283,1.338001755,-0.864140971,0.949654282,1.102920881,0.747484037,1.061703392,1.352250368,1.014774062,0.982460193,0.013052167,0.860279054,0.480068082,0.744355265,0.834844607,-0.19284564,-0.796225888,-0.930589803,-0.222336819,0.094730604,0.295781603,-0.245706071,1.727749195,-0.254810732,-0.521732634
IPB24D-50,4.087462841,1.258209453,-0.836102037,-0.201627436,-0.456721835,0.552174283,1.338001755,-0.864140971,0.949654282,1.102920881,0.747484037,1.061703392,1.352250368,1.014774062,0.982460193,0.013052167,0.860279054,0.480068082,0.744355265,0.834844607,-0.19284564,-0.796225888,-0.930589803,-0.222336819,0.094730604,0.295781603,-0.245706071,1.727749195,-0.254810732,-0.521732634
IPB24D-51,5.469670487,1.258209453,-0.836102037,-0.201627436,-0.456721835,0.552174283,1.338001755,-0.864140971,0.949654282,1.102920881,0.747484037,1.061703392,1.352250368,1.014774062,0.982460193,0.013052167,0.860279054,0.480068082,0.744355265,0.834844607,-0.19284564,-0.796225888,-0.930589803,-0.222336819,0.094730604,0.295781603,-0.245706071,1.727749195,-0.254810732,-0.521732634
IPB24D-52,4.82996615,1.741542334,-1.456754939,-0.41578298,-0.639501857,0.619954656,1.899723362,-1.335586877,1.674599967,1.494222529,1.065090388,1.500894725,2.004630333,1.362680882,0.508935791,0.535179157,1.632854051,0.078392273,1.853774651,0.122513451,-0.265929339,0.270751424,-0.678282683,1.008152588,0.094730604,-0.731938097,2.011755753,-0.804014797,1.556672784,-0.773011349
IPB24D-54,3.321928095,1.683001714,-1.946488328,-0.673045178,-0.716105157,0.38272335,2.046259434,-1.627433616,1.546290716,1.515762065,0.951659403,1.50485148,1.95054702,1.425936667,-0.153998371,0.590252721,1.516967801,-0.298178797,1.733682862,-0.179687646,-2.019938127,0.330829691,-0.572001538,0.277808008,3.481472405,0.144454643,1.110690072,-0.73494516,0.782079154,-0.752461641
IPB24D-56,5.551730526,-0.526517712,-0.142716396,-0.858004611,1.320234531,0.823295775,-0.957730031,1.425736964,0.333770728,-1.191039604,0.67375393,-1.070945039,-0.713056151,-0.867085554,0.319526031,-0.898324119,-0.883533082,0.580487034,-0.776807398,0.273613999,-0.594805987,-0.773112859,-0.903793829,1.25485463,1.788101505,-2.879740844,-0.049769641,-0.58094446,0.125167549,-0.762172895
IPB24E-170,3.961409081,1.241698218,1.796823121,1.605578484,-1.186943892,0.213272417,0.727434791,-0.527394216,0.506987869,1.059842024,0.032870257,1.409891243,0.196219551,1.45756456,-1.290456934,1.850400287,1.290713695,-1.302368318,1.49921794,-1.345320446,2.036207194,2.06130321,-0.954501812,-0.412138179,0.094730604,0.679203702,-0.314243506,-0.323711083,-0.405279789,0.324793969
IPB24E-171,7.209081696,-0.787697332,1.331333591,1.568082054,-1.143269649,-2.05737008,-0.542544495,-0.864141196,-1.53954032,-0.149961787,-1.776350118,0.076491409,0.388891354,0.872448545,-1.195752053,0.940347089,0.87131584,-0.925797248,1.064600036,-1.021533557,1.239594869,0.977004936,-0.017423974,-1.454443501,-0.469726363,1.11149355,-0.309566834,2.287139712,-0.388300791,1.651680848
IPB24E-172,6.896337612,-0.787697332,1.331333591,1.568082054,-1.143269649,-2.05737008,-0.542544495,-0.864141196,-1.53954032,-0.149961787,-1.776350118,0.076491409,0.388891354,0.872448545,-1.195752053,0.940347089,0.87131584,-0.925797248,1.064600036,-1.021533557,1.239594869,0.977004936,-0.017423974,-1.454443501,-0.469726363,1.11149355,-0.309566834,2.287139712,-0.388300791,1.651680848
IPB24E-174,3.698089277,1.415817845,-0.608205927,-0.046670152,-0.43680577,0.687735029,1.386847112,-0.819241404,1.527044367,1.181899468,0.934644789,1.144794074,0.564662121,0.492913832,0.603640672,0.573868052,0.887871018,0.279230177,1.081756006,0.403128755,0.830326152,-0.574435555,-0.689793542,-0.88319048,0.094730604,0.779467152,-0.314445086,-0.613248113,-0.381274998,-0.29898073
IPB24E-175,6.02159838,0.876947729,2.325348081,2.033560968,-1.549881528,0.077711671,0.654166755,-0.549844,-0.205127044,1.3721653,-0.596670454,1.398020976,0.409172596,0.904076437,-1.574571574,1.297108186,0.926499768,-1.65383465,1.121786603,-1.453249409,1.451537598,2.550946388,0.590682732,-0.812017299,0.094730604,0.822678182,-0.310252208,-0.123093105,-0.374834688,0.815992699
IPB24E-177,4.715111377,0.876947729,2.325348081,2.033560968,-1.549881528,0.077711671,0.654166755,-0.549844,-0.205127044,1.3721653,-0.596670454,1.398020976,0.409172596,0.904076437,-1.574571574,1.297108186,0.926499768,-1.65383465,1.121786603,-1.453249409,1.451537598,2.550946388,0.590682732,-0.812017299,0.094730604,0.822678182,-0.310252208,-0.123093105,-0.374834688,0.815992699
IPB24E-179,6.217545329,0.866440383,1.515590639,1.495014125,-1.117727211,-0.159519634,0.580898719,-0.639643134,0.224707827,0.819317131,-0.216677639,1.144793836,0.273964313,1.030588008,-1.101047173,1.21991833,1.014794053,-0.850483034,1.213285109,-0.95677618,1.451537598,1.585157639,-0.984472889,-0.839009482,0.094730604,0.051041137,-0.303358148,-0.296814322,-0.367223413,0.552314793
IPB24E-180,5.576977058,0.77938039,1.544683153,1.987488998,-1.767843515,-0.261190194,0.996084255,-1.088638808,-0.615715567,1.436783694,-0.834875047,1.481111421,0.43959446,0.983146169,-1.385161814,1.138881776,0.799576733,-1.302368318,0.206801542,-1.215805691,1.414995748,3.922970126,0.316480196,-1.287794795,0.094730604,0.781521216,-0.322750211,0.595502771,-0.432797477,1.045767922
IPB24E-181,4.310443058,-0.23831951,1.63196244,1.743211058,-1.321445164,-1.413456536,-0.151781638,-0.79679162,-1.135367375,0.266468961,-1.419043568,0.535465571,0.355089283,1.204541418,-1.479866694,1.410617023,1.08653316,-1.327473056,1.287627645,-1.366906239,1.853497945,1.614316089,-0.770855854,-1.371452868,-0.469726363,0.934469522,-0.308921776,1.627579769,-0.37951855,1.543296309
IPB24E-182,6.085229077,-0.365907375,0.899786393,1.917941034,-1.535307678,-1.752358401,0.385517291,-1.515184698,-1.411231839,0.32749779,-1.662919813,0.60272923,-0.388556272,0.271518583,-0.816932532,1.168943311,0.341550128,-1.051320938,0.515609,-1.12946252,1.780414245,0.66269353,-0.612572996,-0.382134668,0.094730604,0.146407886,-0.323556534,-0.177543266,-0.417574926,1.72078683
IPB24E-183,4.489665461,0.447652011,2.121696411,1.9925257,-1.440859256,-0.532311686,0.336671933,-0.662093367,-0.513068629,1.052662251,-0.868904275,1.061703629,0.091433132,0.872448545,-1.669276455,1.415279879,0.766466376,-1.603625174,0.95594556,-1.496420995,1.597704997,1.920061825,0.322801913,-1.197142024,-0.469726363,1.003268683,-0.322830843,0.96294401,-0.422844271,1.354273673
IPB24E-188,6.873551149,1.893146476,1.224659682,1.480981826,-1.337030317,0.586064469,1.362424434,-0.864140971,0.936822741,1.497812524,0.412863072,1.892605702,1.095354631,2.469657126,-1.763981335,2.26653671,2.405429048,-1.678939388,1.55068585,-1.669107335,1.524621297,0.815030546,-0.214418994,-0.702644071,-0.243943576,1.018848531,-0.322588946,-0.73494516,-0.428699098,-0.320310807
IPB24E-189,4.208884071,0.879949674,2.257463997,1.890577323,-1.324128279,0.009931298,0.507630683,-0.460044865,0.032245107,1.275237172,-0.386823097,1.271407406,-0.107999086,0.777564867,-1.574571574,1.572988581,0.738874412,-1.52831096,0.927352277,-1.518006787,1.890039795,2.434444755,0.346354349,-1.200756043,-0.469726363,0.201231785,-0.318275119,1.058245864,-0.415818478,0.940071319
IPB24E-191,3.972625163,-0.451465856,-0.006948229,0.954677805,-1.011703905,-1.616797655,0.361094612,-1.402935555,-1.019888896,-0.020724785,-1.316955545,0.218931527,0.131995616,1.220355364,-1.479866694,1.431796115,0.876834232,-1.227054104,1.070318693,-1.280563069,0.793784303,0.489092219,1.058599149,-1.232696224,0.094730604,0.872244245,-0.316743106,-0.366809254,-0.385373377,1.209038391
IPB24E-192,6.051428324,0.437145025,2.213824353,2.041066897,-1.633647582,-0.362860754,0.434362648,-0.639643134,-0.724778468,1.160359932,-1.056065027,1.168533896,0.405792389,0.856634598,-1.385161814,1.179533332,0.843723875,-1.52831096,1.036006753,-1.237391483,1.414995748,2.761617666,0.495285414,-1.502676067,-0.469726363,1.11149355,-0.326539928,0.520212642,-0.436895856,1.228634316
IPB24E-193,3.720437014,1.241698218,1.796823121,1.605578484,-1.186943892,0.213272417,0.727434791,-0.527394216,0.506987869,1.059842024,0.032870257,1.409891243,0.196219551,1.45756456,-1.290456934,1.850400287,1.290713695,-1.302368318,1.49921794,-1.345320446,2.036207194,2.06130321,-0.954501812,-0.412138179,0.094730604,0.679203702,-0.314243506,-0.323711083,-0.405279789,0.324793969
IPB24E-194,7.513252462,-0.23831951,1.63196244,1.743211058,-1.321445164,-1.413456536,-0.151781638,-0.79679162,-1.135367375,0.266468961,-1.419043568,0.535465571,0.355089283,1.204541418,-1.479866694,1.410617023,1.08653316,-1.327473056,1.287627645,-1.366906239,1.853497945,1.614316089,-0.770855854,-1.371452868,-0.469726363,0.934469522,-0.308921776,1.627579769,-0.37951855,1.543296309
IPB24E-195,4.438133203,-0.365907375,0.899786393,1.917941034,-1.535307678,-1.752358401,0.385517291,-1.515184698,-1.411231839,0.32749779,-1.662919813,0.60272923,-0.388556272,0.271518583,-0.816932532,1.168943311,0.341550128,-1.051320938,0.515609,-1.12946252,1.780414245,0.66269353,-0.612572996,-0.382134668,0.094730604,0.146407886,-0.323556534,-0.177543266,-0.417574926,1.72078683
IPB24E-196,6.655105726,0.437145025,2.213824353,2.041066897,-1.633647582,-0.362860754,0.434362648,-0.639643134,-0.724778468,1.160359932,-1.056065027,1.168533896,0.405792389,0.856634598,-1.385161814,1.179533332,0.843723875,-1.52831096,1.036006753,-1.237391483,1.414995748,2.761617666,0.495285414,-1.502676067,-0.469726363,1.11149355,-0.326539928,0.520212642,-0.436895856,1.228634316
IPB24E-197,6.345684048,0.437145025,2.213824353,2.041066897,-1.633647582,-0.362860754,0.434362648,-0.639643134,-0.724778468,1.160359932,-1.056065027,1.168533896,0.405792389,0.856634598,-1.385161814,1.179533332,0.843723875,-1.52831096,1.036006753,-1.237391483,1.414995748,2.761617666,0.495285414,-1.502676067,-0.469726363,1.11149355,-0.326539928,0.520212642,-0.436895856,1.228634316
IPB24E-198,5.00291008,0.171462308,2.228370901,2.076303859,-1.587832876,-0.701762619,0.214558541,-0.662093367,-0.930072344,0.966504105,-1.237553787,0.974656666,0.317907005,0.919890384,-1.290456934,1.285683999,0.876834232,-1.503206222,1.070318693,-1.280563069,1.670788696,2.697973264,0.036684063,-1.097941513,-0.469726363,0.142500911,-0.325451392,0.927390465,-0.431041029,1.509740456
IPB24E-199,4.011856672,0.876947729,2.325348081,2.033560968,-1.549881528,0.077711671,0.654166755,-0.549844,-0.205127044,1.3721653,-0.596670454,1.398020976,0.409172596,0.904076437,-1.574571574,1.297108186,0.926499768,-1.65383465,1.121786603,-1.453249409,1.451537598,2.550946388,0.590682732,-0.812017299,0.094730604,0.822678182,-0.310252208,-0.123093105,-0.374834688,0.815992699
IPB24E-200,6.066478777,0.881450466,2.339894629,2.021511082,-1.544282881,0.111601858,0.654166755,-0.527394441,-0.198711081,1.3721653,-0.590998462,1.398020976,0.385511147,0.856634598,-1.574571574,1.286952748,0.893389411,-1.65383465,1.087474663,-1.453249409,1.451537598,2.55924297,0.625916583,-1.477936189,-0.469726363,0.531282351,-0.310413473,0.0398219,-0.375420171,0.821108449
IPB24G-202,6.67033743,-0.787697332,1.331333591,1.568082054,-1.143269649,-2.05737008,-0.542544495,-0.864141196,-1.53954032,-0.149961787,-1.776350118,0.076491409,0.388891354,0.872448545,-1.195752053,0.940347089,0.87131584,-0.925797248,1.064600036,-1.021533557,1.239594869,0.977004936,-0.017423974,-1.454443501,-0.469726363,1.11149355,-0.309566834,2.287139712,-0.388300791,1.651680848
IPB24G-203,7.773284766,-0.787697332,1.331333591,1.568082054,-1.143269649,-2.05737008,-0.542544495,-0.864141196,-1.53954032,-0.149961787,-1.776350118,0.076491409,0.388891354,0.872448545,-1.195752053,0.940347089,0.87131584,-0.925797248,1.064600036,-1.021533557,1.239594869,0.977004936,-0.017423974,-1.454443501,-0.469726363,1.11149355,-0.309566834,2.287139712,-0.388300791,1.651680848
IPB24G-204,6.267172582,-0.787697332,1.331333591,1.568082054,-1.143269649,-2.05737008,-0.542544495,-0.864141196,-1.53954032,-0.149961787,-1.776350118,0.076491409,0.388891354,0.872448545,-1.195752053,0.940347089,0.87131584,-0.925797248,1.064600036,-1.021533557,1.239594869,0.977004936,-0.017423974,-1.454443501,-0.469726363,1.11149355,-0.309566834,2.287139712,-0.388300791,1.651680848
IPB24G-206,6.022320044,0.77938039,1.544683153,1.987488998,-1.767843515,-0.261190194,0.996084255,-1.088638808,-0.615715567,1.436783694,-0.834875047,1.481111421,0.43959446,0.983146169,-1.385161814,1.138881776,0.799576733,-1.302368318,0.206801542,-1.215805691,1.414995748,3.922970126,0.316480196,-1.287794795,0.094730604,0.781521216,-0.322750211,0.595502771,-0.432797477,1.045767922
IPB24G-207,5.062086647,-1.195978358,-0.006948229,0.388002735,-0.566672852,-1.786248588,-0.46927646,-0.751892053,-1.372739141,-0.699220178,-1.628890585,-0.528880338,-0.42573855,0.081751227,-0.816932532,0.912382255,0.098740843,-1.0262162,0.263988108,-1.107876728,0.830326152,0.205937801,0.135252718,-1.040052353,-0.469726363,0.884665831,-0.30428542,0.597399465,-0.364881482,1.56228528
IPB24G-209,6.825180744,-0.993338997,-0.244542231,0.102972513,-0.389509463,-1.413456536,-0.347163067,-0.617193351,-0.987812161,-0.670500868,-1.288598309,-0.497227005,-0.439259378,0.097565173,-0.722227652,0.796323431,0.004928165,-0.976006724,0.166770946,-1.064705143,0.720700603,-0.150993071,0.182383105,-0.081127705,-1.03418333,0.291827982,-0.305777117,-0.548563245,-0.362539551,1.346903525
IPB24G-210,4.468426198,-0.520513822,-0.162112181,0.120536532,-0.366134182,-0.871213552,-0.029668245,-0.549844,-0.474575931,-0.401256449,-0.834875047,-0.200476027,-0.527144762,0.065937281,-0.816932532,0.837552105,-0.050255764,-1.0262162,0.109584379,-1.107876728,0.720700603,-0.208782078,0.126060444,-0.423196498,0.094730604,1.11149355,-0.307107549,-0.399266974,-0.367808896,0.918567827
IPB24G-211,4.113032199,-1.13893889,0.002749082,0.311900254,-0.495656502,-1.616797655,-0.46927646,-0.639643134,-1.250845084,-0.706400037,-1.521130911,-0.536793707,-0.466301035,0.160820959,-0.911637413,0.986218837,0.076667272,-1.126635152,0.241113482,-1.194219898,0.757242453,-0.037139096,0.636682446,0.89545128,0.094730604,-0.664466816,-0.273524206,-0.918230137,-0.25656718,1.466126517
IPB24G-212,4.472831057,-1.542716459,1.384671127,1.47797445,-1.126653972,-2.362381759,-0.908884674,-0.729442269,-2.302979087,-0.580752728,-2.451263359,-0.398310012,-1.737258893,-0.993597125,-1.574571574,1.321750752,-0.894569867,-1.704044126,-0.765370085,-1.690693128,0.903409852,-0.020827913,-0.079396625,-1.099948571,0.094730604,0.279972694,-0.316864055,-0.598061254,-0.41406203,2.398753798
IPB24G-213,5.712837366,-0.709643532,1.564078938,1.427321425,-0.999191257,-1.345676163,-0.396008424,-0.527394216,-1.276507396,-0.135602455,-1.543817516,0.09231772,-1.689935994,-0.772201876,-1.953391095,1.873177837,-0.701426118,-2.005300983,-0.565217103,-1.949722639,0.866868002,0.124942876,-0.795764419,-1.110148683,-0.469726363,-0.253445844,-0.314969196,-0.269320166,-0.401766893,1.86645565
IPB24G-214,5.942995334,-1.110419156,1.539834497,1.471357598,-1.048630861,-1.820138774,-0.664657888,-0.594743567,-1.719173039,-0.343817829,-1.935153294,-0.137169361,-1.52092564,-0.566620573,-1.858686215,1.856001611,-0.53035594,-1.879777293,-0.387938748,-1.841793676,0.903409852,-0.504856803,-0.262980272,-1.325453934,-0.469726363,0.579726184,-0.316057732,-0.425113493,-0.411134617,2.087993648
IPB24G-215,6.326633413,-0.559540542,0.797960558,0.99164644,-0.712111431,-1.345676163,-0.200626995,-0.706992485,-0.897995609,-0.254069689,-1.209196551,-0.038252369,-0.939530025,-0.503364788,-0.722227652,0.861896347,-0.31513862,-1.0262162,-0.164911139,-1.107876728,0.830326152,0.471152488,-0.562282368,-1.010001593,-1.03418333,0.387062716,-0.297794521,0.073739001,-0.364295999,1.261236385
IPB24G-216,5.142327113,-1.563731151,1.016158775,0.593864971,-0.388238121,-1.549017282,-1.128688781,0.011400592,-1.520294356,-0.990003917,-1.759335844,-0.849371138,-1.686555787,-1.041038964,-1.763981335,1.457646939,-0.828349153,-1.829567816,-0.696746206,-1.798622091,0.903409852,-0.061581285,-0.147464262,-0.254765212,0.094730604,-0.272346557,-0.322750211,-0.650185147,-0.38595886,1.593933566
IPB24G-217,4.58823414,-1.454155673,0.749471677,0.393109644,-0.296138719,-1.379566349,-1.030998067,0.033850151,-1.334246058,-0.979234149,-1.594861017,-0.837501108,-1.710217236,-1.088480803,-1.669276455,1.396377686,-0.855941117,-1.804463078,-0.725339489,-1.777036298,0.866868002,0.080050633,-0.346040228,-0.715954392,-0.469726363,-0.043596398,-0.324766018,0.25532918,-0.404108824,1.29583273
IPB24G-218,6.805362892,-1.156951278,-0.540321843,-0.239608847,-0.165079451,-1.311785976,-0.46927646,-0.437595081,-0.917241958,-0.86794656,-1.226211165,-0.714844151,-0.628550974,-0.155457968,-0.911637413,0.580014602,-0.298583441,-1.051320938,-0.147755169,-1.12946252,0.684158754,-0.732821175,-0.457476749,-0.694888886,0.094730604,0.025862841,-0.246875239,-0.066334829,-0.189236668,1.158834673
IPB24G-219,4.480809578,-0.559540542,0.797960558,0.99164644,-0.712111431,-1.345676163,-0.200626995,-0.706992485,-0.897995609,-0.254069689,-1.209196551,-0.038252369,-0.939530025,-0.503364788,-0.722227652,0.861896347,-0.31513862,-1.0262162,-0.164911139,-1.107876728,0.830326152,0.471152488,-0.562282368,-1.010001593,-1.03418333,0.387062716,-0.297794521,0.073739001,-0.364295999,1.261236385
IPB24G-220,4.299953786,-1.13893889,0.002749082,0.311900254,-0.495656502,-1.616797655,-0.46927646,-0.639643134,-1.250845084,-0.706400037,-1.521130911,-0.536793707,-0.466301035,0.160820959,-0.911637413,0.986218837,0.076667272,-1.126635152,0.241113482,-1.194219898,0.757242453,-0.037139096,0.636682446,0.89545128,0.094730604,-0.664466816,-0.273524206,-0.918230137,-0.25656718,1.466126517
IPB24G-221,5.219712892,-0.559540542,0.797960558,0.99164644,-0.712111431,-1.345676163,-0.200626995,-0.706992485,-0.897995609,-0.254069689,-1.209196551,-0.038252369,-0.939530025,-0.503364788,-0.722227652,0.861896347,-0.31513862,-1.0262162,-0.164911139,-1.107876728,0.830326152,0.471152488,-0.562282368,-1.010001593,-1.03418333,0.387062716,-0.297794521,0.073739001,-0.364295999,1.261236385
IPB24G-222,5.53975205,-0.993338997,-0.244542231,0.102972513,-0.389509463,-1.413456536,-0.347163067,-0.617193351,-0.987812161,-0.670500868,-1.288598309,-0.497227005,-0.439259378,0.097565173,-0.722227652,0.796323431,0.004928165,-0.976006724,0.166770946,-1.064705143,0.720700603,-0.150993071,0.182383105,-0.081127705,-1.03418333,0.291827982,-0.305777117,-0.548563245,-0.362539551,1.346903525
IPB24G-223,5.456564762,-1.195978358,-0.006948229,0.388002735,-0.566672852,-1.786248588,-0.46927646,-0.751892053,-1.372739141,-0.699220178,-1.628890585,-0.528880338,-0.42573855,0.081751227,-0.816932532,0.912382255,0.098740843,-1.0262162,0.263988108,-1.107876728,0.830326152,0.205937801,0.135252718,-1.040052353,-0.469726363,0.884665831,-0.30428542,0.597399465,-0.364881482,1.56228528
IPB24G-224,6.96531675,-0.559540542,0.797960558,0.99164644,-0.712111431,-1.345676163,-0.200626995,-0.706992485,-0.897995609,-0.254069689,-1.209196551,-0.038252369,-0.939530025,-0.503364788,-0.722227652,0.861896347,-0.31513862,-1.0262162,-0.164911139,-1.107876728,0.830326152,0.471152488,-0.562282368,-1.010001593,-1.03418333,0.387062716,-0.297794521,0.073739001,-0.364295999,1.261236385
IPB24G-225,4.295990417,-1.542716459,1.384671127,1.47797445,-1.126653972,-2.362381759,-0.908884674,-0.729442269,-2.302979087,-0.580752728,-2.451263359,-0.398310012,-1.737258893,-0.993597125,-1.574571574,1.321750752,-0.894569867,-1.704044126,-0.765370085,-1.690693128,0.903409852,-0.020827913,-0.079396625,-1.099948571,0.094730604,0.279972694,-0.316864055,-0.598061254,-0.41406203,2.398753798
IPB24G-227,4.32965019,-1.13893889,0.002749082,0.311900254,-0.495656502,-1.616797655,-0.46927646,-0.639643134,-1.250845084,-0.706400037,-1.521130911,-0.536793707,-0.466301035,0.160820959,-0.911637413,0.986218837,0.076667272,-1.126635152,0.241113482,-1.194219898,0.757242453,-0.037139096,0.636682446,0.89545128,0.094730604,-0.664466816,-0.273524206,-0.918230137,-0.25656718,1.466126517
IPB24G-228,4.527000823,-1.110419156,1.539834497,1.471357598,-1.048630861,-1.820138774,-0.664657888,-0.594743567,-1.719173039,-0.343817829,-1.935153294,-0.137169361,-1.52092564,-0.566620573,-1.858686215,1.856001611,-0.53035594,-1.879777293,-0.387938748,-1.841793676,0.903409852,-0.504856803,-0.262980272,-1.325453934,-0.469726363,0.579726184,-0.316057732,-0.425113493,-0.411134617,2.087993648
IPB24G-229,6.807495297,-1.173462873,-0.331821518,-0.205912456,-0.050776856,-1.210115417,-0.615812531,-0.235547028,-1.257261047,-0.932565082,-1.152481399,-0.786064234,-0.7367176,-0.297783485,-1.006342293,0.471902796,-0.419988083,-1.076425676,-0.325033525,-1.151048313,0.793784303,-0.761750442,-0.601652431,0.146503127,-1.03418333,0.430956414,-0.225346422,-0.414644371,-0.120149708,1.073601071
IPB24G-230,5.60294552,-1.13893889,0.002749082,0.311900254,-0.495656502,-1.616797655,-0.46927646,-0.639643134,-1.250845084,-0.706400037,-1.521130911,-0.536793707,-0.466301035,0.160820959,-0.911637413,0.986218837,0.076667272,-1.126635152,0.241113482,-1.194219898,0.757242453,-0.037139096,0.636682446,0.89545128,0.094730604,-0.664466816,-0.273524206,-0.918230137,-0.25656718,1.466126517
IPB24G-231,8.021270416,-1.195978358,-0.006948229,0.388002735,-0.566672852,-1.786248588,-0.46927646,-0.751892053,-1.372739141,-0.699220178,-1.628890585,-0.528880338,-0.42573855,0.081751227,-0.816932532,0.912382255,0.098740843,-1.0262162,0.263988108,-1.107876728,0.830326152,0.205937801,0.135252718,-1.040052353,-0.469726363,0.884665831,-0.30428542,0.597399465,-0.364881482,1.56228528
IPB24G-232,10.17724246,-0.559540542,0.797960558,0.99164644,-0.712111431,-1.345676163,-0.200626995,-0.706992485,-0.897995609,-0.254069689,-1.209196551,-0.038252369,-0.939530025,-0.503364788,-0.722227652,0.861896347,-0.31513862,-1.0262162,-0.164911139,-1.107876728,0.830326152,0.471152488,-0.562282368,-1.010001593,-1.03418333,0.387062716,-0.297794521,0.073739001,-0.364295999,1.261236385
IPB24G-233,10.28054884,-0.559540542,0.797960558,0.99164644,-0.712111431,-1.345676163,-0.200626995,-0.706992485,-0.897995609,-0.254069689,-1.209196551,-0.038252369,-0.939530025,-0.503364788,-0.722227652,0.861896347,-0.31513862,-1.0262162,-0.164911139,-1.107876728,0.830326152,0.471152488,-0.562282368,-1.010001593,-1.03418333,0.387062716,-0.297794521,0.073739001,-0.364295999,1.261236385
IPB24G-234,6.961443563,-0.559540542,0.797960558,0.99164644,-0.712111431,-1.345676163,-0.200626995,-0.706992485,-0.897995609,-0.254069689,-1.209196551,-0.038252369,-0.939530025,-0.503364788,-0.722227652,0.861896347,-0.31513862,-1.0262162,-0.164911139,-1.107876728,0.830326152,0.471152488,-0.562282368,-1.010001593,-1.03418333,0.387062716,-0.297794521,0.073739001,-0.364295999,1.261236385
IPB24G-235,7.929303495,-1.542716459,1.384671127,1.47797445,-1.126653972,-2.362381759,-0.908884674,-0.729442269,-2.302979087,-0.580752728,-2.451263359,-0.398310012,-1.737258893,-0.993597125,-1.574571574,1.321750752,-0.894569867,-1.704044126,-0.765370085,-1.690693128,0.903409852,-0.020827913,-0.079396625,-1.099948571,0.094730604,0.279972694,-0.316864055,-0.598061254,-0.41406203,2.398753798
IPB24G-236,6.906385996,-1.542716459,1.384671127,1.47797445,-1.126653972,-2.362381759,-0.908884674,-0.729442269,-2.302979087,-0.580752728,-2.451263359,-0.398310012,-1.737258893,-0.993597125,-1.574571574,1.321750752,-0.894569867,-1.704044126,-0.765370085,-1.690693128,0.903409852,-0.020827913,-0.079396625,-1.099948571,0.094730604,0.279972694,-0.316864055,-0.598061254,-0.41406203,2.398753798
IPB24G-237,7.485402982,-1.542716459,1.384671127,1.47797445,-1.126653972,-2.362381759,-0.908884674,-0.729442269,-2.302979087,-0.580752728,-2.451263359,-0.398310012,-1.737258893,-0.993597125,-1.574571574,1.321750752,-0.894569867,-1.704044126,-0.765370085,-1.690693128,0.903409852,-0.020827913,-0.079396625,-1.099948571,0.094730604,0.279972694,-0.316864055,-0.598061254,-0.41406203,2.398753798
IPB24G-238,7.43458391,-0.625586204,1.612567237,1.464458407,-0.98432825,-1.27789579,-0.347163067,-0.527394216,-1.161029302,-0.092523382,-1.441729833,0.139797838,-1.706837029,-0.803829769,-1.953391095,1.845113202,-0.729018082,-1.980196245,-0.593810386,-1.928136847,0.830326152,0.181297165,-0.715096838,-1.020780289,0.094730604,0.446955718,-0.31440477,-1.067015819,-0.400010445,1.818679746
IPB24G-239,6.986396647,-1.110419156,1.539834497,1.471357598,-1.048630861,-1.820138774,-0.664657888,-0.594743567,-1.719173039,-0.343817829,-1.935153294,-0.137169361,-1.52092564,-0.566620573,-1.858686215,1.856001611,-0.53035594,-1.879777293,-0.387938748,-1.841793676,0.903409852,-0.504856803,-0.262980272,-1.325453934,-0.469726363,0.579726184,-0.316057732,-0.425113493,-0.411134617,2.087993648
IPB24G-240,4.865813969,-1.676308573,1.2246591,1.24713016,-0.871056746,-2.294601386,-0.98215271,-0.617193126,-2.104100019,-0.778198549,-2.27544557,-0.615927301,-1.564868332,-0.550806627,-2.237505736,2.020886508,-0.56898469,-2.155929411,-0.427969344,-2.079237395,1.19574465,-0.629055458,-0.33491573,-0.948181759,-0.469726363,1.11149355,-0.258325022,0.099907297,-0.282913902,2.255426084
IPB24G-241,3.924920993,-2.937175706,0.797960558,0.582624788,-0.460760808,-3.040185489,-1.983482531,-0.190647461,-3.00226323,-1.751067504,-3.069461108,-1.688186531,-1.656133923,-1.088480803,-1.763981335,1.387032318,-0.889051474,-1.879777293,-0.759651428,-1.841793676,0.830326152,0.11209922,-0.3679363,-1.193596266,0.094730604,-0.306294595,-0.324362856,-0.369095376,-0.400595928,2.746364691
IPB24H-129,0,-1.152448181,-0.545170731,-0.787827153,0.673038501,-0.261190194,-0.884461995,0.639994984,-0.782517515,-1.22334893,-0.432195967,-1.106555152,0.115094581,-0.297783485,-0.05929349,-0.342321614,-0.12199487,-0.273074059,-0.107724573,-0.46030295,0.136031008,0.688094352,1.539653678,-0.923464751,-0.469726363,0.252357,-0.321661675,0.644025039,-0.422844271,0.236438892
IPB24H-133,6.162890437,-2.128119056,-0.331821518,-0.653326301,0.624722853,-1.27789579,-1.617142353,0.639994984,-1.064796787,-1.776197013,-1.356656084,-1.715883323,-0.165462606,-0.440109003,-0.343408131,-0.34205531,-0.403432905,-0.448807225,-0.256409645,-0.611403498,0.062947308,0.129218198,-0.426030898,-0.872478177,-0.469726363,1.11149355,-0.303559729,0.62417167,-0.380689515,0.941632057
IPB4B-1,3.875,1.918663905,-1.039753707,-0.005905036,-0.774244102,0.653844842,1.972991398,-1.380485996,1.706676702,1.612690194,1.093447624,1.667075139,1.105495252,0.872448545,-0.248703251,0.326506277,0.882352625,-0.022026679,1.07603735,-0.179687646,-0.667889687,-0.606440219,2.48794026,0.143704384,-1.03418333,0.277998328,-0.235989882,0.056120305,-0.165231877,-0.752461641
IPB4B-13,4.859641,0.486679091,-0.719729422,-0.691654435,0.417270904,0.755515402,0.361094612,0.168549302,-0.455329582,0.295188486,0.787184916,0.09231772,1.308307676,1.394308774,1.834804115,-0.067540294,1.169309053,1.885933411,0.121021693,1.61193314,0.684158754,-0.66383663,-0.503874809,0.484123286,0.094730604,-0.11649606,1.904393878,-0.842944573,3.998135701,-0.553294212
IPB4B-14,4.515373346,0.486679091,-0.719729422,-0.691654435,0.417270904,0.755515402,0.361094612,0.168549302,-0.455329582,0.295188486,0.787184916,0.09231772,1.308307676,1.394308774,1.834804115,-0.067540294,1.169309053,1.885933411,0.121021693,1.61193314,0.684158754,-0.66383663,-0.503874809,0.484123286,0.094730604,-0.11649606,1.904393878,-0.842944573,3.998135701,-0.553294212
IPB4B-15,2.404009757,0.57073714,-0.642147911,-0.64971154,0.382926314,0.857185961,0.409939969,0.190998862,-0.378344185,0.3562171,0.838228417,0.167494653,1.433375338,1.615704023,1.834804115,0.034085742,1.318305659,1.785514459,0.269706765,1.741447896,0.611075054,-0.690548024,-0.224585881,0.154635396,0.094730604,-0.055135534,0.33645896,-0.226653796,1.0379351,-0.557109348
IPB4B-16,5.247927513,0.57073714,-0.642147911,-0.64971154,0.382926314,0.857185961,0.409939969,0.190998862,-0.378344185,0.3562171,0.838228417,0.167494653,1.433375338,1.615704023,1.834804115,0.034085742,1.318305659,1.785514459,0.269706765,1.741447896,0.611075054,-0.690548024,-0.224585881,0.154635396,0.094730604,-0.055135534,0.33645896,-0.226653796,1.0379351,-0.557109348
IPB4B-17,2.321928095,1.405310859,-0.128169267,0.115978987,-0.374767664,1.16219764,1.386847112,-0.504944208,-0.070402601,1.311136686,1.059419077,1.20810074,-0.560946833,-0.724760037,-0.05929349,-0.407607175,-0.778683618,-0.247969321,-1.262893212,0.338371377,-0.046678241,-0.78485979,2.392679156,0.649409556,1.788101505,-3.44104253,2.399395419,-1.578060741,2.914407197,-0.757143853
IPB4B-18,6.010062994,1.405310859,-0.128169267,0.115978987,-0.374767664,1.16219764,1.386847112,-0.504944208,-0.070402601,1.311136686,1.059419077,1.20810074,-0.560946833,-0.724760037,-0.05929349,-0.407607175,-0.778683618,-0.247969321,-1.262893212,0.338371377,-0.046678241,-0.78485979,2.392679156,0.649409556,1.788101505,-3.44104253,2.399395419,-1.578060741,2.914407197,-0.757143853
IPB4B-2,7.068692366,1.896148421,-1.025206985,-0.010181752,-0.76184117,0.653844842,1.948568719,-1.358036212,1.700261509,1.598330216,1.087776313,1.647291598,1.115635874,0.888262491,-0.248703251,0.332312211,0.898907804,-0.022026679,1.09319332,-0.158101853,-0.667889687,-0.621720959,2.389514129,0.177671927,0.094730604,-1.848612992,-0.232764591,-0.591338025,-0.155278671,-0.738761835
IPB4B-22,4.459431619,-0.634592037,-0.288181875,-0.882589255,1.181581118,0.619954656,-0.933307352,1.268588478,1.013808522,-0.699220178,0.480921867,-1.039291611,-0.652212424,-0.724760037,0.508935791,-0.798395263,-0.850422725,0.555382296,-0.719620832,0.662158266,-0.412096738,-0.752995971,0.468302372,0.733920517,0.094730604,-1.48411312,-0.131087291,-1.181265848,-0.178697979,-0.767722184
IPB4B-25,3.499227547,-0.299861354,0.114272809,0.005870383,-0.183888206,-0.159519634,-0.054090924,-0.055948759,-1.513878778,0.015174299,-0.403838051,-0.085732724,0.848599515,0.350588315,1.077165073,-0.539146249,0.446399591,1.107686532,-0.330752181,1.590347348,0.062947308,-0.147429119,-0.166350913,-1.672811964,-0.469726363,0.826802543,-0.288400861,1.601349891,-0.401766893,0.315169422
IPB4B-36,5.297079328,1.918663905,-1.039753707,-0.005905036,-0.774244102,0.653844842,1.972991398,-1.380485996,1.706676702,1.612690194,1.093447624,1.667075139,1.105495252,0.872448545,-0.248703251,0.326506277,0.882352625,-0.022026679,1.07603735,-0.179687646,-0.667889687,-0.616412857,2.493980391,0.167121029,-1.03418333,0.277998328,-0.247399349,0.065380273,-0.20036084,-0.752461641
IPB4B-4,5.413977073,1.634968801,-0.617904053,0.008133626,-0.572985554,0.721625215,1.508960505,-0.909040988,1.604029764,1.368575306,1.002703244,1.378237673,1.504359686,1.030588008,0.319526031,0.243651501,1.114125124,0.103497011,1.316220928,0.424714547,-0.15630379,-0.377994872,-0.749692316,0.672672402,1.788101505,-0.276123668,-0.235828618,-0.917472328,-0.226707562,-0.75064078
IPB4B-43,5.209453366,0.557227489,0.700983378,0.1499726,-0.021878683,0.992746707,0.312249255,0.370597131,-0.564392098,0.460325003,0.531965709,0.38906846,0.625505848,0.255704637,0.887755312,-0.479472157,0.341550128,1.032372318,-0.479437254,1.547175763,0.062947308,0.040520754,0.012142119,0.765590099,1.788101505,-2.238684175,-0.263808017,-1.627262866,-0.369565344,-0.271494411
IPB4B-5,3.546593564,1.645476147,-0.642147911,-0.027620671,-0.553816164,0.755515402,1.508960505,-0.886590755,1.636106499,1.364985527,1.03106048,1.378237673,1.531401343,1.10965774,0.319526031,0.25492212,1.141717089,0.103497011,1.344814211,0.44630034,-0.15630379,-0.427003758,-0.783905479,0.665127031,1.788101505,-0.41877799,0.17047742,-1.521653195,0.068375726,-0.759051421
IPB4B-52,7.265806065,0.593252625,0.225795955,0.22925501,-0.355180127,0.552174283,0.703012112,-0.280446596,-0.84667214,0.740338974,0.305104078,0.638339082,-0.195884469,-0.392667164,-0.05929349,-0.427187619,-0.381359334,0.028182797,-0.685308892,0.575815095,0.099489158,-0.685313048,1.255663649,-0.414917456,-1.03418333,0.187502463,-0.270379548,-0.004167435,-0.388886273,-0.3088654
IPB4B-57,1,1.405310859,-0.128169267,0.115978987,-0.374767664,1.16219764,1.386847112,-0.504944208,-0.070402601,1.311136686,1.059419077,1.20810074,-0.560946833,-0.724760037,-0.05929349,-0.407607175,-0.778683618,-0.247969321,-1.262893212,0.338371377,-0.046678241,-0.78485979,2.392679156,0.649409556,1.788101505,-3.44104253,2.399395419,-1.578060741,2.914407197,-0.757143853
IPB4B-6,6.477698898,1.64097269,-0.627601712,-0.015691032,-0.57289403,0.755515402,1.508960505,-0.886590755,1.616860535,1.3721653,1.014046207,1.382194429,1.544922171,1.10965774,0.319526031,0.252771081,1.158272267,0.128601749,1.361970181,0.467886132,-0.15630379,-0.433481479,-0.745576652,0.435845083,-1.03418333,-1.357149968,0.283685135,-0.149437852,0.187228717,-0.758791298
IPB4B-62,4.501629167,1.405310859,-0.128169267,0.115978987,-0.374767664,1.16219764,1.386847112,-0.504944208,-0.070402601,1.311136686,1.059419077,1.20810074,-0.560946833,-0.724760037,-0.05929349,-0.407607175,-0.778683618,-0.247969321,-1.262893212,0.338371377,-0.046678241,-0.78485979,2.392679156,0.649409556,1.788101505,-3.44104253,2.399395419,-1.578060741,2.914407197,-0.757143853
IPB4B-63,3.616874606,-0.627086635,-0.370612332,-0.921785328,1.184781376,0.586064469,-0.933307352,1.246139144,1.033054486,0.352627321,0.497936141,-1.031378337,-0.800941535,-0.75638793,0.508935791,-0.602461288,-0.86145951,0.404753868,-0.731058145,0.618986681,-0.521722288,-0.75493674,0.278109165,0.404598997,-1.03418333,-1.012305351,-0.118307076,-0.39786383,-0.161133498,-0.77517904
IPB4B-65,4.584962501,1.009038332,2.286557093,1.980660553,-1.520349178,0.213272417,0.727434791,-0.527394216,-0.051156252,1.440373688,-0.460553544,1.465284636,0.38213094,0.825006706,-1.669276455,1.270613097,0.876834232,-1.65383465,1.070318693,-1.474835202,1.451537598,2.519513809,0.661576063,-1.105275136,-0.469726363,1.11149355,-0.320169978,0.669873842,-0.415232996,0.652635522
IPB4B-66,5.308771517,-0.976827402,1.311938387,1.597854492,-1.160314294,-2.260711199,-0.64023521,-0.909040539,-1.751250544,-0.25047991,-1.96351121,-0.03429585,0.27734452,0.635239349,-1.101047173,0.818002223,0.700245662,-0.850483034,0.887321681,-0.95677618,1.239594869,0.982880918,-0.025897543,-1.454443501,-0.469726363,1.11149355,-0.309566834,2.154785399,-0.388300791,1.843911666
IPB4B-67,3.969815782,-0.976827402,1.311938387,1.597854492,-1.160314294,-2.260711199,-0.64023521,-0.909040539,-1.751250544,-0.25047991,-1.96351121,-0.03429585,0.27734452,0.635239349,-1.101047173,0.818002223,0.700245662,-0.850483034,0.887321681,-0.95677618,1.239594869,0.982880918,-0.025897543,-1.454443501,-0.469726363,1.11149355,-0.309566834,2.154785399,-0.388300791,1.843911666
IPB4B-68,4.906890596,-0.976827402,1.311938387,1.597854492,-1.160314294,-2.260711199,-0.64023521,-0.909040539,-1.751250544,-0.25047991,-1.96351121,-0.03429585,0.27734452,0.635239349,-1.101047173,0.818002223,0.700245662,-0.850483034,0.887321681,-0.95677618,1.239594869,0.982880918,-0.025897543,-1.454443501,-0.469726363,1.11149355,-0.309566834,2.154785399,-0.388300791,1.843911666
IPB4B-71,4.807354922,1.550910752,1.438008081,2.160872633,-1.749830444,0.314942977,1.655496576,-1.313136645,0.218292634,1.914243702,-0.069217426,1.987565938,0.997328626,0.93570433,-1.479866694,0.823420875,1.307268874,-0.850483034,0.172489602,-0.848847216,1.634246847,3.115800668,-0.52415943,-0.317064653,0.094730604,1.11149355,-0.315815835,0.690638364,-0.405865272,0.251352605
IPB4B-76,3.321928095,1.009038332,2.286557093,1.980660553,-1.520349178,0.213272417,0.727434791,-0.527394216,-0.051156252,1.440373688,-0.460553544,1.465284636,0.38213094,0.825006706,-1.669276455,1.270613097,0.876834232,-1.65383465,1.070318693,-1.474835202,1.451537598,2.519513809,0.661576063,-1.105275136,-0.469726363,1.11149355,-0.320169978,0.669873842,-0.415232996,0.652635522
IPB4B-78,3.851227481,0.881450466,2.339894629,2.021511082,-1.544282881,0.111601858,0.654166755,-0.527394441,-0.198711081,1.3721653,-0.590998462,1.398020976,0.385511147,0.856634598,-1.574571574,1.286952748,0.893389411,-1.65383465,1.087474663,-1.453249409,1.451537598,2.55924297,0.625916583,-1.477936189,-0.469726363,0.531282351,-0.310413473,0.0398219,-0.375420171,0.821108449
IPB4B-79,3.636842188,0.881450466,2.339894629,2.021511082,-1.544282881,0.111601858,0.654166755,-0.527394441,-0.198711081,1.3721653,-0.590998462,1.398020976,0.385511147,0.856634598,-1.574571574,1.286952748,0.893389411,-1.65383465,1.087474663,-1.453249409,1.451537598,2.55924297,0.625916583,-1.477936189,-0.469726363,0.531282351,-0.310413473,0.0398219,-0.375420171,0.821108449
IPB4B-80,3.608952453,0.881450466,2.339894629,2.021511082,-1.544282881,0.111601858,0.654166755,-0.527394441,-0.198711081,1.3721653,-0.590998462,1.398020976,0.385511147,0.856634598,-1.574571574,1.286952748,0.893389411,-1.65383465,1.087474663,-1.453249409,1.451537598,2.55924297,0.625916583,-1.477936189,-0.469726363,0.531282351,-0.310413473,0.0398219,-0.375420171,0.821108449
IPB4B-83,4.321928095,-0.976827402,1.311938387,1.597854492,-1.160314294,-2.260711199,-0.64023521,-0.909040539,-1.751250544,-0.25047991,-1.96351121,-0.03429585,0.27734452,0.635239349,-1.101047173,0.818002223,0.700245662,-0.850483034,0.887321681,-0.95677618,1.239594869,0.982880918,-0.025897543,-1.454443501,-0.469726363,1.11149355,-0.309566834,2.154785399,-0.388300791,1.843911666
IPB6D-12,4.684372827,0.663801023,-0.874892444,0.1438802,-0.749595675,-0.4984215,1.142620326,-1.380485996,0.417171317,0.514173843,-0.046531501,0.808476489,0.422693424,0.904076437,-1.006342293,1.40508963,1.207937803,-0.750064081,1.413438091,-0.870433009,1.19574465,0.754740601,0.925494392,-0.8335491,-0.469726363,0.363186974,-0.317105952,0.318308895,-0.384787894,0.40855354
IPB6D-3,5.538617527,1.004535235,-1.199765384,0.044061553,-0.891228729,-0.362860754,1.508960505,-1.627433616,0.641712313,1.095741108,0.151972554,1.140837081,1.818718944,2.295703717,-0.05929349,1.216325129,2.333689941,0.103497011,2.580044043,-0.007001305,0.209114707,0.245535746,1.829751247,-0.927502459,-0.469726363,1.11149355,-0.307389762,2.093639793,-0.35141538,-0.051603858
IPB6D-5,7.785519558,1.465352271,-1.272498123,-0.150139364,-0.755214936,0.213272417,1.753187291,-1.47028513,1.244765095,1.013172957,0.685097573,1.358454369,2.805739408,3.434307854,0.698345552,1.349166429,3.492552436,0.655801248,3.780961936,0.338371377,0.464907655,0.099654747,1.330293235,-0.887279433,-0.469726363,1.110321057,-0.312066434,1.342249107,-0.372492757,-0.597168273
IPB6D-6,7.487222559,1.004535235,-1.199765384,0.044061553,-0.891228729,-0.362860754,1.508960505,-1.627433616,0.641712313,1.095741108,0.151972554,1.140837081,1.818718944,2.295703717,-0.05929349,1.216325129,2.333689941,0.103497011,2.580044043,-0.007001305,0.209114707,0.245535746,1.829751247,-0.927502459,-0.469726363,1.11149355,-0.307389762,2.093639793,-0.35141538,-0.051603858
IPB6D-7,5.630418324,1.004535235,-1.199765384,0.044061553,-0.891228729,-0.362860754,1.508960505,-1.627433616,0.641712313,1.095741108,0.151972554,1.140837081,1.818718944,2.295703717,-0.05929349,1.216325129,2.333689941,0.103497011,2.580044043,-0.007001305,0.209114707,0.245535746,1.829751247,-0.927502459,-0.469726363,1.11149355,-0.307389762,2.093639793,-0.35141538,-0.051603858
