sample_id,viral_family_tax_id,assigned_reads
IPB24B-13,10292,4235
IPB24B-13,10662,23153
IPB24B-13,11118,1892
IPB24B-14,10780,7553
IPB24B-14,11006,1365
IPB24B-14,12058,54591
IPB24B-14,232795,1817
IPB24B-14,699189,3604818
IPB24B-14,1283210,15050
IPB24B-15,10662,557
IPB24B-15,10744,256
IPB24B-15,10841,279
IPB24B-15,11118,2744
IPB24B-15,12058,7699
IPB24B-15,39724,3048
IPB24B-15,232795,25041
IPB24B-15,699189,19141
IPB24B-15,1283210,887
IPB24B-15,2169574,1256
IPB24B-15,2731690,520
IPB24B-16,10860,1462
IPB24B-16,11118,1005
IPB24B-16,11158,9934
IPB24B-16,12058,43672
IPB24B-16,39724,1888
IPB6D-1,10662,20716
IPB6D-1,11006,2087
IPB6D-1,12283,108373
IPB6D-1,39738,19666
IPB6D-1,151340,5847
IPB6D-1,699189,2855
IPB6D-1,1283208,3548
IPB6D-1,2169577,16881
IPB6D-2,10662,14419
IPB6D-2,11118,17328
IPB6D-2,2731643,10146
IPB6D-3,10662,56613
IPB6D-3,11118,118339
IPB6D-3,2731643,4508
IPB6D-4,10662,13905
IPB6D-4,11118,18952
IPB6D-5,10662,26287
IPB6D-5,10841,2553
IPB6D-5,11118,50733
IPB6D-5,12058,1572
IPB6D-5,12283,3410
IPB6D-5,39733,1649
IPB6D-5,39738,174224
IPB6D-5,119163,48396
IPB6D-5,151340,395573
IPB6D-5,2169577,53445
IPB6D-6,10662,406900
IPB6D-6,10699,1428
IPB6D-6,10744,3351
IPB6D-6,10780,5523
IPB6D-6,11118,269346
IPB6D-6,11974,1295
IPB6D-6,39724,7072
IPB6D-6,151340,172496
IPB6D-6,2731643,24791
IPB6D-7,10662,33662
IPB6D-7,151340,1721
IPB6D-8,10662,9647
IPB6D-8,699189,2083
IPB6D-9,10662,14522
IPB6D-10,10662,20599
IPB6D-10,12058,35455
IPB24C-74,10780,29530
IPB24C-74,10841,388
IPB24C-74,11012,571
IPB24C-74,11118,472
IPB24C-74,12058,577
IPB24C-74,39724,5236
IPB24C-74,39738,1473
IPB24C-74,151341,16811
IPB24C-74,232795,1411
IPB24C-74,291484,61613
IPB24C-74,1283210,1361
IPB24C-74,1910928,8321
IPB24C-74,2169570,324
IPB24C-74,2169574,433
IPB24E-195,10662,129395
IPB24E-195,10841,935
IPB24E-195,11118,6089
IPB24E-199,10508,1760
IPB24E-199,10662,380348
IPB24E-199,10744,934
IPB24E-199,10780,622
IPB24E-199,11118,12233
IPB24E-199,151340,31595
IPB24E-199,585893,1172
IPB24C-27,10662,603
IPB24C-27,10780,648
IPB24C-27,10841,1283
IPB24C-27,11118,1300
IPB24C-27,39724,1589
IPB24C-27,699189,612
IPB24C-27,2169570,1789
IPB24A-35,10744,1374
IPB24A-35,10780,1028
IPB24A-35,10841,42519
IPB24A-35,11118,1295
IPB24A-35,11974,35051
IPB24A-35,39724,3762
IPB24A-35,699189,783
IPB24D-34,10744,4470
IPB24D-34,10780,3630
IPB24D-34,10841,150685
IPB24D-34,11118,1011
IPB24D-34,11270,581
IPB24D-34,232795,1853
IPB24A-37,10699,1046
IPB24A-37,10780,14890
IPB24A-37,10841,2756
IPB24A-37,11118,17748
IPB24A-37,11158,22913
IPB24A-37,12058,113295
IPB24A-37,39724,2076
IPB24A-37,151340,876
IPB24A-37,699189,14503
IPB24A-37,2169574,627
IPB24A-37,2731643,573
IPB24D-36,10662,1469
IPB24D-36,10841,606
IPB24D-36,11118,6746
IPB24D-36,39724,20019
IPB24D-36,39738,1218
IPB24D-36,2731643,931
IPB24A-38,10699,724
IPB24A-38,10780,698
IPB24A-38,10841,734
IPB24A-38,11118,1061
IPB24A-38,39733,5889
IPB24A-38,39738,3128
IPB24A-38,699189,24767
IPB24A-38,2169570,60259
IPB24A-39,10780,203752
IPB24A-39,10841,2274
IPB24A-39,11118,135664
IPB24A-39,11158,16452
IPB24A-39,12058,210777
IPB24A-39,39724,1484
IPB24A-39,699189,2396
IPB24A-39,2169570,5145
IPB24A-39,2731691,10779
IPB24D-37,10744,6220
IPB24D-37,10841,803691
IPB24D-37,12058,2644
IPB24D-37,232795,1298793
IPB24D-37,2731643,73473
IPB24D-38,11118,7813004
IPB24D-38,699189,80230
IPB24D-41,10662,209
IPB24D-41,10780,336
IPB24D-41,10841,507
IPB24D-41,11118,1758
IPB24D-41,11974,3450
IPB24D-41,39724,336
IPB24D-41,232795,542
IPB24D-41,249310,345
IPB24D-41,2169577,1136
IPB24D-42,10841,1272
IPB24D-44,10744,4467
IPB24D-44,10841,921716
IPB24D-44,11118,92230
IPB24D-44,232795,37850
IPB24D-44,2731643,4328
IPB24D-46,10780,4342619
IPB24D-46,1283210,94084
IPB24A-42,10662,3173
IPB24A-42,10780,6515
IPB24A-42,39724,1062
IPB24A-42,2842329,2472
IPB24D-50,10662,3678
IPB24D-50,10699,327
IPB24D-50,10744,412
IPB24D-50,10780,516
IPB24D-50,10841,7234
IPB24D-50,11118,1610
IPB24D-50,11974,2475
IPB24D-50,12058,12339
IPB24D-50,39724,3577
IPB24D-50,232795,9487
IPB24D-50,699189,1621
IPB24D-50,1910928,436
IPB24D-50,2731690,313
IPB24D-51,10699,1227
IPB24D-51,10780,20211
IPB24D-51,10841,18827
IPB24D-51,39724,1287
IPB24D-52,10780,24943
IPB24D-52,11118,2370
IPB24D-52,39724,1810
IPB24D-52,39738,277
IPB24D-52,232795,2065
IPB24D-52,2169570,788
IPB24D-52,2169574,1375
IPB24D-52,2842329,4394
IPB24B-3,10841,1081
IPB24B-3,11050,601
IPB24B-3,11118,510
IPB24B-3,11158,4127
IPB24B-3,12058,2935
IPB24B-3,39724,8655
IPB24B-3,232795,2036
IPB24B-3,1910928,746
IPB24B-4,10780,46392
IPB24B-4,10841,18799
IPB24B-4,11012,664
IPB24B-4,11118,972
IPB24B-4,11158,630
IPB24B-4,12058,460752
IPB24B-4,39724,1409
IPB24B-4,232795,18735
IPB24B-4,699189,19618
IPB24B-4,1910928,1160
IPB24B-4,2169570,1873
IPB24B-4,2501952,1276
IPB24A-1,10662,73115
IPB24A-1,10744,1571
IPB24A-1,10780,41761
IPB24A-1,11006,4970
IPB24A-1,11012,8021
IPB24A-1,11118,12747
IPB24A-1,11974,1060928
IPB24A-1,12058,848453
IPB24A-1,12283,987
IPB24A-1,39724,16146
IPB24A-1,39733,8081
IPB24A-1,39738,12505
IPB24A-1,119163,40790
IPB24A-1,232795,29845
IPB24A-1,249310,338354
IPB24A-1,699189,67985
IPB24A-1,1283210,1983
IPB24A-1,1910928,2320
IPB24A-1,2169570,5418
IPB24A-1,2169577,12194
IPB24A-10,10662,131081
IPB24A-10,10744,1268
IPB24A-10,10780,75258
IPB24A-10,11118,14512
IPB24A-10,12058,944777
IPB24A-10,232795,13850
IPB24A-11,10662,65258
IPB24A-11,10744,3812
IPB24A-11,10780,2187174
IPB24A-11,11012,1658
IPB24A-11,11118,19395
IPB24A-11,11974,15127
IPB24A-11,12058,978
IPB24A-11,39724,2365
IPB24A-11,232795,10052
IPB24A-11,1910928,3837
IPB24A-12,10662,49330
IPB24A-12,10780,13418
IPB24A-12,10841,1442
IPB24A-12,11118,213295
IPB24A-12,11158,690
IPB24A-12,12058,1662
IPB24A-12,39724,1269
IPB24A-12,39738,1606
IPB24A-12,232795,21220
IPB24A-12,699189,4876
IPB24A-12,1910928,11081
IPB24A-12,2022639,573
IPB24A-12,2842329,37111
IPB24A-13,10508,29064
IPB24A-13,10662,6904
IPB24A-13,10744,649
IPB24A-13,10780,801561
IPB24A-13,10841,6296
IPB24A-13,11118,284
IPB24A-13,151340,2057
IPB24A-13,232795,285
IPB24A-14,10662,120051
IPB24A-14,10699,497
IPB24A-14,10744,1817
IPB24A-14,10780,1850
IPB24A-14,10841,1121
IPB24A-14,11118,82933
IPB24A-14,11158,571
IPB24A-14,39724,412
IPB24A-14,249310,403819
IPB24A-14,1910928,297
IPB24A-15,10662,18791
IPB24A-15,10780,1829
IPB24A-15,10841,1165
IPB24A-15,11118,386460
IPB24A-15,12058,45422
IPB24A-15,12283,1073
IPB24A-15,232795,2945
IPB24A-15,249310,272410
IPB24A-15,699189,5108
IPB24A-16,10662,18179
IPB24A-16,10780,1626
IPB24A-16,10841,449
IPB24A-16,11118,18187
IPB24A-16,12058,190
IPB24A-16,12283,209
IPB24A-16,232795,892
IPB24A-16,249310,52505
IPB24A-16,699189,1128
IPB24A-16,1283207,719
IPB24A-16,1283208,4109
IPB24A-16,1910928,2186
IPB24A-16,2169568,2058
IPB24A-17,10662,33909
IPB24A-17,10780,49289
IPB24A-17,10841,620
IPB24A-17,11118,322496
IPB24A-17,39724,1469
IPB24A-18,10662,35781
IPB24A-18,10744,330
IPB24A-18,10780,15946
IPB24A-18,11118,137479
IPB24A-18,2169568,301
IPB24A-19,10662,7880
IPB24A-19,10744,1840
IPB24A-19,10841,1984
IPB24A-19,10880,1934
IPB24A-19,11118,55478
IPB24A-19,39724,3025
IPB24A-19,151340,2213
IPB24A-19,232795,556
IPB24A-2,10662,7996
IPB24A-2,10780,1302403
IPB24A-2,11006,1261
IPB24A-2,11012,4223
IPB24A-2,11118,2946
IPB24A-2,12058,2060
IPB24A-2,12283,2038
IPB24A-2,39738,42360
IPB24A-2,699189,21141
IPB24A-2,1910928,3794
IPB24A-2,2169570,13920
IPB24A-2,2169577,9113
IPB24A-20,10662,5566
IPB24A-20,10780,13601
IPB24A-20,10841,1065
IPB24A-20,11118,2007930
IPB24A-20,11158,4112
IPB24A-20,39733,2276
IPB24A-20,699189,2193
IPB24A-20,2169570,2261
IPB24A-21,10662,1764
IPB24A-21,10780,2127
IPB24A-21,10841,1789
IPB24A-21,11118,905649
IPB24A-21,12058,4344
IPB24A-21,39724,874
IPB24A-21,232795,1214
IPB24A-21,249310,4469
IPB24A-21,1910928,1029
IPB24A-22,11118,17853
IPB24A-22,12058,433694
IPB24A-22,232795,2807945
IPB24A-23,10780,6251
IPB24A-23,10841,1647
IPB24A-23,11118,2571
IPB24A-23,11632,8477
IPB24A-23,12058,16183
IPB24A-23,39724,2536
IPB24A-23,232795,588
IPB24A-23,699189,3983
IPB24A-23,1283207,703
IPB24A-23,1910928,2677
IPB24A-23,2169574,314
IPB24A-24,10662,10442
IPB24A-24,10780,33701
IPB24A-24,10841,586
IPB24A-24,11006,613
IPB24A-24,11118,13141
IPB24A-24,11989,1109
IPB24A-24,39724,5597
IPB24A-24,232795,211761
IPB24A-24,1910928,428
IPB24A-24,2169574,444
IPB24A-24,2560065,460
IPB24A-24,2731690,483
IPB24A-25,10780,1110650
IPB24A-25,10841,4032
IPB24A-25,11118,1189
IPB24A-25,11632,2064
IPB24A-25,11974,839
IPB24A-25,39724,27196
IPB24A-25,186766,2061
IPB24A-25,232795,2409
IPB24A-25,699189,1658
IPB24A-25,1283210,17193
IPB24A-25,1910928,886
IPB24A-25,2842329,4971
IPB24A-26,10780,2724724
IPB24A-26,10841,8832
IPB24A-26,11118,1301
IPB24A-26,11974,1549
IPB24A-26,12058,860
IPB24A-26,39724,1005114
IPB24A-26,232795,2914
IPB24A-26,1283210,1463
IPB24A-27,10508,11444
IPB24A-27,10780,2199
IPB24A-27,10841,1207
IPB24A-27,11118,963
IPB24A-27,39724,2059
IPB24A-27,232795,78519
IPB24A-27,699189,364980
IPB24A-28,10662,264
IPB24A-28,10780,1983
IPB24A-28,10841,446
IPB24A-28,11118,3879
IPB24A-28,11989,246
IPB24A-28,12058,4150
IPB24A-28,39724,2751
IPB24A-28,232795,964
IPB24A-28,699189,298
IPB24A-28,2169574,147
IPB24A-28,2560065,142
IPB24A-29,10662,1225
IPB24A-29,10780,1947
IPB24A-29,10841,2075
IPB24A-29,11118,3416
IPB24A-29,12058,2120
IPB24A-29,39724,2716
IPB24A-29,232795,485715
IPB24A-29,699189,10327
IPB24A-29,2169570,756
IPB24A-29,2169574,789
IPB24A-3,10292,2037
IPB24A-3,10662,360887
IPB24A-3,10744,1410
IPB24A-3,10780,24828
IPB24A-3,10841,2802
IPB24A-3,11012,1664
IPB24A-3,11118,57839
IPB24A-3,12058,59537
IPB24A-3,39738,8646
IPB24A-3,232795,1662
IPB24A-3,699189,8854
IPB24A-3,1910928,1707
IPB24A-3,2169577,993
IPB24A-30,10780,834149
IPB24A-30,10841,4239
IPB24A-30,11118,130514
IPB24A-30,39724,627
IPB24A-30,151341,1095
IPB24A-30,232795,8761
IPB24A-30,699189,543
IPB24A-30,1910928,468
IPB24A-31,10744,6110
IPB24A-31,10780,226125
IPB24A-31,10841,280354
IPB24A-31,11158,10139
IPB24A-31,11974,9674
IPB24A-31,12058,16350
IPB24A-31,12283,2190
IPB24A-31,39724,254338
IPB24A-31,232795,2244944
IPB24A-31,699189,215525
IPB24A-31,1283210,3004
IPB24A-31,2169570,11064
IPB24A-32,10508,12774
IPB24A-32,10780,61777
IPB24A-32,10841,16981
IPB24A-32,11118,1691
IPB24A-32,11158,1597
IPB24A-32,12058,16348
IPB24A-32,39724,7614
IPB24A-32,39733,4825
IPB24A-32,39738,4112
IPB24A-32,232795,1150244
IPB24A-32,699189,97491
IPB24A-32,1283210,1151
IPB24A-32,2169570,10466
IPB24A-33,10780,4039
IPB24A-33,11118,45415
IPB24A-33,11974,2166
IPB24A-33,12058,8483
IPB24A-33,39724,4849
IPB24A-33,232795,1519
IPB24A-34,10841,8183
IPB24A-34,11118,10313
IPB24A-34,11158,624
IPB24A-34,11974,252694
IPB24A-34,12058,11508
IPB24A-34,39724,484
IPB24A-34,39733,8582
IPB24A-34,151340,642
IPB24A-34,232795,1773
IPB24A-35,10780,1253
IPB24A-35,10841,672
IPB24A-35,11118,5114
IPB24A-35,11974,102658
IPB24A-35,12058,1980
IPB24A-35,39724,12240
IPB24A-35,151341,507
IPB24A-35,699189,4302
IPB24A-36,10841,1576518
IPB24A-36,39724,6090
IPB24A-37,10699,1197
IPB24A-37,10780,13239
IPB24A-37,10841,2489
IPB24A-37,11118,24596
IPB24A-37,11158,21602
IPB24A-37,12058,136315
IPB24A-37,39724,1016
IPB24A-37,151340,955
IPB24A-37,699189,19058
IPB24A-37,2169574,634
IPB24A-37,2731643,655
IPB24A-38,10699,592
IPB24A-38,10780,1365
IPB24A-38,11118,756
IPB24A-38,39724,703
IPB24A-38,39733,4644
IPB24A-38,39738,2776
IPB24A-38,699189,24127
IPB24A-38,2169570,48165
IPB24A-39,10780,124172
IPB24A-39,10841,1231
IPB24A-39,11118,110541
IPB24A-39,11158,11853
IPB24A-39,12058,157996
IPB24A-39,39724,935
IPB24A-39,699189,2153
IPB24A-39,2169570,3090
IPB24A-39,2731691,5908
IPB24A-4,10780,8946
IPB24A-4,11118,1105
IPB24A-4,12283,201539
IPB24A-4,39724,12396
IPB24A-4,39738,29368
IPB24A-4,232795,511378
IPB24A-4,699189,2608
IPB24A-4,1283210,4738
IPB24A-40,10780,2950
IPB24A-40,10841,3644
IPB24A-40,11118,9836869
IPB24A-40,12058,15493
IPB24A-40,39733,24391
IPB24A-40,232795,2550
IPB24A-41,10841,3696612
IPB24A-41,11118,1564
IPB24A-41,232795,50756
IPB24A-41,2731643,10166
IPB24A-42,10662,2931
IPB24A-42,10780,5770
IPB24A-42,10841,1909
IPB24A-42,11118,2285
IPB24A-42,39724,1069
IPB24A-42,2842329,2480
IPB24A-43,10780,646
IPB24A-43,10841,564
IPB24A-43,39724,2260
IPB24A-43,232795,2562
IPB24A-43,2842329,347
IPB24A-44,10662,484
IPB24A-44,10780,712
IPB24A-44,10841,14796
IPB24A-44,11118,179
IPB24A-44,39724,2467
IPB24A-44,232795,727
IPB24A-44,549779,225
IPB24A-44,1910928,307
IPB24A-44,2842329,251
IPB24A-45,10662,5554
IPB24A-45,10780,111711
IPB24A-45,10811,5127
IPB24A-45,10841,14747
IPB24A-45,11118,996
IPB24A-45,39724,4128943
IPB24A-45,232795,12256
IPB24A-45,1910928,1044
IPB24A-45,2731691,2160
IPB24A-5,10240,2267
IPB24A-5,10662,36878
IPB24A-5,10744,88
IPB24A-5,10780,3474
IPB24A-5,10841,2027
IPB24A-5,11012,283
IPB24A-5,11118,2500
IPB24A-5,11158,149
IPB24A-5,12058,20651
IPB24A-5,12283,228
IPB24A-5,39724,533
IPB24A-5,39738,174
IPB24A-5,232795,5008
IPB24A-5,699189,569
IPB24A-5,2842329,1373
IPB24A-6,10292,111
IPB24A-6,10662,16563
IPB24A-6,10780,7457
IPB24A-6,10841,270
IPB24A-6,11118,166
IPB24A-6,11632,138
IPB24A-6,12058,377
IPB24A-6,12283,175
IPB24A-6,39724,736
IPB24A-6,232795,447
IPB24A-6,249310,622
IPB24A-6,699189,343
IPB24A-6,1283210,1152
IPB24A-6,1910928,7488
IPB24A-6,2731643,350
IPB24A-6,2842329,1271
IPB24A-7,10662,2115
IPB24A-7,10780,7108
IPB24A-7,11012,952
IPB24A-7,12058,8744
IPB24A-7,39738,1893
IPB24A-7,119163,480
IPB24A-7,232795,1117905
IPB24A-7,249310,673
IPB24A-7,699189,22531
IPB24A-7,1910928,1233
IPB24A-8,10662,2954
IPB24A-8,10780,218623
IPB24A-8,11006,885
IPB24A-8,11012,2242
IPB24A-8,12058,30025
IPB24A-8,12283,3711
IPB24A-8,39738,8799
IPB24A-8,119163,3440
IPB24A-8,232795,93405
IPB24A-8,699189,257773
IPB24A-8,1283210,709
IPB24A-8,1910928,1168
IPB24A-8,2169570,3684
IPB24A-8,2169577,5249
IPB24A-9,10662,14137
IPB24A-9,10744,643
IPB24A-9,10780,1612936
IPB24A-9,10841,1459
IPB24A-9,11012,306
IPB24A-9,11118,503
IPB24A-9,39724,7567
IPB24A-9,232795,1474
IPB24A-9,249310,4519
IPB24A-9,699189,20633
IPB24B-1,10780,17616
IPB24B-1,10841,1480
IPB24B-1,11012,13835
IPB24B-1,11118,3588422
IPB24B-1,11158,1462
IPB24B-1,12058,875
IPB24B-1,12283,1830
IPB24B-1,39724,3123
IPB24B-1,232795,258726
IPB24B-1,699189,7878
IPB24B-1,2169570,31196
IPB24B-10,10662,5713
IPB24B-10,10780,45376
IPB24B-10,10841,21162
IPB24B-10,11006,1170
IPB24B-10,11118,1119872
IPB24B-10,11632,1052
IPB24B-10,12058,5751
IPB24B-10,12283,49881
IPB24B-10,39724,30863
IPB24B-10,151341,8734
IPB24B-10,232795,22684
IPB24B-10,699189,6468
IPB24B-10,1283208,1130
IPB24B-10,1283210,9906
IPB24B-10,1910928,15471
IPB24B-10,2169574,6888
IPB24B-10,2169577,9511
IPB24B-11,10780,526946
IPB24B-11,11118,4975612
IPB24B-11,12058,18383
IPB24B-11,39724,920
IPB24B-11,232795,10374
IPB24B-11,291484,5191
IPB24B-11,699189,1602
IPB24B-11,1283210,1268
IPB24B-11,2842329,879
IPB24B-12,10780,5073
IPB24B-12,11118,5550008
IPB24B-12,12058,248185
IPB24B-12,39724,1893
IPB24B-12,232795,3327
IPB24B-12,1283207,1602
IPB24B-13,10780,192
IPB24B-13,11006,204
IPB24B-13,11118,5483
IPB24B-13,12058,388
IPB24B-13,232795,223
IPB24B-14,11118,6538
IPB24B-14,12058,330
IPB24B-15,11118,1439
IPB24B-15,12058,193
IPB24B-16,11118,3538
IPB24B-2,10662,424
IPB24B-2,10699,1455
IPB24B-2,10780,71985
IPB24B-2,11118,4625
IPB24B-2,39724,5894
IPB24B-2,699189,1174
IPB24B-2,2169570,526
IPB24B-3,10780,407
IPB24B-3,10841,944
IPB24B-3,11050,639
IPB24B-3,11118,1506
IPB24B-3,11158,2936
IPB24B-3,12058,2115
IPB24B-3,39724,6976
IPB24B-3,232795,1540
IPB24B-3,687329,432
IPB24B-3,1910928,705
IPB24B-4,10780,49417
IPB24B-4,10841,21216
IPB24B-4,11012,681
IPB24B-4,11118,2760
IPB24B-4,11158,708
IPB24B-4,12058,522517
IPB24B-4,39724,1495
IPB24B-4,232795,19423
IPB24B-4,699189,20779
IPB24B-4,1910928,1237
IPB24B-4,2169570,2021
IPB24B-4,2501952,1357
IPB24B-5,10780,83233
IPB24B-5,10841,10113
IPB24B-5,11050,4574
IPB24B-5,11118,650940
IPB24B-5,12058,132084
IPB24B-5,39724,2123
IPB24B-5,39738,122316
IPB24B-5,186766,2958
IPB24B-5,232795,126028
IPB24B-5,699189,7183
IPB24B-5,1910928,3503
IPB24B-5,2169570,18655
IPB24B-6,10780,68763
IPB24B-6,11118,4940995
IPB24B-6,11158,4050
IPB24B-6,12058,140532
IPB24B-6,39724,2932
IPB24B-6,39738,33769
IPB24B-6,151341,5773
IPB24B-6,687329,7205
IPB24B-6,1283210,2138
IPB24B-6,2169574,6965
IPB24B-7,10780,16277
IPB24B-7,10841,1992
IPB24B-7,11118,701726
IPB24B-7,12058,729085
IPB24B-7,39724,739
IPB24B-7,39738,177560
IPB24B-7,2169577,1559
IPB24B-8,10780,457626
IPB24B-8,10841,149944
IPB24B-8,11006,2205364
IPB24B-8,11118,133708
IPB24B-8,11270,2956
IPB24B-8,11974,11136
IPB24B-8,12058,732692
IPB24B-8,39724,2275
IPB24B-8,232795,1064268
IPB24B-8,687329,3848
IPB24B-8,699189,18834
IPB24B-8,1910928,4494
IPB24B-8,2169570,19252
IPB24B-8,2501952,3545
IPB24B-9,10662,1388
IPB24B-9,10780,11738
IPB24B-9,10841,376
IPB24B-9,11118,138287
IPB24B-9,12058,731
IPB24B-9,12283,4514
IPB24B-9,39724,10160
IPB24B-9,151341,3837
IPB24B-9,232795,24818
IPB24B-9,1910928,1299
IPB24B-9,2169574,442
IPB24B-9,2842329,4289
IPB24C-21,10662,2807
IPB24C-21,10699,982
IPB24C-21,10780,159484
IPB24C-21,10841,1855
IPB24C-21,11118,15504
IPB24C-21,39724,12925
IPB24C-21,699189,2506
IPB24C-21,1910928,802
IPB24C-21,2169570,2013
IPB24C-22,10780,502
IPB24C-22,10841,1654
IPB24C-22,11118,1966
IPB24C-22,12058,16195
IPB24C-22,39724,8666
IPB24C-22,232795,3632
IPB24C-22,699189,2594
IPB24C-22,1283210,2309
IPB24C-22,1910928,704
IPB24C-22,1980417,598
IPB24C-23,10780,2829
IPB24C-23,39724,204521
IPB24C-23,699189,5301
IPB24C-24,10662,1495
IPB24C-24,10780,634
IPB24C-24,10841,839
IPB24C-24,11006,441
IPB24C-24,11118,4154
IPB24C-24,11632,22745
IPB24C-24,39724,3625
IPB24C-24,699189,617
IPB24C-24,1910928,6956
IPB24C-24,2560065,393
IPB24C-25,10662,794
IPB24C-25,10780,13390
IPB24C-25,10841,2075
IPB24C-25,11118,2184
IPB24C-25,11989,2083
IPB24C-25,39724,13019
IPB24C-25,39733,949
IPB24C-25,1283210,2732
IPB24C-25,1910928,1753
IPB24C-25,2169574,1220
IPB24C-26,10780,10672
IPB24C-26,10880,45134
IPB24C-26,11050,1803
IPB24C-26,11118,2198465
IPB24C-26,11989,5729
IPB24C-26,39724,7547
IPB24C-26,39733,918
IPB24C-26,232795,4163
IPB24C-26,1910928,1052
IPB24C-27,10662,656
IPB24C-27,10780,852
IPB24C-27,10841,1588
IPB24C-27,11118,1433
IPB24C-27,39724,1911
IPB24C-27,699189,699
IPB24C-27,2169570,2076
IPB24C-28,10744,286
IPB24C-28,10780,147129
IPB24C-28,232795,13668
IPB24C-28,2842329,2065
IPB24C-29,10662,438
IPB24C-29,10780,3340
IPB24C-29,11118,22378
IPB24C-29,12058,532
IPB24C-29,39724,3164
IPB24C-29,232795,12747
IPB24C-29,291484,27973
IPB24C-29,1283210,841
IPB24C-29,1910928,611
IPB24C-29,2560065,458
IPB24C-30,10780,114947
IPB24C-30,11012,29541
IPB24C-30,12283,21548
IPB24C-30,1283210,1184
IPB24C-30,2169570,4945
IPB24C-31,10744,14658
IPB24C-31,10841,771365
IPB24C-31,11118,258287
IPB24C-31,39733,10987
IPB24C-31,1910928,1497
IPB24C-31,2731643,9896
IPB24C-32,10699,874
IPB24C-32,10841,613212
IPB24C-32,11118,351892
IPB24C-32,39724,785
IPB24C-58,11118,284
IPB24C-59,11118,200
IPB24C-60,11118,8470
IPB24C-60,39733,3220
IPB24C-62,10292,11275
IPB24C-62,10780,18496
IPB24C-62,11012,4678
IPB24C-62,11118,4515943
IPB24C-62,12058,7745
IPB24C-62,39724,2529
IPB24C-62,39733,64080
IPB24C-62,232795,498951
IPB24C-62,291484,14599
IPB24C-62,699189,31212
IPB24C-62,1283210,1289
IPB24C-62,2169570,20134
IPB24C-63,11118,5005827
IPB24C-63,12058,2871
IPB24C-63,39724,1179
IPB24C-63,232795,1159449
IPB24C-63,699189,77470
IPB24C-63,1283210,303089
IPB24C-66,10780,1873
IPB24C-66,11118,1603003
IPB24C-66,12058,4779
IPB24C-66,39724,1055
IPB24C-66,39733,18521
IPB24C-66,232795,2111234
IPB24C-66,291484,9269
IPB24C-66,699189,12741
IPB24C-66,1283210,46987
IPB24C-66,2169570,2286
IPB24C-67,11118,666
IPB24C-68,10780,297941
IPB24C-68,11012,6598
IPB24C-68,11118,9752
IPB24C-68,12058,6016
IPB24C-68,39738,3321
IPB24C-68,186766,3129
IPB24C-68,232795,102201
IPB24C-68,675071,6797
IPB24C-68,699189,453747
IPB24C-68,1283210,796533
IPB24C-68,2169570,12063
IPB24C-68,2169577,3480
IPB24C-68,2501952,9619
IPB24C-69,10780,1173
IPB24C-69,11012,493
IPB24C-69,11050,1102
IPB24C-69,11632,645
IPB24C-69,11989,502
IPB24C-69,12058,29353
IPB24C-69,39724,35420
IPB24C-69,151341,19961
IPB24C-69,232795,5229
IPB24C-69,291484,2540
IPB24C-69,699189,900
IPB24C-69,1910928,554
IPB24C-69,2169570,19698
IPB24C-70,10780,12961
IPB24C-70,10841,664
IPB24C-70,11012,549
IPB24C-70,12058,7552
IPB24C-70,39724,10946
IPB24C-70,39738,1482
IPB24C-70,151341,1128
IPB24C-70,232795,15617
IPB24C-70,699189,55353
IPB24C-70,1910928,1879
IPB24C-70,2169570,648342
IPB24C-71,12058,342
IPB24C-71,699189,859
IPB24C-73,10780,27750
IPB24C-73,10841,1618
IPB24C-73,11118,933499
IPB24C-73,12058,4176
IPB24C-73,12283,1267
IPB24C-73,39724,2860
IPB24C-73,151341,8083
IPB24C-73,232795,430624
IPB24C-73,699189,52106
IPB24C-73,1910928,1109
IPB24C-73,2169570,56062
IPB24C-74,10780,40524
IPB24C-74,10841,573
IPB24C-74,11012,745
IPB24C-74,11118,755
IPB24C-74,12058,697
IPB24C-74,39724,7004
IPB24C-74,39738,2075
IPB24C-74,151341,23413
IPB24C-74,232795,1895
IPB24C-74,291484,80919
IPB24C-74,1283210,1772
IPB24C-74,1910928,11218
IPB24C-74,2169570,447
IPB24C-74,2169574,629
IPB24C-75,11118,3829
IPB24C-75,232795,8665
IPB24C-75,2022639,1060
IPB24C-75,2169570,2192
IPB24C-76,10780,2778
IPB24C-76,11012,1161
IPB24C-76,11118,681057
IPB24C-76,12058,12981
IPB24C-76,39738,1301
IPB24C-76,151341,6708
IPB24C-76,232795,1028
IPB24C-76,699189,7604
IPB24C-76,2169570,34778
IPB24C-76,2169577,1895
IPB24C-78,10780,6427
IPB24C-78,10841,1879
IPB24C-78,11012,15249
IPB24C-78,11118,644105
IPB24C-78,12058,2323
IPB24C-78,39724,5543
IPB24C-78,151341,1453
IPB24C-78,232795,18756
IPB24C-78,249184,839
IPB24C-78,291484,345328
IPB24C-78,699189,32437
IPB24C-78,1910928,4174
IPB24C-82,10662,1893
IPB24C-82,10780,3144
IPB24C-82,10841,1636
IPB24C-82,11050,1705
IPB24C-82,11118,877
IPB24C-82,11989,1281
IPB24C-82,39724,18084
IPB24C-82,151341,5815
IPB24C-82,232795,52620
IPB24C-82,291484,13798
IPB24C-82,1910928,3014
IPB24C-82,2169570,772
IPB24C-82,2169574,2033
IPB24C-82,2731690,925
IPB24C-82,2842329,1208
IPB24C-83,10662,875
IPB24C-83,10841,1555
IPB24C-83,11012,2132
IPB24C-83,11118,629380
IPB24C-83,12058,3176
IPB24C-83,39724,12037
IPB24C-83,151341,12013
IPB24C-83,232795,19172
IPB24C-83,1910928,1786
IPB24C-83,2169574,1184
IPB24C-83,2169577,1881
IPB24C-83,2731690,938
IPB24C-84,10780,25890
IPB24C-84,11118,6674414
IPB24C-84,232795,16143
IPB24C-84,1283210,1961252
IPB24C-84,2022639,5091
IPB24C-84,2169570,23670
IPB24C-84,2501952,7969
IPB24C-85,10780,35519
IPB24C-85,11012,1221
IPB24C-85,11050,1465
IPB24C-85,11118,1853005
IPB24C-85,11270,756
IPB24C-85,12058,36395
IPB24C-85,39724,4040
IPB24C-85,232795,45904
IPB24C-85,291484,13504
IPB24C-85,1283210,1263775
IPB24C-85,2501952,5720
IPB24C-86,11012,1275
IPB24C-86,11118,9139457
IPB24C-86,12058,3271
IPB24C-86,39724,6550
IPB24C-86,232795,4077
IPB24C-86,1283210,13399
IPB24C-88,11118,674
IPB24C-89,11118,504587
IPB24C-89,12058,2317
IPB24C-89,39733,1911827
IPB24C-89,232795,240515
IPB24C-89,1283210,80117
IPB24C-90,11006,32158
IPB24C-90,11118,6122106
IPB24C-90,12058,99983
IPB24C-90,39724,1289
IPB24C-90,39733,1877
IPB24C-90,232795,24902
IPB24C-90,1283210,232550
IPB24C-91,10780,5300
IPB24C-91,11118,7874016
IPB24C-91,12058,499682
IPB24C-91,232795,121880
IPB24C-91,1283210,161425
IPB24C-92,10780,3820
IPB24C-92,10841,4951
IPB24C-92,11118,2614670
IPB24C-92,12058,57382
IPB24C-92,232795,164121
IPB24C-92,1283210,2390049
IPB24C-93,10780,1815978
IPB24C-93,10841,4828
IPB24C-93,10880,1444
IPB24C-93,11118,17133
IPB24C-93,11270,1750
IPB24C-93,12058,69410
IPB24C-93,39724,2188
IPB24C-93,39733,68699
IPB24C-93,39738,1710
IPB24C-93,151341,1413
IPB24C-93,232795,17120
IPB24C-93,291484,2001
IPB24C-93,585893,1956
IPB24C-93,699189,1108
IPB24C-93,1283210,858448
IPB24C-93,2169570,880
IPB24C-94,10780,1616
IPB24C-94,11012,1152
IPB24C-94,11118,5279449
IPB24C-94,12058,2086
IPB24C-94,39724,1449
IPB24C-94,39733,1688
IPB24C-94,232795,31751
IPB24C-94,291484,2334
IPB24C-94,675071,1919
IPB24C-94,1283210,6659
IPB24C-94,1910928,2041
IPB24C-95,10780,1015
IPB24C-95,10841,1924
IPB24C-95,11118,413485
IPB24C-95,12058,91441
IPB24C-95,39724,3762
IPB24C-95,39733,36745
IPB24C-95,232795,2714
IPB24C-95,291484,18815
IPB24C-95,1283210,1920
IPB24C-96,11118,8484268
IPB24C-96,12058,1494
IPB24C-96,232795,51938
IPB24C-96,1283210,54016
IPB24C-96,1910928,1067
IPB24C-97,10780,12416
IPB24C-97,10841,5510
IPB24C-97,11006,11468
IPB24C-97,11118,3204559
IPB24C-97,12058,6550
IPB24C-97,39738,1992
IPB24C-97,151341,1224
IPB24C-97,232795,1702573
IPB24C-97,291484,1846
IPB24C-97,675071,1807
IPB24C-97,1283210,159047
IPB24C-97,2501952,11932
IPB24C-98,10780,99734
IPB24C-98,11118,839044
IPB24C-98,12058,1256
IPB24C-98,39724,53882
IPB24C-98,232795,1117
IPB24C-98,291484,2685
IPB24C-98,699189,120389
IPB24C-98,1283210,12184
IPB24C-98,1910928,6015
IPB24D-33,11118,2311
IPB24D-34,10744,9548
IPB24D-34,10780,4342
IPB24D-34,10841,238222
IPB24D-34,11118,3849
IPB24D-34,39724,1181
IPB24D-34,1910928,550
IPB24D-35,10699,721
IPB24D-35,10780,852
IPB24D-35,10841,809
IPB24D-35,11012,6525
IPB24D-35,11118,6464
IPB24D-35,39724,325
IPB24D-35,232795,381
IPB24D-35,699189,788
IPB24D-35,2169570,11107
IPB24D-35,2560065,695
IPB24D-36,10240,121
IPB24D-36,10780,168
IPB24D-36,11118,1360
IPB24D-36,39724,6345
IPB24D-36,39738,396
IPB24D-36,2842329,1036
IPB24D-37,10744,4347
IPB24D-37,10841,656301
IPB24D-37,12058,1407
IPB24D-37,232795,828689
IPB24D-37,2731643,47366
IPB24D-38,11118,6076516
IPB24D-38,699189,74193
IPB24D-39,11012,7836
IPB24D-39,11118,3566
IPB24D-39,12058,110568
IPB24D-39,699189,40341
IPB24D-40,10662,793
IPB24D-40,10780,62227
IPB24D-40,10841,2622
IPB24D-40,11118,1782
IPB24D-40,11632,566
IPB24D-40,11974,2725
IPB24D-40,39724,54485
IPB24D-40,232795,4231
IPB24D-40,687329,1719
IPB24D-40,699189,958
IPB24D-40,1910928,582
IPB24D-41,10841,2027
IPB24D-41,11118,10444
IPB24D-41,11632,406
IPB24D-41,11974,5322
IPB24D-41,39724,1247
IPB24D-41,232795,2362
IPB24D-41,1283210,549
IPB24D-41,2169570,679
IPB24D-41,2560065,322
IPB24D-42,10841,927
IPB24D-42,11118,853
IPB24D-44,10744,2117
IPB24D-44,10841,1126489
IPB24D-44,11118,78462
IPB24D-44,232795,30608
IPB24D-44,2731643,8457
IPB24D-45,10744,1406
IPB24D-45,10780,1452
IPB24D-45,10841,61353
IPB24D-45,11118,1897
IPB24D-45,232795,11822
IPB24D-45,699189,4241
IPB24D-45,2169570,3428
IPB24D-45,2731643,715585
IPB24D-47,10662,3856
IPB24D-47,10699,1548
IPB24D-47,10780,3271
IPB24D-47,11118,5970
IPB24D-47,39724,3986
IPB24D-47,39733,2692212
IPB24D-47,1910928,704
IPB24D-47,2842329,1509
IPB24D-49,10662,4881
IPB24D-49,10699,354
IPB24D-49,10780,3369
IPB24D-49,10841,888
IPB24D-49,10860,1500
IPB24D-49,11012,409
IPB24D-49,11118,35152
IPB24D-49,11974,382
IPB24D-49,11989,280
IPB24D-49,12058,6539
IPB24D-49,39724,13281
IPB24D-49,39733,5695
IPB24D-49,232795,1522
IPB24D-49,1283210,635
IPB24D-49,1910928,2099
IPB24D-49,2560065,578
IPB24D-50,10662,472
IPB24D-50,10780,8467
IPB24D-50,10841,12206
IPB24D-50,11118,11247
IPB24D-50,39724,4170
IPB24D-50,1910928,2491
IPB24D-50,2169574,358
IPB24D-50,2560065,415
IPB24D-50,2731690,355
IPB24D-50,2842329,2034
IPB24D-51,10780,25960
IPB24D-51,10841,17490
IPB24D-51,11118,2039
IPB24D-51,699189,1524
IPB24D-52,10662,918
IPB24D-52,10780,57559
IPB24D-52,11118,5283
IPB24D-52,11632,445
IPB24D-52,39724,7642
IPB24D-52,151341,1477
IPB24D-52,232795,6503
IPB24D-52,1910928,1056
IPB24D-52,2169570,2835
IPB24D-53,10780,195511
IPB24D-53,10841,4699
IPB24D-53,11012,1524
IPB24D-53,11118,984
IPB24D-53,39733,1033810
IPB24D-53,232795,8776
IPB24D-53,2022639,1494
IPB24D-53,2169577,682
IPB24D-54,10780,18347
IPB24D-54,10841,469
IPB24D-54,11118,5311
IPB24D-54,39724,2982
IPB24D-54,232795,68936
IPB24D-54,699189,797
IPB24D-54,1910928,881
IPB24D-54,2560065,344
IPB24D-56,10662,1099
IPB24D-56,10780,1846
IPB24D-56,10841,731
IPB24D-56,11012,470
IPB24D-56,11118,42001
IPB24D-56,12058,14366
IPB24D-56,39724,18433
IPB24D-56,151341,1991
IPB24D-56,291484,26746
IPB24D-56,699189,5025
IPB24D-56,1910928,727
IPB24D-56,2169570,4311
IPB24D-56,2169574,1611
IPB24H-130,10780,24453
IPB24H-131,10699,1749
IPB24H-131,10780,139226
IPB24H-132,10780,4618
IPB24H-132,11118,6040
IPB24H-133,10780,8905
IPB24H-133,11118,47922
IPB24H-133,232795,2332
IPB24H-133,699189,18749
IPB4B-1,11118,5039
IPB4B-1,12058,4342
IPB4B-10,11118,1470
IPB4B-11,10780,13504
IPB4B-13,11118,27071
IPB4B-14,11118,14242
IPB4B-15,11118,14782
IPB4B-16,39733,5803
IPB4B-18,10780,9709
IPB4B-18,11118,17312
IPB4B-18,699189,16649
IPB4B-19,10508,9857
IPB4B-19,10780,5316
IPB4B-2,10780,1442
IPB4B-2,12283,13419
IPB4B-2,232795,2187
IPB4B-2,699189,55599
IPB4B-2,2169570,14848
IPB4B-2,2169577,1788
IPB4B-21,10780,5658
IPB4B-21,11118,123651
IPB4B-21,12058,4683
IPB4B-21,12283,1779
IPB4B-21,39724,1455
IPB4B-21,39738,5212
IPB4B-21,232795,44274
IPB4B-21,291484,7952
IPB4B-21,1283210,38325
IPB4B-22,232795,15931
IPB4B-23,10508,8074
IPB4B-23,10841,1790
IPB4B-23,11118,11171
IPB4B-23,39733,11729
IPB4B-23,151341,226246
IPB4B-23,232795,7025
IPB4B-23,291484,2291
IPB4B-23,699189,2279
IPB4B-23,1283210,3463
IPB4B-24,10841,16842
IPB4B-24,11012,3111
IPB4B-24,11118,22145
IPB4B-24,12058,19629
IPB4B-24,39738,3370
IPB4B-24,232795,141692
IPB4B-24,291484,4287
IPB4B-24,699189,70718
IPB4B-24,1283210,49481
IPB4B-24,2022639,2077
IPB4B-24,2169570,10218
IPB4B-24,2169577,4173
IPB4B-25,232795,3262
IPB4B-25,291484,1645
IPB4B-25,1283210,1315
IPB4B-26,39733,799451
IPB4B-26,232795,5343
IPB4B-27,12283,4413
IPB4B-27,232795,19056
IPB4B-29,699189,23768
IPB4B-3,11118,69458
IPB4B-30,11118,105021
IPB4B-30,232795,1952
IPB4B-30,1283210,11465
IPB4B-31,11118,1765
IPB4B-31,1283210,2083
IPB4B-32,12058,1147
IPB4B-34,10780,152295
IPB4B-34,10841,1490
IPB4B-34,11012,1865
IPB4B-34,11118,3074878
IPB4B-34,12283,3805
IPB4B-34,39724,8851
IPB4B-34,39733,9339
IPB4B-34,232795,218409
IPB4B-34,699189,77217
IPB4B-34,2169570,43477
IPB4B-35,10780,140908
IPB4B-35,10841,2518
IPB4B-35,11118,7481
IPB4B-35,232795,61616
IPB4B-35,675072,1819
IPB4B-35,699189,22453
IPB4B-35,1283210,14226
IPB4B-35,2169570,21402
IPB4B-36,39733,17566
IPB4B-36,1283210,17204
IPB4B-37,11118,2799
IPB4B-37,12283,49437
IPB4B-37,232795,4705
IPB4B-37,1283210,3324727
IPB4B-39,10780,4692
IPB4B-39,11118,268365
IPB4B-39,699189,5723
IPB4B-39,1283210,1010
IPB4B-39,2169577,1806
IPB4B-4,11118,865554
IPB4B-40,11118,26370
IPB4B-40,291484,6262
IPB4B-41,10841,2279
IPB4B-41,11006,2367
IPB4B-41,11012,28824
IPB4B-41,12058,20576
IPB4B-41,12283,6375
IPB4B-41,39738,5877
IPB4B-41,151341,1397
IPB4B-41,232795,275001
IPB4B-41,291484,824
IPB4B-41,675071,1403
IPB4B-41,699189,38146
IPB4B-41,1283208,1409
IPB4B-41,1283210,1396
IPB4B-41,1910928,1045
IPB4B-41,2169577,3290
IPB4B-41,2560061,2510
IPB4B-42,11012,6953
IPB4B-42,12058,92349
IPB4B-44,11118,35828
IPB4B-44,1283210,2718
IPB4B-45,10780,122702
IPB4B-45,12283,15238
IPB4B-45,1283210,17747
IPB4B-46,10780,1628
IPB4B-46,11118,217445
IPB4B-46,12058,2111
IPB4B-46,232795,1776
IPB4B-46,699189,2299
IPB4B-46,1283210,99353
IPB4B-46,2169570,3010
IPB4B-48,10780,784479
IPB4B-48,10841,838
IPB4B-48,11118,2325
IPB4B-48,12058,2384
IPB4B-48,232795,18980
IPB4B-48,699189,2943
IPB4B-48,1283210,25384
IPB4B-49,12283,5343
IPB4B-49,232795,3280
IPB4B-52,10508,54166
IPB4B-52,10699,5053
IPB4B-52,10780,3210
IPB4B-52,10841,155266
IPB4B-52,11974,798
IPB4B-52,12058,4804
IPB4B-52,39724,1457
IPB4B-52,39733,4276
IPB4B-52,39738,801
IPB4B-52,1283210,2411
IPB4B-55,10292,4
IPB4B-55,10699,9
IPB4B-55,11118,2
IPB4B-55,324901,2
IPB4B-55,1980415,2
IPB4B-56,11118,9391
IPB4B-57,1283210,1053
IPB4B-59,10508,16115
IPB4B-59,10780,250292
IPB4B-59,10841,79254
IPB4B-59,11118,2592
IPB4B-59,11974,2706
IPB4B-59,12058,66446
IPB4B-59,39733,7550
IPB4B-59,39738,29114
IPB4B-59,232795,5095
IPB4B-59,585893,1167
IPB4B-59,1283210,8486
IPB4B-6,10841,1668
IPB4B-6,11118,255113
IPB4B-6,699189,61048
IPB4B-6,1283210,7482
IPB4B-6,2022639,4912
IPB4B-60,10780,229253
IPB4B-60,11974,43400
IPB4B-60,39738,2098
IPB4B-60,232795,2126
IPB4B-60,699189,131988
IPB4B-62,11118,1331363
IPB4B-62,232795,1043
IPB4B-63,10699,1221
IPB4B-63,10841,1670
IPB4B-63,39724,8492
IPB4B-64,10841,16401
IPB4B-64,12283,2161
IPB4B-64,1283208,6320
IPB4B-64,1283210,5559616
IPB4B-64,2169577,7437
IPB4B-65,1283210,2249
IPB4B-66,10292,17669
IPB4B-66,1283210,2280
IPB4B-67,11118,4164
IPB4B-68,10780,1411
IPB4B-69,10662,14471
IPB4B-69,10780,2634
IPB4B-69,11012,4384
IPB4B-69,232795,1482
IPB4B-69,249184,3072
IPB4B-69,699189,148764
IPB4B-70,10662,16685
IPB4B-70,11012,2138
IPB4B-72,10780,6460
IPB4B-73,10662,2175
IPB4B-74,10662,7040
IPB4B-74,10780,1782
IPB4B-79,10662,1348
IPB4B-79,12058,2377
IPB4B-80,10662,4883
IPB4B-81,10662,1202
IPB4B-81,12058,2642
IPB4B-82,12058,1628
IPB4B-83,11118,1146
IPB4B-84,10662,19311
IPB6D-1,10662,119111
IPB6D-10,10662,2758
IPB6D-11,10662,54424
IPB6D-11,11158,478
IPB6D-12,10662,47668
IPB6D-12,10699,319
IPB6D-12,10744,644
IPB6D-12,11158,544
IPB6D-12,2022639,274
IPB6D-12,2501952,4455
IPB6D-2,10662,5324
IPB6D-2,11118,9046
IPB6D-3,10662,1766
IPB6D-3,11118,80192
IPB6D-4,10662,3511
IPB6D-4,11118,15345
IPB6D-5,10662,27104
IPB6D-5,12283,1815
IPB6D-5,151340,4447
IPB6D-6,10662,21507
IPB6D-6,11118,7017
IPB6D-7,10662,6637
IPB6D-8,10662,2055
IPB6D-9,10662,2713
IPB6D-9,12058,5162
IPB24C-100,10662,538
IPB24C-100,10780,5659
IPB24C-100,11006,578
IPB24C-100,11050,735
IPB24C-100,11118,1095617
IPB24C-100,12058,8632
IPB24C-100,39724,6798
IPB24C-100,39738,24182
IPB24C-100,151341,1343
IPB24C-100,232795,4424
IPB24C-100,699189,19774
IPB24C-100,1283210,6811
IPB24C-100,1910928,10731
IPB24C-100,2731690,741
IPB24C-101,10508,478
IPB24C-101,10780,6035
IPB24C-101,10841,1491
IPB24C-101,11012,6068
IPB24C-101,11118,24639
IPB24C-101,11974,1260
IPB24C-101,12058,16642
IPB24C-101,39724,24844
IPB24C-101,39733,1948
IPB24C-101,699189,779
IPB24C-101,2022639,22246
IPB24C-101,2169570,7666
IPB24C-102,10699,760
IPB24C-102,10780,1840346
IPB24C-102,10841,24988
IPB24C-102,11118,83339
IPB24C-102,11974,1824
IPB24C-102,12058,27447
IPB24C-102,12283,979
IPB24C-102,39724,7736
IPB24C-102,39733,35646
IPB24C-102,699189,2270
IPB24C-103,10699,1162
IPB24C-103,10780,26338
IPB24C-103,10841,78900
IPB24C-103,11118,81188
IPB24C-103,12058,17388
IPB24C-103,39724,1265
IPB24C-103,39733,2166
IPB24C-103,699189,3310
IPB24C-103,2169570,856
IPB24C-104,10780,7799
IPB24C-104,10841,22311
IPB24C-104,11050,956
IPB24C-104,11118,109539
IPB24C-104,11974,882
IPB24C-104,12058,27357
IPB24C-104,39724,6085
IPB24C-104,39733,86840
IPB24C-104,232795,871
IPB24C-104,699189,12406
IPB24C-104,1283210,767
IPB24C-104,1910928,646
IPB24C-104,2169570,3570
IPB24C-105,10699,3192
IPB24C-105,10780,997829
IPB24C-105,10841,1349
IPB24C-105,11118,1583
IPB24C-105,12058,11418
IPB24C-105,39724,1150611
IPB24C-105,39733,13600
IPB24C-105,1283210,5797
IPB24C-106,10508,502
IPB24C-106,10744,743
IPB24C-106,10780,25492
IPB24C-106,10841,59954
IPB24C-106,11012,699
IPB24C-106,11118,13003
IPB24C-106,11974,1931
IPB24C-106,12058,27133
IPB24C-106,39724,993
IPB24C-106,39733,24302
IPB24C-106,232795,32047
IPB24C-106,585893,1736
IPB24C-106,699189,2243
IPB24C-106,1283210,3691
IPB24C-106,1910928,1387
IPB24C-106,2169570,796
IPB24C-107,10780,2324
IPB24C-107,10841,3660
IPB24C-107,11012,533
IPB24C-107,11118,6597
IPB24C-107,12058,8923
IPB24C-107,39724,2119
IPB24C-107,39733,4441
IPB24C-107,232795,388
IPB24C-107,249184,57050
IPB24C-107,585893,1753
IPB24C-107,1283210,903
IPB24C-107,1910928,575
IPB24C-107,2731690,419
IPB24C-107,2842329,644
IPB24C-108,10662,396
IPB24C-108,10780,16002
IPB24C-108,10841,9496
IPB24C-108,11118,4337
IPB24C-108,12058,3892
IPB24C-108,39724,3653
IPB24C-108,39733,4168
IPB24C-108,232795,6521
IPB24C-108,249184,1529
IPB24C-108,585893,2958
IPB24C-108,1910928,795
IPB24C-109,10780,191290
IPB24C-109,10841,53849
IPB24C-109,11012,1240
IPB24C-109,11118,237251
IPB24C-109,11974,1194
IPB24C-109,12058,4834
IPB24C-109,39724,1787
IPB24C-109,39733,112797
IPB24C-109,232795,169074
IPB24C-109,249184,1915
IPB24C-109,585893,13085
IPB24C-109,699189,1243
IPB24C-109,1283210,2582
IPB24C-109,1910928,3864
IPB24C-109,2169570,968
IPB24C-110,10780,20191
IPB24C-110,10841,27723
IPB24C-110,11006,4696
IPB24C-110,11012,3717
IPB24C-110,11118,2516
IPB24C-110,12058,2655
IPB24C-110,39733,11369
IPB24C-110,1283210,1563957
IPB24C-111,10699,867
IPB24C-111,10780,1911198
IPB24C-111,10841,2895
IPB24C-111,11012,770
IPB24C-111,11118,5290
IPB24C-111,12058,1640
IPB24C-111,39724,5064
IPB24C-111,39733,7681
IPB24C-111,232795,817
IPB24C-111,585893,6487
IPB24C-111,1283210,27226
IPB24C-111,1910928,4576
IPB24C-111,2731690,526
IPB24C-112,10780,15465
IPB24C-112,10841,1075
IPB24C-112,11118,494231
IPB24C-112,39724,1848
IPB24C-112,232795,58946
IPB24C-112,699189,505811
IPB24C-112,1283210,7699
IPB24C-113,10780,1407
IPB24C-113,11012,242328
IPB24C-113,11118,362551
IPB24C-113,39733,1352
IPB24C-113,232795,1236974
IPB24C-113,699189,63023
IPB24C-114,10780,9975
IPB24C-114,11012,960
IPB24C-114,11118,14787
IPB24C-114,11632,1608
IPB24C-114,12058,1003
IPB24C-114,39724,1200
IPB24C-114,232795,5655
IPB24C-114,699189,4816
IPB24C-114,1910928,1917
IPB24C-114,2169570,12348
IPB24C-115,10780,18364
IPB24C-115,12058,8309
IPB24C-115,186766,1348
IPB24C-115,232795,42072
IPB24C-115,699189,13525
IPB24C-115,1283210,380852
IPB24C-115,2169570,1170
IPB24C-116,10780,4344
IPB24C-116,11118,4041078
IPB24C-116,12058,3745
IPB24C-116,12283,2083
IPB24C-116,39724,1772
IPB24C-116,232795,13792
IPB24C-116,699189,45640
IPB24C-117,10699,6667
IPB24C-117,10780,5584
IPB24C-117,11118,2690905
IPB24C-117,11632,3064
IPB24C-117,39724,2966
IPB24C-117,232795,2172
IPB24C-117,699189,1236
IPB24C-118,10841,5793
IPB24C-118,11118,23562
IPB24C-118,232795,2520488
IPB24C-119,10662,811
IPB24C-119,10780,3119
IPB24C-119,10841,181988
IPB24C-119,11118,350337
IPB24C-119,11632,323
IPB24C-119,11989,303
IPB24C-119,12058,382
IPB24C-119,39724,3046
IPB24C-119,232795,2084
IPB24C-119,699189,1423
IPB24C-119,1283210,2221
IPB24C-119,1910928,283
IPB24C-119,1980418,700
IPB24C-119,2169570,411
IPB24C-119,2169574,350
IPB24C-119,2731690,590
IPB24C-119,2731691,391
IPB24C-120,10662,946
IPB24C-120,10780,1774
IPB24C-120,10841,387960
IPB24C-120,11118,1224255
IPB24C-120,11158,24029
IPB24C-120,11632,3744
IPB24C-120,12058,143079
IPB24C-120,39724,9295
IPB24C-120,232795,4164
IPB24C-120,687329,6977
IPB24C-120,699189,4171
IPB24C-120,1283210,2653
IPB24C-120,1910928,1036
IPB24C-120,2169570,1293
IPB24C-120,2169574,844
IPB24C-121,10508,22919
IPB24C-121,10662,17380
IPB24C-121,10780,3661
IPB24C-121,10841,1742
IPB24C-121,11118,483720
IPB24C-121,12058,1976
IPB24C-121,39724,51441
IPB24C-121,151341,309312
IPB24C-121,232795,89942
IPB24C-121,249310,1896
IPB24C-121,699189,1630
IPB24C-121,1283210,59715
IPB24C-121,1511852,6592
IPB24C-121,1910928,10116
IPB24C-121,2169570,69271
IPB24C-121,2169574,2348
IPB24C-121,2560065,1033
IPB24C-121,2731690,1005
IPB24C-121,2842329,5475
IPB24C-122,12058,22637
IPB24C-122,12283,22305
IPB24C-122,39724,1446
IPB24C-122,151341,27722
IPB24C-122,291484,8313
IPB24C-122,699189,2658907
IPB24C-122,1283210,35197
IPB24C-123,10662,3025
IPB24C-123,10699,420
IPB24C-123,10780,21002
IPB24C-123,10860,830
IPB24C-123,11118,27490
IPB24C-123,11974,5821
IPB24C-123,12058,1997
IPB24C-123,39724,3426
IPB24C-123,232795,8914
IPB24C-123,249310,4544
IPB24C-123,699189,1686
IPB24C-123,1283210,6253
IPB24C-123,1910928,785
IPB24C-123,2560065,755
IPB24C-123,2731690,1415
IPB24C-123,2842329,635
IPB24C-124,10780,17746
IPB24C-124,11118,6513
IPB24C-124,12058,491805
IPB24C-124,39724,4933
IPB24C-124,39733,23419
IPB24C-124,549779,826
IPB24C-124,687329,9926
IPB24C-125,10780,49155
IPB24C-125,11118,1.2142877E7
IPB24C-125,12058,31266
IPB24C-125,39733,3347
IPB24C-125,232795,109283
IPB24C-125,699189,37770
IPB24C-125,1283210,44084
IPB24C-125,1910928,3309
IPB24C-126,10780,11678
IPB24C-126,11118,1.080328E7
IPB24C-126,12058,33670
IPB24C-126,39733,4009
IPB24C-126,232795,23270
IPB24C-126,699189,16521
IPB24C-126,1283210,63641
IPB24C-127,10780,129228
IPB24C-127,10841,1730
IPB24C-127,11012,1268
IPB24C-127,11050,3430
IPB24C-127,11118,1853271
IPB24C-127,12058,39078
IPB24C-127,39724,3226
IPB24C-127,39733,8292
IPB24C-127,39738,6260
IPB24C-127,151341,1428
IPB24C-127,232795,285709
IPB24C-127,675071,9043
IPB24C-127,699189,5027
IPB24C-127,1283210,68061
IPB24C-127,1910928,7688
IPB24C-128,11118,1.1582583E7
IPB24C-128,39724,5432
IPB24C-128,232795,5861
IPB24C-77,10780,1136791
IPB24C-77,10841,905
IPB24C-77,11118,13037
IPB24C-77,12283,1570
IPB24C-77,39724,8434
IPB24C-77,39738,18756
IPB24C-77,232795,2267
IPB24C-77,291484,2572
IPB24C-77,699189,2645
IPB24C-77,1910928,815
IPB24C-77,2169577,1429
IPB24C-99,10780,1907
IPB24C-99,11118,9549
IPB24C-99,12058,74774
IPB24C-99,39724,2271
IPB24C-99,39733,1118
IPB24C-99,151341,1804
IPB24C-99,232795,1613210
IPB24C-99,291484,1115
IPB24D-43,10780,542
IPB24D-43,11118,728
IPB24D-43,2731643,54631
IPB24D-46,10780,5327367
IPB24D-46,1283210,79800
IPB24D-48,10240,9612
IPB24D-48,10662,2755
IPB24D-48,10780,1815
IPB24D-48,10841,2717
IPB24D-48,11118,11769
IPB24D-48,11632,1155
IPB24D-48,39724,3607
IPB24D-48,2560065,775
IPB24D-55,10841,388
IPB24D-55,11012,403
IPB24D-55,11118,3241
IPB24D-55,11632,222
IPB24D-55,39724,2158
IPB24D-55,232795,7120
IPB24D-55,1910928,494
IPB24E-170,10662,739125
IPB24E-170,10744,260936
IPB24E-170,2169529,4517
IPB24E-171,10292,1469
IPB24E-171,10662,276774
IPB24E-171,10744,217523
IPB24E-171,10780,693691
IPB24E-171,12283,1485
IPB24E-171,39738,2937
IPB24E-171,232795,16582
IPB24E-171,699189,20017
IPB24E-171,1283207,83595
IPB24E-171,1283210,1512
IPB24E-171,2169529,5205
IPB24E-171,2169577,5468
IPB24E-172,10662,321606
IPB24E-172,10699,1162
IPB24E-172,10744,134371
IPB24E-172,10780,4313
IPB24E-172,11012,38969
IPB24E-172,12058,12111
IPB24E-172,12283,1768
IPB24E-172,39738,9232
IPB24E-172,151340,7314
IPB24E-172,1283210,1196
IPB24E-172,1910928,1372
IPB24E-172,2022639,8132
IPB24E-172,2169529,3795
IPB24E-172,2169577,17576
IPB24E-172,2731690,1406
IPB24E-173,10292,24151
IPB24E-173,10662,387142
IPB24E-173,10744,191230
IPB24E-173,10780,27355
IPB24E-173,11006,2399
IPB24E-173,11012,10025
IPB24E-173,12058,36809
IPB24E-173,39738,264813
IPB24E-173,232795,43849
IPB24E-173,699189,48260
IPB24E-173,1283210,3159
IPB24E-173,1910928,30254
IPB24E-173,2169529,4124
IPB24E-173,2169577,9752
IPB24E-174,10662,2575305
IPB24E-174,10699,2043
IPB24E-174,10744,7190
IPB24E-175,10662,617836
IPB24E-176,10662,1769343
IPB24E-176,10744,17497
IPB24E-176,11006,2481
IPB24E-176,12058,1169611
IPB24E-176,249184,4255
IPB24E-176,699189,799285
IPB24E-176,2842329,12902
IPB24E-177,10662,166003
IPB24E-177,10744,1062
IPB24E-177,10780,1189
IPB24E-177,10841,33252
IPB24E-177,11118,7468
IPB24E-177,11632,1780
IPB24E-177,39724,1307
IPB24E-177,39733,113824
IPB24E-177,549779,2017
IPB24E-177,687329,2209
IPB24E-178,10662,242669
IPB24E-178,11270,1781
IPB24E-179,10662,181245
IPB24E-179,10699,1655
IPB24E-179,10744,146296
IPB24E-179,10780,3647
IPB24E-179,11632,1956
IPB24E-179,11974,1585
IPB24E-179,39738,2145
IPB24E-179,151340,17630
IPB24E-179,232795,4214
IPB24E-179,2169529,4028
IPB24E-180,10662,540845
IPB24E-180,10744,2878
IPB24E-180,10780,2316
IPB24E-180,11632,1438
IPB24E-180,12058,7522
IPB24E-181,10662,287792
IPB24E-181,10744,77831
IPB24E-181,2169529,1817
IPB24E-182,10662,346163
IPB24E-182,10699,1055
IPB24E-182,10744,4435
IPB24E-182,10841,990
IPB24E-182,232795,980
IPB24E-182,687329,7521
IPB24E-182,2731643,7225
IPB24E-182,2842329,1301
IPB24E-183,10662,121771
IPB24E-184,10662,856329
IPB24E-184,10744,16562
IPB24E-184,10841,1144
IPB24E-184,151340,29259
IPB24E-184,232795,1684
IPB24E-184,2731643,2999
IPB24E-185,10662,1008676
IPB24E-185,10699,1345
IPB24E-185,10744,8578
IPB24E-185,151340,1646
IPB24E-185,232795,2641
IPB24E-185,2731643,1161
IPB24E-186,10662,439970
IPB24E-186,10744,4748
IPB24E-186,10780,770
IPB24E-186,10841,1870
IPB24E-186,39733,1100
IPB24E-186,151340,1186
IPB24E-186,232795,1428
IPB24E-186,699189,775
IPB24E-186,2731690,8532
IPB24E-188,10662,345086
IPB24E-188,10699,1960
IPB24E-188,10744,175503
IPB24E-188,10780,3952
IPB24E-188,10841,8152
IPB24E-188,11118,724111
IPB24E-188,11158,2318
IPB24E-188,151340,68449
IPB24E-188,699189,20320
IPB24E-188,2169529,4859
IPB24E-189,10662,114639
IPB24E-189,10744,35601
IPB24E-189,2169529,1135
IPB24E-190,10662,691056
IPB24E-190,10744,3201
IPB24E-190,10841,21133
IPB24E-190,11989,3374
IPB24E-190,39724,5567
IPB24E-191,10662,6999
IPB24E-191,10780,72520
IPB24E-191,11006,4180
IPB24E-191,1283210,206671
IPB24E-192,10662,599803
IPB24E-192,10699,787
IPB24E-192,10744,1983
IPB24E-192,11118,25357
IPB24E-192,11158,2528
IPB24E-192,39733,43634
IPB24E-192,549779,65856
IPB24E-193,10662,225791
IPB24E-193,10699,787
IPB24E-193,10744,84677
IPB24E-193,11118,742
IPB24E-193,151340,974
IPB24E-193,585893,990
IPB24E-193,2169529,2363
IPB24E-194,10240,4409
IPB24E-194,10662,87266
IPB24E-194,10699,1785
IPB24E-194,10744,44555
IPB24E-194,10841,2079
IPB24E-194,2169529,1548
IPB24E-194,2842329,1354
IPB24E-195,10662,103169
IPB24E-195,10841,805
IPB24E-195,11118,4446
IPB24E-196,10292,3887
IPB24E-196,10662,985346
IPB24E-196,10699,1309
IPB24E-196,10744,26584
IPB24E-196,10780,6805
IPB24E-196,11118,177062
IPB24E-196,11270,2103
IPB24E-196,12058,77748
IPB24E-196,151340,8880
IPB24E-196,2731643,9581
IPB24E-196,2842333,1449
IPB24E-197,10662,1079015
IPB24E-197,10744,15755
IPB24E-197,11118,3894
IPB24E-197,11270,1050
IPB24E-197,11632,1893
IPB24E-197,12058,12354
IPB24E-197,2731643,2712
IPB24E-198,10662,340682
IPB24E-198,10744,7531
IPB24E-198,11118,5047
IPB24E-198,12058,165865
IPB24E-198,39738,1392
IPB24E-198,2731643,1669
IPB24E-199,10508,1502
IPB24E-199,10662,385259
IPB24E-199,10744,994
IPB24E-199,11118,11342
IPB24E-199,151340,26485
IPB24E-199,585893,1026
IPB24E-200,10292,584
IPB24E-200,10662,298050
IPB24E-200,10699,1024
IPB24E-200,10744,4095
IPB24E-200,11118,9737
IPB24E-200,12058,42178
IPB24E-200,151340,7239
IPB24E-200,2731643,1722
IPB24E-201,10662,182602
IPB24E-201,10699,690
IPB24E-201,10744,9582
IPB24E-201,10780,536
IPB24E-201,11118,10185
IPB24E-201,12058,6979
IPB24E-201,39733,715
IPB24E-201,151340,62554
IPB24E-201,585893,1680
IPB24E-201,699189,65167
IPB24E-201,2731643,2387
IPB24G-201,10662,178184
IPB24G-201,10699,766
IPB24G-201,10744,9813
IPB24G-201,10780,605
IPB24G-201,11118,11441
IPB24G-201,12058,8906
IPB24G-201,39733,702
IPB24G-201,151340,76853
IPB24G-201,585893,1893
IPB24G-201,699189,90784
IPB24G-201,2731643,2526
IPB24G-202,10662,84113
IPB24G-202,10744,55800
IPB24G-202,10841,5836
IPB24G-202,11012,900
IPB24G-202,12058,1640
IPB24G-202,151340,2240
IPB24G-202,2169529,1407
IPB24G-202,2731643,7986
IPB24G-202,2842333,5887
IPB24G-203,10508,97787
IPB24G-203,10662,55017
IPB24G-203,10699,3155
IPB24G-203,10744,75506
IPB24G-203,10780,11704
IPB24G-203,10841,2810
IPB24G-203,11118,11711
IPB24G-203,39733,18753
IPB24G-203,39738,186346
IPB24G-203,151340,4730
IPB24G-203,699189,2422
IPB24G-203,2169529,23517
IPB24G-203,2731643,35541
IPB24G-203,2731691,4077
IPB24G-204,10508,12021
IPB24G-204,10662,163389
IPB24G-204,10699,1754
IPB24G-204,10744,215624
IPB24G-204,10780,138070
IPB24G-204,11118,2732
IPB24G-204,11158,3245
IPB24G-204,39738,27212
IPB24G-204,2169529,4581
IPB24G-205,10662,94695
IPB24G-205,10699,7860
IPB24G-205,10744,4825
IPB24G-205,10841,3525
IPB24G-205,11012,1444
IPB24G-205,11158,1404
IPB24G-205,39738,11275
IPB24G-205,232795,33438
IPB24G-205,1910928,1118
IPB24G-206,10508,11877
IPB24G-206,10662,65366
IPB24G-206,10744,1974
IPB24G-206,10780,428386
IPB24G-206,11118,120446
IPB24G-206,12058,1223693
IPB24G-206,12283,1477
IPB24G-206,39733,1541
IPB24G-206,39738,1136
IPB24G-206,699189,5779
IPB24G-206,1283210,20846
IPB24G-206,2169577,2016
IPB24G-207,10662,465465
IPB24G-207,10699,1715
IPB24G-207,10744,225492
IPB24G-207,11118,25741
IPB24G-207,549779,1518
IPB24G-207,2169529,5768
IPB24G-208,10662,58422
IPB24G-208,10744,29718
IPB24G-208,11118,2191
IPB24G-208,11632,197434
IPB24G-208,39733,1083
IPB24G-208,232795,1155
IPB24G-208,2169529,1028
IPB24G-209,10662,153186
IPB24G-209,10699,2471
IPB24G-209,10744,357652
IPB24G-209,10780,1699
IPB24G-209,11118,166343
IPB24G-209,232795,2499
IPB24G-209,699189,11843
IPB24G-209,2169529,7861
IPB24G-209,2169570,2235
IPB24G-209,2169577,1650
IPB24G-210,10662,141061
IPB24G-210,10744,80529
IPB24G-210,10780,2305
IPB24G-210,11118,68443
IPB24G-210,11632,4487
IPB24G-210,39733,14442
IPB24G-210,232795,3135
IPB24G-210,1283210,1902
IPB24G-210,2169529,1826
IPB24G-211,10662,422180
IPB24G-211,10699,2142
IPB24G-211,10744,210676
IPB24G-211,10780,1919
IPB24G-211,11118,12440
IPB24G-211,2169529,7255
IPB24G-212,10508,481
IPB24G-212,10662,16548
IPB24G-212,10744,8501
IPB24G-212,11118,2075
IPB24G-212,699189,667
IPB24G-213,10508,142068
IPB24G-213,10662,7321
IPB24G-213,10744,2358
IPB24G-213,11118,1792
IPB24G-213,39724,452
IPB24G-213,699189,938
IPB24G-213,1283210,989
IPB24G-214,10662,20059
IPB24G-214,10744,33556
IPB24G-214,10780,491232
IPB24G-214,10841,2561
IPB24G-214,11118,114176
IPB24G-214,12058,54087
IPB24G-214,699189,3399376
IPB24G-215,10662,3269
IPB24G-215,10744,1361
IPB24G-215,2731643,1800
IPB24G-216,10508,925
IPB24G-216,10662,905
IPB24G-216,699189,226650
IPB24G-216,2169570,1206
IPB24G-216,2731643,1347
IPB24G-217,10662,12717
IPB24G-217,10744,7875
IPB24G-217,10780,822
IPB24G-217,11118,1527
IPB24G-217,12058,710
IPB24G-217,2731643,10699
IPB24G-218,10662,30711
IPB24G-218,10744,14302
IPB24G-218,10780,23561
IPB24G-218,11118,1922
IPB24G-218,12058,525
IPB24G-218,12283,139652
IPB24G-218,39738,510
IPB24G-218,232795,70256
IPB24G-218,699189,36911
IPB24G-218,2169570,2339
IPB24G-218,2731643,600
IPB24G-219,10662,6902
IPB24G-219,10744,1393
IPB24G-219,232795,1951
IPB24G-219,699189,4264284
IPB24G-220,10662,601077
IPB24G-220,10699,2511
IPB24G-220,10744,202388
IPB24G-220,11118,8485
IPB24G-220,2169529,5222
IPB24G-221,10662,705898
IPB24G-221,10699,64916
IPB24G-221,10744,239948
IPB24G-221,11118,11138
IPB24G-221,151340,5891
IPB24G-221,2169529,8118
IPB24G-221,2501952,2577
IPB24G-222,10662,99863
IPB24G-222,10744,29266
IPB24G-222,10780,655
IPB24G-222,11118,4316
IPB24G-222,12283,622
IPB24G-222,232795,94299
IPB24G-222,699189,725
IPB24G-222,1283210,4012
IPB24G-222,2169529,809
IPB24G-223,10662,219722
IPB24G-223,10744,48004
IPB24G-223,11118,13029
IPB24G-223,12058,1322
IPB24G-223,699189,1166
IPB24G-223,2169529,1827
IPB24G-224,11006,2975
IPB24G-224,11012,103490
IPB24G-224,12058,2152
IPB24G-224,12283,3660
IPB24G-224,39738,224491
IPB24G-224,232795,38530
IPB24G-224,699189,1280952
IPB24G-224,1283210,3113
IPB24G-224,1910928,9176
IPB24G-224,2022639,1946
IPB24G-224,2169577,2782
IPB24G-224,2501952,8072
IPB24G-225,10662,31802
IPB24G-225,10744,7794
IPB24G-225,10780,1191
IPB24G-225,11118,1137
IPB24G-225,11158,637
IPB24G-225,12283,501
IPB24G-225,699189,342
IPB24G-226,10662,173667
IPB24G-226,10699,182207
IPB24G-226,10744,148062
IPB24G-226,10780,1884
IPB24G-226,10841,2715
IPB24G-226,11118,10882
IPB24G-226,39738,61744
IPB24G-226,151340,2452
IPB24G-226,699189,23235
IPB24G-226,2169529,4175
IPB24G-226,2169577,2032
IPB24G-227,10508,3605
IPB24G-227,10662,199158
IPB24G-227,10744,58539
IPB24G-227,10780,1420
IPB24G-227,10841,20622
IPB24G-227,11118,31534
IPB24G-227,39724,1747
IPB24G-227,39733,153148
IPB24G-227,699189,3471
IPB24G-227,1283210,819
IPB24G-227,2169529,1463
IPB24G-228,10508,1730
IPB24G-228,10662,654632
IPB24G-228,10744,217280
IPB24G-228,11118,48156
IPB24G-228,12058,3581
IPB24G-228,699189,2373
IPB24G-228,2169529,6536
IPB24G-229,10508,1831
IPB24G-229,10662,268469
IPB24G-229,10744,87664
IPB24G-229,10780,21514
IPB24G-229,11118,4841
IPB24G-229,12058,2197
IPB24G-229,12283,5572
IPB24G-229,39724,1549
IPB24G-229,232795,7907
IPB24G-229,699189,44370
IPB24G-229,1283210,3417
IPB24G-229,2169529,2243
IPB24G-229,2169570,63151
IPB24G-230,10662,139197
IPB24G-230,10744,92251
IPB24G-230,10841,113007
IPB24G-230,11118,8623
IPB24G-230,2731643,3758
IPB24G-231,10662,29209
IPB24G-231,10744,11373
IPB24G-231,10841,128024
IPB24G-231,11006,3989
IPB24G-231,11118,4352
IPB24G-231,39738,16369
IPB24G-231,232795,42848
IPB24G-231,699189,719631
IPB24G-231,2169570,45091
IPB24G-232,10662,3259
IPB24G-232,10699,21408
IPB24G-232,10744,2284
IPB24G-232,10780,2680
IPB24G-232,11006,2719
IPB24G-232,11012,11417
IPB24G-232,12058,3489
IPB24G-232,12283,25071
IPB24G-232,39738,4000
IPB24G-232,232795,5215
IPB24G-232,291484,26359
IPB24G-232,699189,67001
IPB24G-232,1283210,261434
IPB24G-232,2169570,370182
IPB24G-232,2169577,9735
IPB24G-232,2731643,170608
IPB24G-233,10699,4993
IPB24G-233,10744,2910
IPB24G-233,11006,13063
IPB24G-233,11012,31732
IPB24G-233,12058,7879
IPB24G-233,12283,11313
IPB24G-233,39738,8580
IPB24G-233,232795,50796
IPB24G-233,699189,253946
IPB24G-233,1283210,748115
IPB24G-233,1980417,4566
IPB24G-233,2169570,466512
IPB24G-233,2169577,2825
IPB24G-233,2731643,79984
IPB24G-233,2731691,14473
IPB24G-234,10662,245424
IPB24G-234,10744,74278
IPB24G-234,10780,12368
IPB24G-234,10841,8187
IPB24G-234,11118,10173
IPB24G-234,11974,864
IPB24G-234,12283,53742
IPB24G-234,39733,6205
IPB24G-234,39738,1548
IPB24G-234,232795,879
IPB24G-234,699189,15786
IPB24G-234,1283210,22217
IPB24G-234,2169529,2351
IPB24G-234,2169570,918
IPB24G-234,2731643,82342
IPB24G-235,10662,74586
IPB24G-235,10744,37195
IPB24G-235,10780,19775
IPB24G-235,10841,62860
IPB24G-235,11006,4312
IPB24G-235,11118,46891
IPB24G-235,12058,11857
IPB24G-235,186766,14252
IPB24G-235,249184,1141
IPB24G-235,585893,4037
IPB24G-235,699189,8806
IPB24G-235,1283210,15894
IPB24G-235,2169529,1330
IPB24G-235,2169570,3509
IPB24G-235,2169577,2093
IPB24G-235,2560063,1787
IPB24G-235,2731643,154821
IPB24G-235,2842329,2106
IPB24G-236,10662,21268
IPB24G-236,10744,6026
IPB24G-236,10841,3491
IPB24G-236,11012,3806
IPB24G-236,11118,23229
IPB24G-236,12058,5442
IPB24G-236,12283,3270
IPB24G-236,186766,36074
IPB24G-236,699189,47248
IPB24G-236,1283210,66300
IPB24G-236,2169577,14686
IPB24G-236,2560063,5139
IPB24G-236,2731643,171877
IPB24G-237,10662,57045
IPB24G-237,10744,18492
IPB24G-237,10780,1390
IPB24G-237,10841,70837
IPB24G-237,11012,10124
IPB24G-237,12058,7544
IPB24G-237,119163,1561
IPB24G-237,186766,33991
IPB24G-237,699189,169027
IPB24G-237,1283210,61642
IPB24G-237,2169570,14357
IPB24G-237,2169577,9620
IPB24G-237,2560063,4401
IPB24G-237,2731643,6262
IPB24G-238,10662,263940
IPB24G-238,10744,110952
IPB24G-238,10780,13124
IPB24G-238,10841,30881
IPB24G-238,11118,1465
IPB24G-238,12058,11304
IPB24G-238,151340,2394
IPB24G-238,699189,19198
IPB24G-238,2169529,3109
IPB24G-238,2731643,23229
IPB24G-239,10662,10969
IPB24G-239,10744,4420
IPB24G-239,10780,12696
IPB24G-239,10841,48667
IPB24G-239,11118,3849970
IPB24G-239,11974,1721
IPB24G-239,12058,12219
IPB24G-239,12283,13597
IPB24G-239,39733,1617
IPB24G-239,232795,1604
IPB24G-239,699189,667352
IPB24G-239,1283210,8153
IPB24G-239,2731643,9590
IPB24G-240,10508,391
IPB24G-240,10662,9364
IPB24G-240,10744,2246
IPB24G-240,11012,269
IPB24G-240,11118,2913
IPB24G-240,151340,287
IPB24G-240,699189,1211
IPB24G-240,1283210,687
IPB24G-241,10662,189776
IPB24G-241,10744,100925
IPB24G-241,10780,12339
IPB24G-241,11118,19054
IPB24G-241,151340,1445
IPB24G-241,2169529,2885
