Host,Viral Diversity,Zoonotic Species Count,Zoonotic Sequence Number,Viral Sequence Count,VD_norm,ZSC_norm,ZSN_corrected,ZSN_corrected_norm,VS_ln,VS_ln_norm,EWM_CRS,EWM_rank
Rhinolophus sinicus,8,1,359,491,0.583333,0.5,57.917437,1.0,6.198479,0.886012,0.775521,1
Rhinolophus ferrumequinum,12,2,181,292,0.916667,1.0,31.865229,0.550184,5.680173,0.802597,0.766361,2
Miniopterus schreibersii,13,2,4,247,1.0,1.0,0.725501,0.012526,5.513429,0.775762,0.546976,3
Rhinolophus pusillus,10,1,116,250,0.75,0.5,20.993754,0.362477,5.525453,0.777697,0.521202,4
Eptesicus serotinus,8,2,40,64,0.583333,1.0,9.582245,0.165447,4.174387,0.560261,0.504807,5
Hipposideros armiger,12,2,7,24,0.916667,1.0,2.174672,0.037548,3.218876,0.406483,0.501413,6
Pipistrellus abramus,8,2,11,267,0.583333,1.0,1.967452,0.03397,5.590987,0.788244,0.471928,7
Hipposideros ruber,5,1,123,127,0.333333,0.5,25.350213,0.437696,4.85203,0.669319,0.456663,8
Rhinopoma hardwickii,7,2,5,16,0.5,1.0,1.764781,0.030471,2.833213,0.344416,0.406036,9
Rhinolophus affinis,8,1,48,337,0.583333,0.5,8.243109,0.142325,5.823046,0.825591,0.396341,10
Myotis emarginatus,5,2,5,30,0.333333,1.0,1.456033,0.02514,3.433987,0.441103,0.379731,11
Myotis blythii,4,2,10,22,0.25,1.0,3.18929,0.055066,3.135494,0.393064,0.370485,12
Hipposideros caffer,2,2,17,17,0.083333,1.0,5.881596,0.101551,2.890372,0.353615,0.352212,13
Myotis ricketti,9,1,2,263,0.666667,0.5,0.358683,0.006193,5.575949,0.785824,0.350084,14
Vespertilio murinus,4,2,4,6,0.25,1.0,2.055593,0.035492,1.94591,0.201616,0.341604,15
Myotis daubentonii,9,1,1,162,0.666667,0.5,0.196319,0.00339,5.09375,0.70822,0.340608,16
Vespertilio sinensis,3,1,65,71,0.166667,0.5,15.198755,0.262421,4.276666,0.576721,0.336355,17
Desmodus rotundus,3,2,3,14,0.166667,1.0,1.107808,0.019127,2.70805,0.324273,0.330406,18
Neoromicia capensis,5,1,37,111,0.333333,0.5,7.841477,0.135391,4.718499,0.647828,0.322993,19
Hipposideros pomona,8,1,3,84,0.583333,0.5,0.675272,0.011659,4.442651,0.603434,0.315911,20
Rhinolophus thomasi,4,1,36,52,0.25,0.5,9.067343,0.156556,3.970292,0.527414,0.302238,21
Scotophilus kuhlii,5,1,1,750,0.333333,0.5,0.151025,0.002608,6.621406,0.954077,0.297875,22
Pipistrellus pipistrellus,7,1,5,46,0.5,0.5,1.298652,0.022422,3.850148,0.508078,0.293302,23
Sturnira lilium,8,1,2,21,0.583333,0.5,0.647031,0.011172,3.091042,0.38591,0.29255,24
Taphozous perforatus,2,2,2,2,0.083333,1.0,1.820478,0.031432,1.098612,0.065254,0.291051,25
Rhinolophus monoceros,4,1,29,40,0.25,0.5,7.809193,0.134833,3.713572,0.486098,0.2884,26
Rhinolophus euryale,5,1,20,28,0.333333,0.5,5.939484,0.102551,3.367296,0.43037,0.285578,27
Pipistrellus kuhlii,6,1,10,27,0.416667,0.5,3.001016,0.051815,3.332205,0.424722,0.280067,28
Rousettus aegyptiacus,5,1,2,224,0.333333,0.5,0.369269,0.006376,5.4161,0.760098,0.27887,29
Tylonycteris pachypus,5,1,2,182,0.333333,0.5,0.383915,0.006629,5.209486,0.726847,0.275441,30
Rhinolophus malayanus,6,1,8,16,0.416667,0.5,2.823649,0.048753,2.833213,0.344416,0.27019,31
Hipposideros larvatus,5,1,1,62,0.333333,0.5,0.241363,0.004167,4.143135,0.555231,0.256108,32
Pipistrellus nathusii,3,1,22,31,0.166667,0.5,6.347858,0.109602,3.465736,0.446212,0.256051,33
Rhinolophus hipposideros,2,1,29,30,0.083333,0.5,8.444994,0.145811,3.433987,0.441103,0.254104,34
Carollia perspicillata,5,1,1,32,0.333333,0.5,0.286,0.004938,3.496508,0.451165,0.245368,35
Pteropus giganteus,5,1,1,20,0.333333,0.5,0.328459,0.005671,3.044522,0.378424,0.237946,36
Rhinolophus cornutus,3,1,15,18,0.166667,0.5,5.094349,0.087959,2.944439,0.362316,0.237716,37
Rhinolophus mehelyi,3,1,11,21,0.166667,0.5,3.55867,0.061444,3.091042,0.38591,0.228704,38
Rhinolophus shameli,5,1,1,8,0.333333,0.5,0.45512,0.007858,2.197225,0.242062,0.224385,39
Aselliscus stoliczkanus,4,1,4,12,0.25,0.5,1.559485,0.026926,2.564949,0.301242,0.221831,40
Rhinolophus stheno,3,1,9,12,0.166667,0.5,3.508841,0.060584,2.564949,0.301242,0.219319,41
Rhinolophus macrotis,4,1,3,9,0.25,0.5,1.302883,0.022496,2.302585,0.259018,0.215412,42
Hipposideros pratti,3,1,1,38,0.166667,0.5,0.272958,0.004713,3.663562,0.47805,0.213853,43
Hypsugo savii,2,1,10,11,0.083333,0.5,4.024296,0.069483,2.484907,0.288361,0.204677,44
Pipistrellus pygmaeus,3,1,1,17,0.166667,0.5,0.345976,0.005974,2.890372,0.353615,0.201159,45
Hypsugo pulveratus,2,1,9,10,0.083333,0.5,3.753292,0.064804,2.397895,0.274357,0.201153,46
Rhinolophus pearsoni,4,1,1,4,0.25,0.5,0.621335,0.010728,1.609438,0.147465,0.198426,47
Pteropus alecto,3,1,1,11,0.166667,0.5,0.40243,0.006948,2.484907,0.288361,0.194638,48
Miniopterus fuliginosus,8,0,0,137,0.583333,0.0,0.0,0.0,4.927254,0.681425,0.19249,49
Rhinolophus blasii,2,1,6,9,0.083333,0.5,2.605767,0.044991,2.302585,0.259018,0.19091,50
Hipposideros abae,1,1,11,11,0.0,0.5,4.426726,0.076432,2.484907,0.288361,0.190558,51
Nyctalus noctula,3,1,1,7,0.166667,0.5,0.480898,0.008303,2.079442,0.223106,0.188283,52
Ia io,2,1,5,6,0.083333,0.5,2.569492,0.044365,1.94591,0.201616,0.184529,53
Rhinolophus rex,2,1,3,10,0.083333,0.5,1.251097,0.021601,2.397895,0.274357,0.182377,54
Rhinolophus siamensis,2,1,3,4,0.083333,0.5,1.864005,0.032184,1.609438,0.147465,0.173473,55
Pipistrellus hesperidus,1,1,6,6,0.0,0.5,3.08339,0.053238,1.94591,0.201616,0.171246,56
Chaerephon plicatus,2,1,1,6,0.083333,0.5,0.513898,0.008873,1.94591,0.201616,0.169104,57
Eptesicus japonensis,1,1,5,5,0.0,0.5,2.790553,0.048182,1.791759,0.176807,0.166409,58
Rhinolophus acuminatus,1,1,5,5,0.0,0.5,2.790553,0.048182,1.791759,0.176807,0.166409,59
Pipistrellus inexspectatus,2,1,1,3,0.083333,0.5,0.721348,0.012455,1.386294,0.111553,0.161077,60
Plecotus auritus,1,1,4,4,0.0,0.5,2.48534,0.042912,1.609438,0.147465,0.160996,61
Eidolon helvum,4,0,0,998,0.25,0.0,0.0,0.0,6.906755,1.0,0.157837,62
Eptesicus isabellinus,2,1,1,2,0.083333,0.5,0.910239,0.015716,1.098612,0.065254,0.157567,63
Hipposideros gigas,2,1,1,2,0.083333,0.5,0.910239,0.015716,1.098612,0.065254,0.157567,64
Myotis pequinius,1,1,3,3,0.0,0.5,2.164043,0.037364,1.386294,0.111553,0.154763,65
Rhinolophus clivosus,1,1,3,3,0.0,0.5,2.164043,0.037364,1.386294,0.111553,0.154763,66
Hipposideros curtus,1,1,2,2,0.0,0.5,1.820478,0.031432,1.098612,0.065254,0.147258,67
Rhinolophus marshalli,1,1,2,2,0.0,0.5,1.820478,0.031432,1.098612,0.065254,0.147258,68
Coleura afra,1,1,1,1,0.0,0.5,1.442695,0.02491,0.693147,0.0,0.137479,69
Eptesicus nilssonii,1,1,1,1,0.0,0.5,1.442695,0.02491,0.693147,0.0,0.137479,70
Eumops glaucinus,1,1,1,1,0.0,0.5,1.442695,0.02491,0.693147,0.0,0.137479,71
Hipposideros vittatus,1,1,1,1,0.0,0.5,1.442695,0.02491,0.693147,0.0,0.137479,72
Nyctinomops laticaudatus,1,1,1,1,0.0,0.5,1.442695,0.02491,0.693147,0.0,0.137479,73
Rhinolophus blythi,1,1,1,1,0.0,0.5,1.442695,0.02491,0.693147,0.0,0.137479,74
Rhinolophus luctus,1,1,1,1,0.0,0.5,1.442695,0.02491,0.693147,0.0,0.137479,75
Vespertilio superans,1,1,1,1,0.0,0.5,1.442695,0.02491,0.693147,0.0,0.137479,76
Artibeus lituratus,7,0,0,12,0.5,0.0,0.0,0.0,2.564949,0.301242,0.134893,77
Mops condylurus,4,0,0,202,0.25,0.0,0.0,0.0,5.313206,0.743539,0.130544,78
Chalinolobus tuberculatus,7,0,0,8,0.5,0.0,0.0,0.0,2.197225,0.242062,0.128595,79
Miniopterus pusillus,4,0,0,155,0.25,0.0,0.0,0.0,5.049856,0.701156,0.126034,80
Cynopterus sphinx,5,0,0,42,0.333333,0.0,0.0,0.0,3.7612,0.493764,0.121102,81
Eonycteris spelaea,4,0,0,113,0.25,0.0,0.0,0.0,4.736198,0.650677,0.120662,82
Myotis myotis,5,0,0,38,0.333333,0.0,0.0,0.0,3.663562,0.47805,0.11943,83
Epomophorus gambianus,3,0,0,173,0.166667,0.0,0.0,0.0,5.159055,0.71873,0.110765,84
Rousettus leschenaultii,3,0,0,115,0.166667,0.0,0.0,0.0,4.75359,0.653476,0.103821,85
Pteropus lylei,3,0,0,86,0.166667,0.0,0.0,0.0,4.465908,0.607177,0.098894,86
Myotis fimbriatus,4,0,0,28,0.25,0.0,0.0,0.0,3.367296,0.43037,0.097217,87
Hipposideros lekaguli,4,0,0,23,0.25,0.0,0.0,0.0,3.178054,0.399914,0.093976,88
Myotis davidii,4,0,0,19,0.25,0.0,0.0,0.0,2.995732,0.370571,0.090853,89
Myotis horsfieldii,4,0,0,16,0.25,0.0,0.0,0.0,2.833213,0.344416,0.08807,90
Scotophilus heathii,4,0,0,14,0.25,0.0,0.0,0.0,2.70805,0.324273,0.085926,91
Myotis petax,4,0,0,11,0.25,0.0,0.0,0.0,2.484907,0.288361,0.082104,92
Rhinolophus rhodesiae,4,0,0,11,0.25,0.0,0.0,0.0,2.484907,0.288361,0.082104,93
Micropteropus pusillus,2,0,0,66,0.083333,0.0,0.0,0.0,4.204693,0.565138,0.077281,94
Miniopterus magnatus,2,0,0,62,0.083333,0.0,0.0,0.0,4.143135,0.555231,0.076226,95
Myotis chinensis,3,0,0,21,0.166667,0.0,0.0,0.0,3.091042,0.38591,0.075347,96
Artibeus jamaicensis,4,0,0,7,0.25,0.0,0.0,0.0,2.079442,0.223106,0.07516,97
Tylonycteris robustula,4,0,0,6,0.25,0.0,0.0,0.0,1.94591,0.201616,0.072873,98
Mops pusillus,2,0,0,47,0.083333,0.0,0.0,0.0,3.871201,0.511467,0.071569,99
Triaenops persicus,2,0,0,47,0.083333,0.0,0.0,0.0,3.871201,0.511467,0.071569,100
Miniopterus fuscus,3,0,0,14,0.166667,0.0,0.0,0.0,2.70805,0.324273,0.068787,101
Chaerephon pusillus,2,0,0,37,0.083333,0.0,0.0,0.0,3.637586,0.473869,0.067568,102
Cynopterus brachyotis,2,0,0,37,0.083333,0.0,0.0,0.0,3.637586,0.473869,0.067568,103
Epomops franqueti,2,0,0,36,0.083333,0.0,0.0,0.0,3.610918,0.469578,0.067111,104
Scotophilus leucogaster,3,0,0,11,0.166667,0.0,0.0,0.0,2.484907,0.288361,0.064965,105
Myotis laniger,3,0,0,8,0.166667,0.0,0.0,0.0,2.197225,0.242062,0.060038,106
Miniopterus natalensis,1,0,0,52,0.0,0.0,0.0,0.0,3.970292,0.527414,0.056127,107
Megaloglossus woermanni,2,0,0,17,0.083333,0.0,0.0,0.0,2.890372,0.353615,0.054771,108
Myotis macropus,3,0,0,5,0.166667,0.0,0.0,0.0,1.791759,0.176807,0.053094,109
Myotis dasycneme,2,0,0,14,0.083333,0.0,0.0,0.0,2.70805,0.324273,0.051648,110
Myotis siligorensis,2,0,0,13,0.083333,0.0,0.0,0.0,2.639057,0.313169,0.050466,111
Eptesicus fuscus,1,0,0,36,0.0,0.0,0.0,0.0,3.610918,0.469578,0.049972,112
Pipistrellus coromandra,3,0,0,4,0.166667,0.0,0.0,0.0,1.609438,0.147465,0.049971,113
Nyctalus plancyi,2,0,0,10,0.083333,0.0,0.0,0.0,2.397895,0.274357,0.046336,114
Pteropus vampyrus,3,0,0,3,0.166667,0.0,0.0,0.0,1.386294,0.111553,0.04615,115
Hypsignathus monstrosus,2,0,0,9,0.083333,0.0,0.0,0.0,2.302585,0.259018,0.044704,116
Myotis lucifugus,1,0,0,26,0.0,0.0,0.0,0.0,3.295837,0.418869,0.044576,117
Otomops martiensseni,1,0,0,26,0.0,0.0,0.0,0.0,3.295837,0.418869,0.044576,118
Triaenops afer,1,0,0,26,0.0,0.0,0.0,0.0,3.295837,0.418869,0.044576,119
Myotis nattereri,1,0,0,25,0.0,0.0,0.0,0.0,3.258097,0.412796,0.043929,120
Phyllostomus discolor,1,0,0,25,0.0,0.0,0.0,0.0,3.258097,0.412796,0.043929,121
Molossus molossus,2,0,0,8,0.083333,0.0,0.0,0.0,2.197225,0.242062,0.042899,122
Pteropus rufus,1,0,0,22,0.0,0.0,0.0,0.0,3.135494,0.393064,0.04183,123
Rousettus amplexicaudatus,1,0,0,21,0.0,0.0,0.0,0.0,3.091042,0.38591,0.041068,124
Myotis macrodactylus,2,0,0,7,0.083333,0.0,0.0,0.0,2.079442,0.223106,0.040882,125
Miniopterus inflatus,1,0,0,20,0.0,0.0,0.0,0.0,3.044522,0.378424,0.040272,126
Glossophaga soricina,2,0,0,6,0.083333,0.0,0.0,0.0,1.94591,0.201616,0.038595,127
Myotis adversus,2,0,0,6,0.083333,0.0,0.0,0.0,1.94591,0.201616,0.038595,128
Nycteris thebaica,2,0,0,6,0.083333,0.0,0.0,0.0,1.94591,0.201616,0.038595,129
Rhinolophus lobatus,2,0,0,6,0.083333,0.0,0.0,0.0,1.94591,0.201616,0.038595,130
Chalinolobus gouldii,2,0,0,5,0.083333,0.0,0.0,0.0,1.791759,0.176807,0.035955,131
Lissonycteris angolensis,2,0,0,5,0.083333,0.0,0.0,0.0,1.791759,0.176807,0.035955,132
Scotophilus dinganii,2,0,0,5,0.083333,0.0,0.0,0.0,1.791759,0.176807,0.035955,133
Molossus rufus,1,0,0,13,0.0,0.0,0.0,0.0,2.639057,0.313169,0.033327,134
Sturnira parvidens,2,0,0,4,0.083333,0.0,0.0,0.0,1.609438,0.147465,0.032832,135
Mormopterus jugularis,1,0,0,12,0.0,0.0,0.0,0.0,2.564949,0.301242,0.032058,136
Myotis capaccinii,1,0,0,12,0.0,0.0,0.0,0.0,2.564949,0.301242,0.032058,137
Rousettus madagascariensis,1,0,0,12,0.0,0.0,0.0,0.0,2.564949,0.301242,0.032058,138
Myotis brandtii,2,0,0,3,0.083333,0.0,0.0,0.0,1.386294,0.111553,0.029011,139
Myotis longipes,2,0,0,3,0.083333,0.0,0.0,0.0,1.386294,0.111553,0.029011,140
Megaderma lyra,1,0,0,8,0.0,0.0,0.0,0.0,2.197225,0.242062,0.02576,141
Miniopterus mossambicus,1,0,0,8,0.0,0.0,0.0,0.0,2.197225,0.242062,0.02576,142
Hipposideros cineraceus,2,0,0,2,0.083333,0.0,0.0,0.0,1.098612,0.065254,0.024083,143
Kerivoula titania,2,0,0,2,0.083333,0.0,0.0,0.0,1.098612,0.065254,0.024083,144
Lonchorhina aurita,2,0,0,2,0.083333,0.0,0.0,0.0,1.098612,0.065254,0.024083,145
Myotis ikonnikovi,2,0,0,2,0.083333,0.0,0.0,0.0,1.098612,0.065254,0.024083,146
Myotis volans,2,0,0,2,0.083333,0.0,0.0,0.0,1.098612,0.065254,0.024083,147
Neoromicia nanus,2,0,0,2,0.083333,0.0,0.0,0.0,1.098612,0.065254,0.024083,148
Rhinolophus simulator,2,0,0,2,0.083333,0.0,0.0,0.0,1.098612,0.065254,0.024083,149
Taphozous melanopogon,2,0,0,2,0.083333,0.0,0.0,0.0,1.098612,0.065254,0.024083,150
Murina leucogaster,1,0,0,6,0.0,0.0,0.0,0.0,1.94591,0.201616,0.021456,151
Myonycteris torquata,1,0,0,6,0.0,0.0,0.0,0.0,1.94591,0.201616,0.021456,152
Epomophorus labiatus,1,0,0,5,0.0,0.0,0.0,0.0,1.791759,0.176807,0.018816,153
Epomophorus pusillus,1,0,0,5,0.0,0.0,0.0,0.0,1.791759,0.176807,0.018816,154
Eptesicus regulus,1,0,0,5,0.0,0.0,0.0,0.0,1.791759,0.176807,0.018816,155
Mops midas,1,0,0,5,0.0,0.0,0.0,0.0,1.791759,0.176807,0.018816,156
Nyctalus lasiopterus,1,0,0,5,0.0,0.0,0.0,0.0,1.791759,0.176807,0.018816,157
Cynopterus horsfieldii,1,0,0,4,0.0,0.0,0.0,0.0,1.609438,0.147465,0.015693,158
Dobsonia exoleta,1,0,0,4,0.0,0.0,0.0,0.0,1.609438,0.147465,0.015693,159
Hipposideros diadema,1,0,0,4,0.0,0.0,0.0,0.0,1.609438,0.147465,0.015693,160
Miniopterus minor,1,0,0,4,0.0,0.0,0.0,0.0,1.609438,0.147465,0.015693,161
Mystacina tuberculata,1,0,0,4,0.0,0.0,0.0,0.0,1.609438,0.147465,0.015693,162
Rhinolophus coelophyllus,1,0,0,4,0.0,0.0,0.0,0.0,1.609438,0.147465,0.015693,163
Artibeus planirostris,1,0,0,3,0.0,0.0,0.0,0.0,1.386294,0.111553,0.011871,164
Dobsonia moluccensis,1,0,0,3,0.0,0.0,0.0,0.0,1.386294,0.111553,0.011871,165
Miniopterus australis,1,0,0,3,0.0,0.0,0.0,0.0,1.386294,0.111553,0.011871,166
Otomops harrisoni,1,0,0,3,0.0,0.0,0.0,0.0,1.386294,0.111553,0.011871,167
Rhinolophus subbadius,1,0,0,3,0.0,0.0,0.0,0.0,1.386294,0.111553,0.011871,168
Anoura caudifer,1,0,0,2,0.0,0.0,0.0,0.0,1.098612,0.065254,0.006944,169
Carollia brevicauda,1,0,0,2,0.0,0.0,0.0,0.0,1.098612,0.065254,0.006944,170
Chalinolobus morio,1,0,0,2,0.0,0.0,0.0,0.0,1.098612,0.065254,0.006944,171
Diphylla ecaudata,1,0,0,2,0.0,0.0,0.0,0.0,1.098612,0.065254,0.006944,172
Dyacopterus spadiceus,1,0,0,2,0.0,0.0,0.0,0.0,1.098612,0.065254,0.006944,173
Eidolon dupreanum,1,0,0,2,0.0,0.0,0.0,0.0,1.098612,0.065254,0.006944,174
Epomops buettikoferi,1,0,0,2,0.0,0.0,0.0,0.0,1.098612,0.065254,0.006944,175
Glauconycteris variegata,1,0,0,2,0.0,0.0,0.0,0.0,1.098612,0.065254,0.006944,176
Hipposideros galeritus,1,0,0,2,0.0,0.0,0.0,0.0,1.098612,0.065254,0.006944,177
Macroglossus minimus,1,0,0,2,0.0,0.0,0.0,0.0,1.098612,0.065254,0.006944,178
Myotis crypticus,1,0,0,2,0.0,0.0,0.0,0.0,1.098612,0.065254,0.006944,179
Myotis punicus,1,0,0,2,0.0,0.0,0.0,0.0,1.098612,0.065254,0.006944,180
Myotis welwitschii,1,0,0,2,0.0,0.0,0.0,0.0,1.098612,0.065254,0.006944,181
Pteropus dasymallus,1,0,0,2,0.0,0.0,0.0,0.0,1.098612,0.065254,0.006944,182
Pteropus poliocephalus,1,0,0,2,0.0,0.0,0.0,0.0,1.098612,0.065254,0.006944,183
Triaenops menamena,1,0,0,2,0.0,0.0,0.0,0.0,1.098612,0.065254,0.006944,184
Acerodon celebensis,1,0,0,1,0.0,0.0,0.0,0.0,0.693147,0.0,0.0,185
Artibeus cinereus,1,0,0,1,0.0,0.0,0.0,0.0,0.693147,0.0,0.0,186
Cardioderma cor,1,0,0,1,0.0,0.0,0.0,0.0,0.693147,0.0,0.0,187
Carollia sowelli,1,0,0,1,0.0,0.0,0.0,0.0,0.693147,0.0,0.0,188
Chaerephon leucogaster,1,0,0,1,0.0,0.0,0.0,0.0,0.693147,0.0,0.0,189
Falsistrellus mackenziei,1,0,0,1,0.0,0.0,0.0,0.0,0.693147,0.0,0.0,190
Gardnerycteris crenulatum,1,0,0,1,0.0,0.0,0.0,0.0,0.693147,0.0,0.0,191
Glauconycteris poensis,1,0,0,1,0.0,0.0,0.0,0.0,0.693147,0.0,0.0,192
Hipposideros bicolor,1,0,0,1,0.0,0.0,0.0,0.0,0.693147,0.0,0.0,193
Hipposideros cervinus,1,0,0,1,0.0,0.0,0.0,0.0,0.693147,0.0,0.0,194
Hipposideros commersoni,1,0,0,1,0.0,0.0,0.0,0.0,0.693147,0.0,0.0,195
Hipposideros terasensis,1,0,0,1,0.0,0.0,0.0,0.0,0.693147,0.0,0.0,196
Hypsugo alaschanicus,1,0,0,1,0.0,0.0,0.0,0.0,0.693147,0.0,0.0,197
Lichonycteris obscura,1,0,0,1,0.0,0.0,0.0,0.0,0.693147,0.0,0.0,198
Macroglossus sobrinus,1,0,0,1,0.0,0.0,0.0,0.0,0.693147,0.0,0.0,199
Megaerops ecaudatus,1,0,0,1,0.0,0.0,0.0,0.0,0.693147,0.0,0.0,200
Megaerops kusnotoi,1,0,0,1,0.0,0.0,0.0,0.0,0.693147,0.0,0.0,201
Megaerops niphanae,1,0,0,1,0.0,0.0,0.0,0.0,0.693147,0.0,0.0,202
Mesophylla macconnelli,1,0,0,1,0.0,0.0,0.0,0.0,0.693147,0.0,0.0,203
Miniopterus africanus,1,0,0,1,0.0,0.0,0.0,0.0,0.693147,0.0,0.0,204
Molossus currentium,1,0,0,1,0.0,0.0,0.0,0.0,0.693147,0.0,0.0,205
Murina cyclotis,1,0,0,1,0.0,0.0,0.0,0.0,0.693147,0.0,0.0,206
Murina huttoni,1,0,0,1,0.0,0.0,0.0,0.0,0.693147,0.0,0.0,207
Myonycteris angolensis,1,0,0,1,0.0,0.0,0.0,0.0,0.693147,0.0,0.0,208
Myotis bechsteinii,1,0,0,1,0.0,0.0,0.0,0.0,0.693147,0.0,0.0,209
Myotis flavus,1,0,0,1,0.0,0.0,0.0,0.0,0.693147,0.0,0.0,210
Myotis muricola,1,0,0,1,0.0,0.0,0.0,0.0,0.693147,0.0,0.0,211
Myotis oxygnathus,1,0,0,1,0.0,0.0,0.0,0.0,0.693147,0.0,0.0,212
Nanonycteris veldkampii,1,0,0,1,0.0,0.0,0.0,0.0,0.693147,0.0,0.0,213
Neoromicia somalica,1,0,0,1,0.0,0.0,0.0,0.0,0.693147,0.0,0.0,214
Nyctalus leisleri,1,0,0,1,0.0,0.0,0.0,0.0,0.693147,0.0,0.0,215
Nyctalus velutinus,1,0,0,1,0.0,0.0,0.0,0.0,0.693147,0.0,0.0,216
Nycteris tragata,1,0,0,1,0.0,0.0,0.0,0.0,0.693147,0.0,0.0,217
Phyllostomus hastatus,1,0,0,1,0.0,0.0,0.0,0.0,0.693147,0.0,0.0,218
Platyrrhinus lineatus,1,0,0,1,0.0,0.0,0.0,0.0,0.693147,0.0,0.0,219
Ptenochirus jagori,1,0,0,1,0.0,0.0,0.0,0.0,0.693147,0.0,0.0,220
Rhinolophus creaghi,1,0,0,1,0.0,0.0,0.0,0.0,0.693147,0.0,0.0,221
Rhinolophus megaphyllus,1,0,0,1,0.0,0.0,0.0,0.0,0.693147,0.0,0.0,222
Rhinolophus smithersi,1,0,0,1,0.0,0.0,0.0,0.0,0.693147,0.0,0.0,223
Rhinonicteris aurantia,1,0,0,1,0.0,0.0,0.0,0.0,0.693147,0.0,0.0,224
Scotophilus nux,1,0,0,1,0.0,0.0,0.0,0.0,0.693147,0.0,0.0,225
Sturnira erythromos,1,0,0,1,0.0,0.0,0.0,0.0,0.693147,0.0,0.0,226
Tadarida brasiliensis,1,0,0,1,0.0,0.0,0.0,0.0,0.693147,0.0,0.0,227
Tylonycteris fulvida,1,0,0,1,0.0,0.0,0.0,0.0,0.693147,0.0,0.0,228
Vespadelus baverstocki,1,0,0,1,0.0,0.0,0.0,0.0,0.693147,0.0,0.0,229
