SampleGroup,Shannon_Index,lat,long
IPB24A-10,4.973499307625771,29.99,122.31
IPB24A-11,5.4291973337385055,29.99,122.31
IPB24A-12,5.965269974007571,29.99,122.31
IPB24A-13,5.088629625108201,30.07,122.14
IPB24A-14,4.496898555450564,30.07,122.2
IPB24A-15,4.934183719779189,30.07,122.2
IPB24A-17,3.873140679513134,30.08,122.13
IPB24A-18,4.418295834054491,30.07,122.14
IPB24A-19,4.2359263506290326,30.07,122.14
IPB24A-2,6.963676636971677,30.06,122.15
IPB24A-20,3.967720100474499,30.04,122.2
IPB24A-21,4.548688113203416,30.04,122.2
IPB24A-27,5.112199975217029,22.83,112.8
IPB24A-28,3.984183719779189,23.31,114.4
IPB24A-29,4.319902579793958,23.34,114.46
IPB24A-31,7.885148169547419,23.12,115.21
IPB24A-32,8.288572783541984,23.12,115.21
IPB24A-33,4.6644977792004605,23.31,114.4
IPB24A-34,5.563856189774724,23.31,114.4
IPB24A-35,4.639279277025428,23.31,114.4
IPB24A-36,6.881557009694035,24.56,115.88
IPB24A-37,4.41208706925008,24.43,112.18
IPB24A-38,4.413607347067375,24.43,112.18
IPB24A-39,6.003666984610165,24.43,112.18
IPB24A-4,5.70906738261922,30.07,122.14
IPB24A-40,4.953263142468004,25.3,113.02
IPB24A-41,8.385041728470458,25.05,113.77
IPB24A-42,4.54254382446954,22.55,114.15
IPB24A-43,4.680813428089395,22.56,114.23
IPB24A-44,4.889680181354617,23.15,112.52
IPB24A-45,5.882643049361841,23.13,112.55
IPB24A-5,5.559733603467742,30.04,122.2
IPB24A-6,5.261098725424303,30.04,122.2
IPB24A-7,6.673347538576899,30.07,122.07
IPB24A-8,7.448901496228356,30.07,122.07
IPB24A-9,5.2084111518371525,29.89,122.42
IPB24B-1,6.633580831921692,22.36,113.49
IPB24B-10,5.563856189774724,31.35,118.45
IPB24B-11,7.006119813556231,31.35,118.45
IPB24B-12,5.435812887167011,31.35,118.45
IPB24B-13,4.146286370662106,30.07,122.14
IPB24B-14,4.63656413759286,23.68,106.98
IPB24B-15,4.221928094887363,22.36,106.8
IPB24B-2,3.664497779200461,22.36,113.49
IPB24B-3,4.801307266176411,22.42,113.65
IPB24B-5,7.298034371211818,31.35,118.45
IPB24B-6,4.201841232302569,31.36,118.46
IPB24B-7,6.044954943193488,31.35,118.45
IPB24B-8,6.864376178776971,31.35,118.43
IPB24B-9,5.592759955827108,31.35,118.45
IPB24C-100,6.162430053398573,31.35,118.43
IPB24C-102,7.200500809084174,31.31,118.51
IPB24C-103,6.749858620668083,31.31,118.51
IPB24C-104,7.253593197855341,31.31,118.51
IPB24C-105,6.232624356927738,31.31,118.51
IPB24C-106,6.46068810806935,31.35,118.43
IPB24C-107,6.227831381088493,31.35,118.43
IPB24C-108,6.411978179679553,31.35,118.43
IPB24C-109,6.888252501715764,31.35,118.43
IPB24C-110,6.549452668030775,31.35,118.43
IPB24C-111,6.526717225617641,31.35,118.43
IPB24C-112,6.429991863963942,31.35,118.45
IPB24C-114,6.811980369703382,31.35,118.45
IPB24C-115,6.447882543257363,31.35,118.45
IPB24C-117,6.222823676305885,31.35,118.45
IPB24C-119,6.142664355548848,30.88,119.9
IPB24C-120,6.45558294527991,30.96,119.89
IPB24C-122,5.247927513443585,30.92,119.69
IPB24C-123,3.8073549220576033,30.9,119.94
IPB24C-124,3.121928094887363,30.94,119.78
IPB24C-125,6.558967328333154,31.35,118.45
IPB24C-126,6.209533099260594,31.35,118.45
IPB24C-127,6.019325123809583,31.35,118.45
IPB24C-128,4.627986806877677,31.35,118.45
IPB24C-21,3.321928094887362,24.92,110.31
IPB24C-22,3.41829583405449,23.07,111.02
IPB24C-23,3.906890595608519,23.07,111.02
IPB24C-24,2.0,22.17,112.11
IPB24C-25,3.700439718141093,22.83,112.8
IPB24C-26,4.247927513443585,22.87,112.8
IPB24C-27,1.584962500721156,22.87,112.8
IPB24C-28,5.376629167387823,23.12,115.21
IPB24C-29,2.807354922057604,23.34,114.46
IPB24C-30,5.072140159802109,23.31,114.4
IPB24C-32,6.436704345910023,24.88,115.94
IPB24C-58,0.9182958340544894,31.36,118.45
IPB24C-59,1.0,31.36,118.45
IPB24C-60,2.584962500721157,31.36,118.45
IPB24C-61,0.9709505944546688,31.36,118.45
IPB24C-62,7.093106221269582,31.36,118.45
IPB24C-63,6.658752281366915,31.36,118.45
IPB24C-65,1.5,31.36,118.45
IPB24C-66,6.715569827903397,31.36,118.45
IPB24C-68,7.480928794138308,31.35,118.45
IPB24C-69,5.603586383021305,31.35,118.45
IPB24C-70,6.804214898829901,31.35,118.45
IPB24C-71,3.664497779200461,31.35,118.45
IPB24C-72,0.0,31.35,118.45
IPB24C-73,7.091241341785392,31.35,118.45
IPB24C-74,5.99669616206955,31.36,118.46
IPB24C-76,6.549866658844648,31.35,118.45
IPB24C-77,6.952046681500673,31.35,118.45
IPB24C-78,6.616500318605204,31.35,118.45
IPB24C-79,1.0,31.35,118.45
IPB24C-82,5.402569011092751,31.35,118.45
IPB24C-83,5.222274413893481,31.35,118.45
IPB24C-84,6.138875233524756,31.36,118.4
IPB24C-86,4.512647280775707,31.35,118.43
IPB24C-88,1.584962500721156,31.35,118.43
IPB24C-89,5.144082660445575,31.35,118.43
IPB24C-90,6.442768638075794,31.35,118.43
IPB24C-91,5.30910131613147,31.35,118.43
IPB24C-92,5.88451343601929,31.35,118.43
IPB24C-95,6.309158682373715,31.35,118.43
IPB24C-96,5.383304180855832,31.35,118.43
IPB24C-97,7.075237967712483,31.35,118.43
IPB24C-99,6.346138777334408,31.32,118.5
IPB24D-33,1.584962500721156,24.57,115.89
IPB24D-34,7.244966901932551,24.89,115.96
IPB24D-35,2.128085278891394,24.43,112.18
IPB24D-36,3.8073549220576033,24.43,112.18
IPB24D-38,5.277613436819116,25.05,113.77
IPB24D-39,1.584962500721156,25.28,113.06
IPB24D-41,1.4911148500551858,25.05,113.77
IPB24D-42,4.277613436819116,25.01,113.64
IPB24D-43,4.169925001442313,25.05,113.77
IPB24D-46,3.689891668750007,22.6,114.18
IPB24D-47,3.4594316186372978,23.15,112.54
IPB24D-48,3.584962500721157,23.17,112.54
IPB24D-50,4.08746284125034,23.17,112.54
IPB24D-51,5.469670487371863,23.17,112.54
IPB24D-52,4.82996615001024,22.36,113.49
IPB24D-54,3.321928094887362,22.1,113.55
IPB24D-56,5.551730526435611,31.36,118.4
IPB24E-170,3.961409081041401,24.36,99.04
IPB24E-171,7.209081695794794,25.12,98.41
IPB24E-172,6.896337612038978,25.12,98.41
IPB24E-174,3.6980892768756624,23.11,107.55
IPB24E-175,6.021598379853423,22.49,99.69
IPB24E-177,4.715111376837558,22.49,99.69
IPB24E-179,6.217545329475891,25.26,98.84
IPB24E-180,5.576977058336784,21.63,100.24
IPB24E-181,4.3104430577190245,24.23,98.43
IPB24E-182,6.0852290770095046,23.0,101.96
IPB24E-183,4.489665460637066,23.31,99.33
IPB24E-188,6.87355114909655,24.44,97.54
IPB24E-189,4.208884070537636,23.64,99.55
IPB24E-191,3.9726251631428102,23.34,104.52
IPB24E-192,6.05142832417039,22.36,99.79
IPB24E-193,3.7204370141550895,24.36,99.04
IPB24E-194,7.513252461928437,24.23,98.43
IPB24E-195,4.438133203467362,23.0,101.96
IPB24E-196,6.655105726326499,22.36,99.79
IPB24E-197,6.34568404843561,22.36,99.79
IPB24E-198,5.002910079649727,22.74,99.82
IPB24E-199,4.011856671885066,22.49,99.69
IPB24E-200,6.066478776650143,22.45,99.69
IPB24G-202,6.670337429829749,25.12,98.41
IPB24G-203,7.773284765557392,25.12,98.41
IPB24G-204,6.267172581992386,25.12,98.41
IPB24G-206,6.022320043916844,21.63,100.24
IPB24G-207,5.062086647157523,25.47,105.02
IPB24G-209,6.825180743795351,25.84,105.26
IPB24G-210,4.46842619818549,25.91,105.17
IPB24G-211,4.113032199422442,25.79,104.96
IPB24G-212,4.47283105672003,25.69,102.37
IPB24G-213,5.712837366272352,26.44,102.49
IPB24G-214,5.942995333503252,26.67,102.18
IPB24G-215,6.326633413229422,24.89,104.41
IPB24G-216,5.142327113145802,28.13,103.05
IPB24G-217,4.588234139737389,28.12,103.14
IPB24G-218,6.805362891643614,26.15,105.88
IPB24G-219,4.480809578146661,24.89,104.41
IPB24G-220,4.299953785780215,25.79,104.96
IPB24G-221,5.219712891530091,24.89,104.41
IPB24G-222,5.539752049681602,25.84,105.26
IPB24G-223,5.456564762130954,25.47,105.02
IPB24G-224,6.965316749845772,24.89,104.41
IPB24G-225,4.2959904167911365,25.69,102.37
IPB24G-227,4.329650189799251,25.79,104.96
IPB24G-228,4.5270008226434895,26.67,102.18
IPB24G-229,6.8074952969114815,26.29,106.09
IPB24G-230,5.602945520364915,25.79,104.96
IPB24G-231,8.021270416214982,25.47,105.02
IPB24G-232,10.177242457767536,24.89,104.41
IPB24G-233,10.28054883718163,24.89,104.41
IPB24G-234,6.961443563462715,24.89,104.41
IPB24G-235,7.929303494968233,25.69,102.37
IPB24G-236,6.906385996411599,25.69,102.37
IPB24G-237,7.485402981629951,25.69,102.37
IPB24G-238,7.434583910216341,26.5,102.58
IPB24G-239,6.986396646599744,26.67,102.18
IPB24G-240,4.865813969039298,27.71,102.31
IPB24G-241,3.9249209928505033,28.08,103.14
IPB24H-129,0.0,29.91,110.07
IPB24H-133,6.162890436798799,30.66,110.74
IPB4B-1,3.875,21.38,110.15
IPB4B-13,4.859641000228757,25.28,110.36
IPB4B-14,4.515373345764894,25.28,110.36
IPB4B-15,2.40400975732486,25.18,110.26
IPB4B-16,5.247927513443585,25.18,110.26
IPB4B-17,2.321928094887362,24.51,117.65
IPB4B-18,6.0100629939780905,24.51,117.65
IPB4B-2,7.068692365953083,21.43,110.15
IPB4B-22,4.459431618637296,30.9,119.66
IPB4B-25,3.4992275471326924,25.72,116.89
IPB4B-36,5.297079327540665,21.38,110.16
IPB4B-4,5.413977073182752,23.04,114.63
IPB4B-43,5.20945336562895,25.71,116.75
IPB4B-5,3.5465935642949398,23.05,114.6
IPB4B-52,7.265806064632798,25.02,117.63
IPB4B-57,1.0,24.51,117.65
IPB4B-6,6.477698897781861,23.04,114.59
IPB4B-62,4.501629167387825,24.51,117.65
IPB4B-63,3.616874605956221,30.97,119.87
IPB4B-65,4.584962500721156,22.47,99.67
IPB4B-66,5.308771516813207,25.12,98.41
IPB4B-67,3.96981578242681,25.12,98.41
IPB4B-68,4.906890595608518,25.12,98.41
IPB4B-71,4.807354922057604,21.65,101.38
IPB4B-76,3.321928094887362,22.47,99.67
IPB4B-78,3.851227480952956,22.45,99.69
IPB4B-79,3.636842188131012,22.45,99.69
IPB4B-80,3.6089524533051063,22.45,99.69
IPB4B-83,4.321928094887363,25.12,98.41
IPB6D-12,4.684372827270737,23.06,106.19
IPB6D-3,5.538617527434145,21.63,107.63
IPB6D-5,7.785519557799678,21.79,107.83
IPB6D-6,7.4872225589289565,21.63,107.63
IPB6D-7,5.630418323891479,21.63,107.63
