Sample group,Shannon index,Season,Year,latitude,longitude,SampleSize (log10),Terrain,Host genus,Bio2,Bio4,Bio5,Bio8,Bio17,Bio18,HFT,GMR,CHEQ,NDVI,FVC,PSD,GR,GLH,landuseName Forest land closed canopy,landuseName High coverage grassland,landuseName Low coverage grassland,landuseName Medium coverage grassland,landuseName Other construction land,landuseName Other forest land,landuseName Paddy field,landuseName Reservoirs and ponds,landuseName Rivers and canals,landuseName Rural residential area,landuseName Shrubland,landuseName Sparse woodland,landuseName Urban built up area
IPB24A-10,4.973499308,Autumn,2023,29.99,122.31,1.301029996,Mountain,Rhinolophus,-1.276740552,0.6250164897917531,0.0628970591731694,0.7261689056690863,1.6501513921402924,-1.22990748,0.8002768145137207,-2.15503564,-0.017421365,0.7130464014207734,0.6681644173638885,0.0641445798296154,-0.104894138,2.2772381437559943,0,0,0,0,0,0,0,0,0,0,0,0,1
IPB24A-11,5.429197334,Autumn,2023,29.99,122.31,1.301029996,Mountain,Rhinolophus,-1.276740552,0.6250164897917531,0.0628970591731694,0.7261689056690863,1.6501513921402924,-1.22990748,0.8002768145137207,-2.15503564,-0.017421365,0.7130464014207734,0.6681644173638885,0.0641445798296154,-0.104894138,2.2772381437559943,0,0,0,0,0,0,0,0,0,0,0,0,1
IPB24A-12,5.965269974,Autumn,2023,29.99,122.31,1.301029996,Mountain,Rhinolophus,-1.276740552,0.6250164897917531,0.0628970591731694,0.7261689056690863,1.6501513921402924,-1.22990748,0.8002768145137207,-2.15503564,-0.017421365,0.7130464014207734,0.6681644173638885,0.0641445798296154,-0.104894138,2.2772381437559943,0,0,0,0,0,0,0,0,0,0,0,0,1
IPB24A-13,5.088629625,Autumn,2023,30.07,122.14,0.954242509,Mountain,Myotis,-1.113633909,0.693937257137878,0.0628970591731694,0.6436492313083649,1.5506194340587531,-1.13257367,-0.095047366,-2.118814659,0.5421632141119818,0.550586904426815,-0.472480453,-0.003874903,-0.340383968,1.9577364013027536,1,0,0,0,0,0,0,0,0,0,0,0,0
IPB24A-14,4.496898555,Autumn,2023,30.07,122.2,1.361727836,Mountain,Rhinolophus,-1.233565193,0.6817302935160424,0.0967207645124681,0.7198211505203334,1.575502423579138,-1.218456443,0.6431705490339672,-2.118814659,0.7976548447481313,0.7259569809015753,-0.472480453,-0.089952657,-0.240456481,2.0097554298865927,1,0,0,0,0,0,0,0,0,0,0,0,0
IPB24A-15,4.93418372,Autumn,2023,30.07,122.2,1.342422681,Mountain,Rhinolophus,-1.233565193,0.6817302935160424,0.0967207645124681,0.7198211505203334,1.575502423579138,-1.218456443,0.6431705490339672,-2.118814659,0.7976548447481313,0.7259569809015753,-0.472480453,-0.089952657,-0.240456481,2.0097554298865927,1,0,0,0,0,0,0,0,0,0,0,0,0
IPB24A-17,3.87314068,Autumn,2023,30.08,122.13,1.255272505,Mountain,Rhinolophus,-1.16160655,0.6889111667436535,0.0628970591731694,0.6309544827262407,1.575502423579138,-1.172652297,-0.03300026,-2.118814659,1.1760814388668055,1.1292263596092131,-1.042802888,-0.056243886,-0.334387484,1.913002176044612,1,0,0,0,0,0,0,0,0,0,0,0,0
IPB24A-18,4.418295834,Autumn,2023,30.07,122.14,1.176091259,Mountain,Rhinolophus,-1.113633909,0.693937257137878,0.0628970591731694,0.6436492313083649,1.5506194340587531,-1.13257367,-0.095047366,-2.118814659,0.5421632141119818,0.550586904426815,-0.472480453,-0.003874903,-0.340383968,1.9577364013027536,1,0,0,0,0,0,0,0,0,0,0,0,0
IPB24A-19,4.235926351,Autumn,2023,30.07,122.14,1.176091259,Mountain,Rhinolophus,-1.113633909,0.693937257137878,0.0628970591731694,0.6436492313083649,1.5506194340587531,-1.13257367,-0.095047366,-2.118814659,0.5421632141119818,0.550586904426815,-0.472480453,-0.003874903,-0.340383968,1.9577364013027536,1,0,0,0,0,0,0,0,0,0,0,0,0
IPB24A-2,6.963676637,Autumn,2023,30.06,122.15,1.204119983,Mountain,Rhinolophus,-1.104039807,0.7043693084562249,0.1981918805303666,0.8086878183144248,1.6252684026199076,-1.155475743,0.7894093522464357,-2.118814659,0.1467047065377026,1.1292263596092131,-0.472480453,0.0370571749942819,-0.322702926,1.9847245531975408,1,0,0,0,0,0,0,0,0,0,0,0,0
IPB24A-20,3.9677201,Autumn,2023,30.04,122.2,1.230448921,Mountain,Rhinolophus,-1.166403773,0.6698077944398105,-0.038574057,0.5611303186630264,1.6003854130995228,-1.161201261,0.1704873889787474,-2.118814659,1.3475967105255102,1.1292263596092131,-0.472480453,-0.089952657,-0.267411526,2.0529176930006843,1,0,0,0,0,0,0,0,0,0,0,0,0
IPB24A-21,4.548688113,Autumn,2023,30.04,122.2,1.204119983,Mountain,Rhinolophus,-1.166403773,0.6698077944398105,-0.038574057,0.5611303186630264,1.6003854130995228,-1.161201261,0.1704873889787474,-2.118814659,1.3475967105255102,1.1292263596092131,-0.472480453,-0.089952657,-0.267411526,2.0529176930006843,1,0,0,0,0,0,0,0,0,0,0,0,0
IPB24A-27,5.112199975,Summer,2023,22.83,112.8,0.903089987,Mountain,Nyctalus,-0.926541666,-0.477017003,0.8070185766377551,1.2784125587375912,0.4806508846822064,1.0717508532435154,0.5407758536354896,-0.199102704,-0.939183708,-0.421819772,0.0978419822088243,-0.177234294,-0.286848288,-0.753743528,1,0,0,0,0,0,0,0,0,0,0,0,0
IPB24A-28,3.98418372,Spring,2023,23.31,114.4,0.903089987,Mountain,Rhinolophus,-0.811407951,-0.538120153,0.0967207645124681,0.4849587803087501,0.3811189266006672,1.2778695099334458,-1.193539362,-0.162881724,2.303005648513916,0.6315702324754636,-0.472480453,-0.234418816,-0.73478814,-0.787158327,1,0,0,0,0,0,0,0,0,0,0,0,0
IPB24A-29,4.31990258,Summer,2023,23.34,114.46,1.041392685,Mountain,Hypsugo,-0.581139945,-0.458739589,0.7731948712984577,1.1768499997883004,0.3562359370802824,0.991593597864098,0.275074555494835,-0.235323684,-0.013253108,1.1292263596092131,-1.042802888,-0.224185796,-0.802749658,-0.930395108,0,0,0,1,0,0,0,0,0,0,0,0,0
IPB24A-31,7.88514817,Summer,2023,23.12,115.21,1.230448921,Mountain,Myotis,-0.955324893,-0.620099163,0.2996629965482651,1.202241020383315,0.0825230523560495,0.7740239046913936,-0.607862012,-0.271544665,-0.004192581,1.1292263596092131,0.0978419822088243,-0.262108163,0.3872524127010757,0.3751331838850514,0,0,0,0,0,0,1,0,0,0,0,0,0
IPB24A-32,8.288572784,Summer,2023,23.12,115.21,1.230448921,Mountain,Myotis,-0.955324893,-0.620099163,0.2996629965482651,1.202241020383315,0.0825230523560495,0.7740239046913936,-0.607862012,-0.271544665,-0.004192581,1.1292263596092131,0.0978419822088243,-0.262108163,0.3872524127010757,0.3751331838850514,0,0,0,0,0,0,1,0,0,0,0,0,0
IPB24A-33,4.664497779,Spring,2023,23.31,114.4,1.230448921,Mountain,Rhinolophus,-0.811407951,-0.538120153,0.0967207645124681,0.4849587803087501,0.3811189266006672,1.2778695099334458,-1.193539362,-0.162881724,2.303005648513916,0.6315702324754636,-0.472480453,-0.234418816,-0.73478814,-0.787158327,1,0,0,0,0,0,0,0,0,0,0,0,0
IPB24A-34,5.56385619,Spring,2023,23.31,114.4,1.230448921,Mountain,Rhinolophus,-0.811407951,-0.538120153,0.0967207645124681,0.4849587803087501,0.3811189266006672,1.2778695099334458,-1.193539362,-0.162881724,2.303005648513916,0.6315702324754636,-0.472480453,-0.234418816,-0.73478814,-0.787158327,1,0,0,0,0,0,0,0,0,0,0,0,0
IPB24A-35,4.639279277,Spring,2023,23.31,114.4,1.230448921,Mountain,Rhinolophus,-0.811407951,-0.538120153,0.0967207645124681,0.4849587803087501,0.3811189266006672,1.2778695099334458,-1.193539362,-0.162881724,2.303005648513916,0.6315702324754636,-0.472480453,-0.234418816,-0.73478814,-0.787158327,1,0,0,0,0,0,0,0,0,0,0,0,0
IPB24A-36,6.88155701,Spring,2023,24.56,115.88,1.146128036,Hill,Tylonycteris,0.1720264262644138,-0.201687194,0.9423133979949548,-0.079980002,0.6797148008452849,-0.388256298,0.5041547154900823,-0.090439763,-0.412900714,-0.609792068,0.0978419822088243,-0.349991743,-0.156508041,-0.347228997,1,0,0,0,0,0,0,0,0,0,0,0,0
IPB24A-37,4.412087069,Spring,2023,24.43,112.18,1,Mountain,Rhinolophus,-0.657896043,-0.035734673,-0.681224458,-1.603410769,0.9036617065287482,0.0010789421041542,-1.674086022,0.1268861184942017,1.984039451068981,0.5442145436556646,-0.472480453,-0.380690802,0.8033792209302779,1.5094939583321838,1,0,0,0,0,0,0,0,0,0,0,0,0
IPB24A-38,4.413607347,Spring,2023,24.43,112.18,0.477121255,Mountain,Rhinolophus,-0.657896043,-0.035734673,-0.681224458,-1.603410769,0.9036617065287482,0.0010789421041542,-1.674086022,0.1268861184942017,1.984039451068981,0.5442145436556646,-0.472480453,-0.380690802,0.8033792209302779,1.5094939583321838,1,0,0,0,0,0,0,0,0,0,0,0,0
IPB24A-39,6.003666985,Spring,2023,24.43,112.18,1.322219295,Mountain,Rhinolophus,-0.657896043,-0.035734673,-0.681224458,-1.603410769,0.9036617065287482,0.0010789421041542,-1.674086022,0.1268861184942017,1.984039451068981,0.5442145436556646,-0.472480453,-0.380690802,0.8033792209302779,1.5094939583321838,1,0,0,0,0,0,0,0,0,0,0,0,0
IPB24A-4,5.709067383,Autumn,2023,30.07,122.14,1.113943352,Mountain,Rhinolophus,-1.113633909,0.693937257137878,0.0628970591731694,0.6436492313083649,1.5506194340587531,-1.13257367,-0.095047366,-2.118814659,0.5421632141119818,0.550586904426815,-0.472480453,-0.003874903,-0.340383968,1.9577364013027536,1,0,0,0,0,0,0,0,0,0,0,0,0
IPB24A-40,4.953263142,Spring,2023,25.3,113.02,1.342422681,Hill,Nyctalus,-0.168577437,0.467315812687644,1.111431924691452,-0.314842372,0.4806508846822064,-0.766140502,0.9814702959753632,0.2717700396370355,-0.814425672,-0.182918182,0.0978419822088243,-0.349991743,-0.78242686,0.7105167124597898,0,0,0,0,0,0,1,0,0,0,0,0,0
IPB24A-41,8.385041728,Spring,2023,25.05,113.77,1.204119983,Mesa,Hipposideros,-0.25492781,0.2561855152634669,1.077608219352152,-0.130760901,0.5055338742025912,-0.594374955,0.1989760030551248,0.0906651382084933,-0.073020062,0.3502599411265576,0.0978419822088243,-0.382496629,-0.360503207,-0.882780636,1,0,0,0,0,0,0,0,0,0,0,0,0
IPB24A-42,4.542543824,Summer,2023,22.55,114.15,0.77815125,Mountain,Cynopterus,-1.185592553,-0.723417346,0.6717237552805579,1.6656176248000365,-0.265838801,2.3027372751417112,0.5445239605200618,-0.235323684,-0.744286809,-0.304911841,1.8088092876740167,10.53493140451018,-0.74557136,0.1210433487441922,0,0,0,0,0,0,0,0,0,1,0,0,0
IPB24A-43,4.680813428,Summer,2023,22.56,114.23,1.041392685,Mountain,Rhinolophus,-1.382279359,-0.714566043,0.5026052285840609,1.5132745480914835,-0.191189832,2.314188311624485,0.5445239605200618,-0.452649566,-0.752696772,-0.006916981,1.8088092876740167,1.9090978202806608,-0.623697099,0.1295461744705755,1,0,0,0,0,0,0,0,0,0,0,0,0
IPB24A-44,4.889680181,Summer,2023,23.15,112.52,0.301029996,Mountain,Rhinolophus,-0.80181333,-0.449778853,0.5026052285840609,0.8848593566687011,0.4557678951618216,0.7339452770016849,-0.413655084,-0.235323684,1.8758970990854773,0.8971065284450117,-0.472480453,-0.237428527,-0.793917687,-0.906703713,1,0,0,0,0,0,0,0,0,0,0,0,0
IPB24A-45,5.882643049,Summer,2023,23.13,112.55,1.322219295,Plain,Myotis,-0.811407951,-0.452266113,0.7055474606198578,1.1070265974404692,0.4806508846822064,0.6938666493119762,0.9323726070668464,-0.199102704,-0.339857552,-0.344661157,-0.472480453,-0.141719697,-0.771591042,-0.980810757,0,0,0,0,0,0,1,0,0,0,0,0,0
IPB24A-5,5.559733603,Autumn,2023,30.04,122.2,1.380211242,Mountain,Rhinolophus,-1.166403773,0.6698077944398105,-0.038574057,0.5611303186630264,1.6003854130995228,-1.161201261,0.1704873889787474,-2.118814659,1.3475967105255102,1.1292263596092131,-0.472480453,-0.089952657,-0.267411526,2.0529176930006843,1,0,0,0,0,0,0,0,0,0,0,0,0
IPB24A-6,5.261098725,Autumn,2023,30.04,122.2,1.380211242,Mountain,Rhinolophus,-1.166403773,0.6698077944398105,-0.038574057,0.5611303186630264,1.6003854130995228,-1.161201261,0.1704873889787474,-2.118814659,1.3475967105255102,1.1292263596092131,-0.472480453,-0.089952657,-0.267411526,2.0529176930006843,1,0,0,0,0,0,0,0,0,0,0,0,0
IPB24A-7,6.673347539,Autumn,2023,30.07,122.07,1.361727836,Mountain,Rhinolophus,-1.19039018,0.6653497048623519,-0.140045173,0.4341778816917962,1.5506194340587531,-1.126848151,-0.61459899,-2.118814659,1.098538162020213,1.0859215926714,-0.472480453,0.1026688889287563,-0.417886997,1.902000203973179,0,0,0,0,0,0,0,0,0,0,0,0,0
IPB24A-8,7.448901496,Autumn,2023,30.07,122.07,1.361727836,Mountain,Rhinolophus,-1.19039018,0.6653497048623519,-0.140045173,0.4341778816917962,1.5506194340587531,-1.126848151,-0.61459899,-2.118814659,1.098538162020213,1.0859215926714,-0.472480453,0.1026688889287563,-0.417886997,1.902000203973179,0,0,0,0,0,0,0,0,0,0,0,0,0
IPB24A-9,5.208411152,Autumn,2023,29.89,122.42,0.77815125,Plain,Rhinolophus,-1.422576591,-0.142749028,0.3537809250911442,1.2466742400230535,0.5503232553392838,0.3652219022563649,0.1233154838187551,-2.19125662,-0.752696772,0.3795927200887972,3.519776593139209,0.1108553046123238,0.0629416455792948,2.598032629299731,1,0,0,0,0,0,0,0,0,0,0,0,0
IPB24B-1,6.633580832,Summer,2023,22.36,113.49,1.301029996,Mountain,Hypsugo,-1.444644247,-0.626073331,0.6379000499412593,1.659270250508974,0.0825230523560495,1.8332447793479807,1.0139868177683484,-0.271544665,-0.821825071,-0.810350533,0.0978419822088243,1.6267868676635189,0.2535811347845768,-0.67948376,0,0,0,0,0,0,0,0,0,0,0,0,0
IPB24B-10,5.56385619,Summer,2023,31.35,118.45,1.342422681,Plain,Pipistrellus,-0.134996353,1.3166926512769053,0.7055474606198578,0.2374012806573504,0.530416863722976,-0.874925349,1.3304592440470615,-0.561312507,-0.715850857,-1.213267,-1.042802888,0.0069600585105781,-0.71091269,-0.799178161,0,0,0,0,1,0,0,0,0,0,0,0,0
IPB24B-11,7.006119814,Summer,2023,31.35,118.45,1.414973348,Plain,Pipistrellus,-0.134996353,1.3166926512769053,0.7055474606198578,0.2374012806573504,0.530416863722976,-0.874925349,1.3304592440470615,-0.561312507,-0.715850857,-1.213267,-1.042802888,0.0069600585105781,-0.71091269,-0.799178161,0,0,0,0,1,0,0,0,0,0,0,0,0
IPB24B-12,5.435812887,Summer,2023,31.35,118.45,1.414973348,Plain,Pipistrellus,-0.134996353,1.3166926512769053,0.7055474606198578,0.2374012806573504,0.530416863722976,-0.874925349,1.3304592440470615,-0.561312507,-0.715850857,-1.213267,-1.042802888,0.0069600585105781,-0.71091269,-0.799178161,0,0,0,0,1,0,0,0,0,0,0,0,0
IPB24B-13,4.146286371,Autumn,2023,30.07,122.14,0.301029996,Mountain,Miniopterus,-1.113633909,0.693937257137878,0.0628970591731694,0.6436492313083649,1.5506194340587531,-1.13257367,-0.095047366,-2.118814659,0.5421632141119818,0.550586904426815,-0.472480453,-0.003874903,-0.340383968,1.9577364013027536,1,0,0,0,0,0,0,0,0,0,0,0,0
IPB24B-14,4.636564138,Spring,2023,23.68,106.98,0.698970004,Plain,Pipistrellus,-0.063037709,-0.435006139,1.246726746048649,1.938565383331066,-0.29072179,0.7568473499672327,0.3888022154831062,0.8150847439226624,-0.387062782,-1.885696444,-1.042802888,-0.366244186,-0.749992461,-0.964916243,0,0,0,0,0,0,1,0,0,0,0,0,0
IPB24B-15,4.221928095,Summer,2023,22.36,106.8,0.602059991,Plain,Tylonycteris,-0.27411659,-0.671624583,0.9084896926556548,1.6402269850627138,-0.589317665,0.0984127522077325,0.1198281862959495,0.8150847439226624,-0.114705975,-0.981379699,-1.042802888,-0.376477205,-0.438998186,1.764733304897275,0,0,0,0,0,1,0,0,0,0,0,0,0
IPB24B-2,3.664497779,Summer,2023,22.36,113.49,0.954242509,Mountain,Pipistrellus,-1.444644247,-0.626073331,0.6379000499412593,1.659270250508974,0.0825230523560495,1.8332447793479807,1.0139868177683484,-0.271544665,-0.821825071,-0.810350533,0.0978419822088243,1.6267868676635189,0.2535811347845768,-0.67948376,0,0,0,0,0,0,0,0,0,0,0,0,0
IPB24B-3,4.801307266,Summer,2023,22.42,113.65,1.505149978,Plain,Hipposideros,-1.828423297,-0.648613175,0.4011341125661636,1.487884289211852,-0.141423853,1.4152819477267329,0.4927101712101643,-2.046372699,-0.752696772,0.9911849169197048,0.0978419822088243,-0.049140967,-0.01940117,-0.6370237,1,0,0,0,0,0,0,0,0,0,0,0,0
IPB24B-5,7.298034371,Spring,2023,31.35,118.45,1.447158031,Plain,Eptesicus,-0.134996353,1.3166926512769053,0.7055474606198578,0.2374012806573504,0.530416863722976,-0.874925349,1.3304592440470615,-0.561312507,-0.715850857,-1.213267,-1.042802888,0.0069600585105781,-0.71091269,-0.799178161,0,0,0,0,1,0,0,0,0,0,0,0,0
IPB24B-6,4.201841232,Spring,2023,31.36,118.46,1.113943352,Plain,Eptesicus,-0.125402251,1.3186079908751147,0.7055474606198578,0.2310539063662883,0.5055338742025912,-0.892101904,1.3304592440470615,-0.597533487,-1.0062006,-1.883941149,1.8088092876740167,0.0135814241369929,-0.688113343,-0.767917854,0,0,0,0,0,0,1,0,0,0,0,0,0
IPB24B-8,6.864376179,Summer,2023,31.35,118.43,1.361727836,Plain,Eptesicus,-0.163780386,1.319540081556268,0.7393711659591578,0.262791539536982,0.5552998532433608,-0.863474312,1.3304592440470615,-0.561312507,-0.97959123,-0.372412523,1.8088092876740167,0.0743775994340747,-0.732837459,-0.83013438,0,0,0,0,1,0,0,0,0,0,0,0,0
IPB24B-9,5.592759956,Summer,2023,31.35,118.45,1.361727836,Plain,Pipistrellus,-0.134996353,1.3166926512769053,0.7055474606198578,0.2374012806573504,0.530416863722976,-0.874925349,1.3304592440470615,-0.561312507,-0.715850857,-1.213267,-1.042802888,0.0069600585105781,-0.71091269,-0.799178161,0,0,0,0,1,0,0,0,0,0,0,0,0
IPB24C-100,6.162430053,Summer,2023,31.35,118.43,1.414973348,Plain,Pipistrellus,-0.163780386,1.319540081556268,0.7393711659591578,0.262791539536982,0.5552998532433608,-0.863474312,1.3304592440470615,-0.561312507,-0.97959123,-0.372412523,1.8088092876740167,0.0743775994340747,-0.732837459,-0.83013438,0,0,0,0,1,0,0,0,0,0,0,0,0
IPB24C-102,7.200500809,Spring,2023,31.31,118.51,1.491361694,Plain,Myotis,-0.250130183,1.2826774267694798,0.6379000499412593,0.2056632666289659,0.530416863722976,-0.909278458,0.0713484565228566,-0.597533487,0.0927023819897792,0.4933443088407117,-1.042802888,0.0015425775435114,-0.611998474,-0.667855291,0,0,0,0,0,0,1,0,0,0,0,0,0
IPB24C-103,6.749858621,Spring,2023,31.31,118.51,1.477121255,Plain,Myotis,-0.250130183,1.2826774267694798,0.6379000499412593,0.2056632666289659,0.530416863722976,-0.909278458,0.0713484565228566,-0.597533487,0.0927023819897792,0.4933443088407117,-1.042802888,0.0015425775435114,-0.611998474,-0.667855291,0,0,0,0,0,0,1,0,0,0,0,0,0
IPB24C-104,7.253593198,Spring,2023,31.31,118.51,1.477121255,Plain,Myotis,-0.250130183,1.2826774267694798,0.6379000499412593,0.2056632666289659,0.530416863722976,-0.909278458,0.0713484565228566,-0.597533487,0.0927023819897792,0.4933443088407117,-1.042802888,0.0015425775435114,-0.611998474,-0.667855291,0,0,0,0,0,0,1,0,0,0,0,0,0
IPB24C-106,6.460688108,Summer,2023,31.35,118.43,1.447158031,Plain,Myotis,-0.163780386,1.319540081556268,0.7393711659591578,0.262791539536982,0.5552998532433608,-0.863474312,1.3304592440470615,-0.561312507,-0.97959123,-0.372412523,1.8088092876740167,0.0743775994340747,-0.732837459,-0.83013438,0,0,0,0,1,0,0,0,0,0,0,0,0
IPB24C-107,6.227831381,Summer,2023,31.35,118.43,1.447158031,Plain,Myotis,-0.163780386,1.319540081556268,0.7393711659591578,0.262791539536982,0.5552998532433608,-0.863474312,1.3304592440470615,-0.561312507,-0.97959123,-0.372412523,1.8088092876740167,0.0743775994340747,-0.732837459,-0.83013438,0,0,0,0,1,0,0,0,0,0,0,0,0
IPB24C-108,6.41197818,Summer,2023,31.35,118.43,1.447158031,Plain,Myotis,-0.163780386,1.319540081556268,0.7393711659591578,0.262791539536982,0.5552998532433608,-0.863474312,1.3304592440470615,-0.561312507,-0.97959123,-0.372412523,1.8088092876740167,0.0743775994340747,-0.732837459,-0.83013438,0,0,0,0,1,0,0,0,0,0,0,0,0
IPB24C-109,6.888252502,Summer,2023,31.35,118.43,1.447158031,Plain,Myotis,-0.163780386,1.319540081556268,0.7393711659591578,0.262791539536982,0.5552998532433608,-0.863474312,1.3304592440470615,-0.561312507,-0.97959123,-0.372412523,1.8088092876740167,0.0743775994340747,-0.732837459,-0.83013438,0,0,0,0,1,0,0,0,0,0,0,0,0
IPB24C-110,6.549452668,Summer,2023,31.35,118.43,1.447158031,Plain,Myotis,-0.163780386,1.319540081556268,0.7393711659591578,0.262791539536982,0.5552998532433608,-0.863474312,1.3304592440470615,-0.561312507,-0.97959123,-0.372412523,1.8088092876740167,0.0743775994340747,-0.732837459,-0.83013438,0,0,0,0,1,0,0,0,0,0,0,0,0
IPB24C-111,6.526717226,Summer,2023,31.35,118.43,1.477121255,Plain,Myotis,-0.163780386,1.319540081556268,0.7393711659591578,0.262791539536982,0.5552998532433608,-0.863474312,1.3304592440470615,-0.561312507,-0.97959123,-0.372412523,1.8088092876740167,0.0743775994340747,-0.732837459,-0.83013438,0,0,0,0,1,0,0,0,0,0,0,0,0
IPB24C-112,6.429991864,Summer,2023,31.35,118.45,1.414973348,Plain,Nyctalus,-0.134996353,1.3166926512769053,0.7055474606198578,0.2374012806573504,0.530416863722976,-0.874925349,1.3304592440470615,-0.561312507,-0.715850857,-1.213267,-1.042802888,0.0069600585105781,-0.71091269,-0.799178161,0,0,0,0,1,0,0,0,0,0,0,0,0
IPB24C-114,6.81198037,Spring,2023,31.35,118.45,1.414973348,Plain,Nyctalus,-0.134996353,1.3166926512769053,0.7055474606198578,0.2374012806573504,0.530416863722976,-0.874925349,1.3304592440470615,-0.561312507,-0.715850857,-1.213267,-1.042802888,0.0069600585105781,-0.71091269,-0.799178161,0,0,0,0,1,0,0,0,0,0,0,0,0
IPB24C-115,6.447882543,Spring,2023,31.35,118.45,1.414973348,Plain,Nyctalus,-0.134996353,1.3166926512769053,0.7055474606198578,0.2374012806573504,0.530416863722976,-0.874925349,1.3304592440470615,-0.561312507,-0.715850857,-1.213267,-1.042802888,0.0069600585105781,-0.71091269,-0.799178161,0,0,0,0,1,0,0,0,0,0,0,0,0
IPB24C-119,6.142664356,Summer,2023,30.88,119.9,1.278753601,Plain,Eptesicus,-0.509181877,1.1537098347450467,0.5702526392626607,0.9864219156179932,0.5055338742025912,-0.737512911,-0.002458634,-0.488870546,-0.411738515,0.550586904426815,-1.042802888,-0.095370138,-0.674403765,0.0816978556728395,0,0,0,0,0,0,0,0,1,0,0,0,0
IPB24C-120,6.455582945,Summer,2023,30.96,119.89,1.204119983,Plain,Eptesicus,-0.355669681,1.1989716713934828,0.6379000499412593,1.0372024333772552,0.406001916121052,-0.743238429,0.5333466414661072,-0.561312507,-0.508876005,-0.603960803,-1.042802888,-0.137506101,-0.761548911,0.263959778689219,0,0,0,0,0,0,1,0,0,0,0,0,0
IPB24C-122,5.247927513,Summer,2023,30.92,119.69,1.255272505,Mesa,Pipistrellus,-0.317291776,1.1792860647314336,0.5702526392626607,0.9610308950229788,0.4806508846822064,-0.811944648,0.2723633086114799,-0.416428586,-0.430824492,-0.05367822,-1.042802888,-0.145331351,-0.78897779,0.4658897219465558,0,0,0,0,0,0,1,0,0,0,0,0,0
IPB24C-123,3.807354922,Summer,2023,30.9,119.94,0.77815125,Plain,Myotis,-0.557153826,1.1597159766665837,0.5702526392626607,1.0181595487886856,0.4557678951618216,-0.743238429,0.0641722291782657,-0.488870546,-0.400093008,0.829687128456246,0.0978419822088243,-0.147137178,-0.752861452,0.0794762512716119,0,0,0,0,0,0,1,0,0,0,0,0,0
IPB24C-124,3.121928095,Summer,2023,30.94,119.78,0.602059991,Mesa,Nyctalus,-0.370061065,1.1707378948218798,0.5702526392626607,0.973726024462794,0.4806508846822064,-0.731787393,0.4212303110439893,-0.452649566,-0.968423309,1.1292263596092131,0.0978419822088243,-0.120049773,-0.763660593,0.3710525694544747,0,0,0,0,1,0,0,0,0,0,0,0,0
IPB24C-125,6.558967328,Summer,2023,31.35,118.45,1.414973348,Plain,Pipistrellus,-0.134996353,1.3166926512769053,0.7055474606198578,0.2374012806573504,0.530416863722976,-0.874925349,1.3304592440470615,-0.561312507,-0.715850857,-1.213267,-1.042802888,0.0069600585105781,-0.71091269,-0.799178161,0,0,0,0,1,0,0,0,0,0,0,0,0
IPB24C-126,6.209533099,Summer,2023,31.35,118.45,1.414973348,Plain,Pipistrellus,-0.134996353,1.3166926512769053,0.7055474606198578,0.2374012806573504,0.530416863722976,-0.874925349,1.3304592440470615,-0.561312507,-0.715850857,-1.213267,-1.042802888,0.0069600585105781,-0.71091269,-0.799178161,0,0,0,0,1,0,0,0,0,0,0,0,0
IPB24C-127,6.019325124,Summer,2023,31.35,118.45,1.414973348,Plain,Pipistrellus,-0.134996353,1.3166926512769053,0.7055474606198578,0.2374012806573504,0.530416863722976,-0.874925349,1.3304592440470615,-0.561312507,-0.715850857,-1.213267,-1.042802888,0.0069600585105781,-0.71091269,-0.799178161,0,0,0,0,1,0,0,0,0,0,0,0,0
IPB24C-128,4.627986807,Summer,2023,31.35,118.45,1.414973348,Plain,Pipistrellus,-0.134996353,1.3166926512769053,0.7055474606198578,0.2374012806573504,0.530416863722976,-0.874925349,1.3304592440470615,-0.561312507,-0.715850857,-1.213267,-1.042802888,0.0069600585105781,-0.71091269,-0.799178161,0,0,0,0,1,0,0,0,0,0,0,0,0
IPB24C-21,3.321928095,Spring,2023,24.92,110.31,0.301029996,Mountain,Myotis,-0.653098589,0.3151275386436482,0.6717237552805579,-0.460837694,1.575502423579138,0.3732376277943065,-0.725712537,0.6339798424941201,0.3234438829673332,0.3398001904888605,-0.472480453,-0.295816933,-0.302083938,0.0699524322228906,0,0,0,0,0,0,0,0,0,0,0,1,0
IPB24C-22,3.418295834,Autumn,2023,23.07,111.02,0.698970004,Hill,Pipistrellus,-0.264521912,-0.41153343,0.9423133979949548,1.3355412125032995,0.2815869685191279,0.4018652190012413,-0.838366661,-0.126660744,0.3991483720838053,1.1292263596092131,0.0978419822088243,-0.287389741,0.8135735840754015,-0.25095663,1,0,0,0,0,0,0,0,0,0,0,0,0
IPB24C-23,3.906890596,Autumn,2023,23.07,111.02,0.477121255,Hill,Myotis,-0.264521912,-0.41153343,0.9423133979949548,1.3355412125032995,0.2815869685191279,0.4018652190012413,-0.838366661,-0.126660744,0.3991483720838053,1.1292263596092131,0.0978419822088243,-0.287389741,0.8135735840754015,-0.25095663,1,0,0,0,0,0,0,0,0,0,0,0,0
IPB24C-24,2,Summer,2023,22.17,112.11,0.301029996,Mountain,Nyctalus,-1.036878214,-0.746246142,0.3673104072268637,1.0372024333772552,0.3064699580395127,1.936304107692946,-0.745003927,-0.343986625,0.5524280142313047,0.3712051647869562,0.0978419822088243,-0.221176084,-0.319239248,1.0739118914778103,0,0,0,0,0,0,0,0,0,0,0,0,0
IPB24C-25,3.700439718,Summer,2023,22.83,112.8,0.954242509,Mountain,Pipistrellus,-0.926541666,-0.477017003,0.8070185766377551,1.2784125587375912,0.4806508846822064,1.0717508532435154,0.5407758536354896,-0.199102704,-0.939183708,-0.421819772,0.0978419822088243,-0.177234294,-0.286848288,-0.753743528,1,0,0,0,0,0,0,0,0,0,0,0,0
IPB24C-26,4.247927513,Summer,2023,22.87,112.8,0.954242509,Plain,Pipistrellus,-0.950527842,-0.46660228,0.840842281977055,1.3291930764968545,0.5055338742025912,0.9629660066571633,1.0287191658934922,-0.199102704,-1.197554839,-2.258736568,1.8088092876740167,-0.101389561,-0.339696163,-0.810534263,0,0,0,0,1,0,0,0,0,0,0,0,0
IPB24C-27,1.584962501,Summer,2023,22.87,112.8,0.602059991,Plain,Hypsugo,-0.950527842,-0.46660228,0.840842281977055,1.3291930764968545,0.5055338742025912,0.9629660066571633,1.0287191658934922,-0.199102704,-1.197554839,-2.258736568,1.8088092876740167,-0.101389561,-0.339696163,-0.810534263,0,0,0,0,1,0,0,0,0,0,0,0,0
IPB24C-28,5.376629167,Summer,2023,23.12,115.21,0.602059991,Mountain,Hipposideros,-0.955324893,-0.620099163,0.2996629965482651,1.202241020383315,0.0825230523560495,0.7740239046913936,-0.607862012,-0.271544665,-0.004192581,1.1292263596092131,0.0978419822088243,-0.262108163,0.3872524127010757,0.3751331838850514,0,0,0,0,0,0,1,0,0,0,0,0,0
IPB24C-29,2.807354922,Summer,2023,23.34,114.46,0.602059991,Mountain,Pipistrellus,-0.581139945,-0.458739589,0.7731948712984577,1.1768499997883004,0.3562359370802824,0.991593597864098,0.275074555494835,-0.235323684,-0.013253108,1.1292263596092131,-1.042802888,-0.224185796,-0.802749658,-0.930395108,0,0,0,1,0,0,0,0,0,0,0,0,0
IPB24C-30,5.07214016,Spring,2023,23.31,114.4,1.255272505,Mountain,Rhinolophus,-0.811407951,-0.538120153,0.0967207645124681,0.4849587803087501,0.3811189266006672,1.2778695099334458,-1.193539362,-0.162881724,2.303005648513916,0.6315702324754636,-0.472480453,-0.234418816,-0.73478814,-0.787158327,1,0,0,0,0,0,0,0,0,0,0,0,0
IPB24C-32,6.436704346,Spring,2023,24.88,115.94,0.301029996,Mountain,Pipistrellus,0.2343915437026646,-0.063852157,0.8746659873163549,-0.251366344,0.7792467589268242,-0.474139072,-0.260862558,0.0906651382084933,-0.715835253,-0.376370684,0.0978419822088243,-0.343370377,0.2741813593056152,-0.548139385,0,0,0,0,0,0,1,0,0,0,0,0,0
IPB24C-58,0.918295834,Summer,2023,31.36,118.45,1.505149978,Plain,Pipistrellus,-0.1206052,1.3208585406884124,0.7055474606198578,0.2374012806573504,0.5055338742025912,-0.880650867,1.3304592440470615,-0.597533487,-0.863743925,-1.384393912,1.8088092876740167,0.0069600585105781,-0.698628055,-0.783788206,0,0,0,0,1,0,0,0,0,0,0,0,0
IPB24C-59,1,Summer,2023,31.36,118.45,1.505149978,Plain,Pipistrellus,-0.1206052,1.3208585406884124,0.7055474606198578,0.2374012806573504,0.5055338742025912,-0.880650867,1.3304592440470615,-0.597533487,-0.863743925,-1.384393912,1.8088092876740167,0.0069600585105781,-0.698628055,-0.783788206,0,0,0,0,1,0,0,0,0,0,0,0,0
IPB24C-60,2.584962501,Summer,2023,31.36,118.45,1.505149978,Plain,Pipistrellus,-0.1206052,1.3208585406884124,0.7055474606198578,0.2374012806573504,0.5055338742025912,-0.880650867,1.3304592440470615,-0.597533487,-0.863743925,-1.384393912,1.8088092876740167,0.0069600585105781,-0.698628055,-0.783788206,0,0,0,0,1,0,0,0,0,0,0,0,0
IPB24C-61,0.970950594,Summer,2023,31.36,118.45,1.505149978,Plain,Pipistrellus,-0.1206052,1.3208585406884124,0.7055474606198578,0.2374012806573504,0.5055338742025912,-0.880650867,1.3304592440470615,-0.597533487,-0.863743925,-1.384393912,1.8088092876740167,0.0069600585105781,-0.698628055,-0.783788206,0,0,0,0,1,0,0,0,0,0,0,0,0
IPB24C-62,7.093106221,Summer,2023,31.36,118.45,1.505149978,Plain,Pipistrellus,-0.1206052,1.3208585406884124,0.7055474606198578,0.2374012806573504,0.5055338742025912,-0.880650867,1.3304592440470615,-0.597533487,-0.863743925,-1.384393912,1.8088092876740167,0.0069600585105781,-0.698628055,-0.783788206,0,0,0,0,1,0,0,0,0,0,0,0,0
IPB24C-63,6.658752281,Summer,2023,31.36,118.45,1.505149978,Plain,Pipistrellus,-0.1206052,1.3208585406884124,0.7055474606198578,0.2374012806573504,0.5055338742025912,-0.880650867,1.3304592440470615,-0.597533487,-0.863743925,-1.384393912,1.8088092876740167,0.0069600585105781,-0.698628055,-0.783788206,0,0,0,0,1,0,0,0,0,0,0,0,0
IPB24C-65,1.5,Summer,2023,31.36,118.45,1.505149978,Plain,Pipistrellus,-0.1206052,1.3208585406884124,0.7055474606198578,0.2374012806573504,0.5055338742025912,-0.880650867,1.3304592440470615,-0.597533487,-0.863743925,-1.384393912,1.8088092876740167,0.0069600585105781,-0.698628055,-0.783788206,0,0,0,0,1,0,0,0,0,0,0,0,0
IPB24C-66,6.715569828,Summer,2023,31.36,118.45,1.491361694,Plain,Pipistrellus,-0.1206052,1.3208585406884124,0.7055474606198578,0.2374012806573504,0.5055338742025912,-0.880650867,1.3304592440470615,-0.597533487,-0.863743925,-1.384393912,1.8088092876740167,0.0069600585105781,-0.698628055,-0.783788206,0,0,0,0,1,0,0,0,0,0,0,0,0
IPB24C-68,7.480928794,Summer,2023,31.35,118.45,1.491361694,Plain,Pipistrellus,-0.134996353,1.3166926512769053,0.7055474606198578,0.2374012806573504,0.530416863722976,-0.874925349,1.3304592440470615,-0.561312507,-0.715850857,-1.213267,-1.042802888,0.0069600585105781,-0.71091269,-0.799178161,0,0,0,0,1,0,0,0,0,0,0,0,0
IPB24C-69,5.603586383,Spring,2023,31.35,118.45,1.431363764,Plain,Pipistrellus,-0.134996353,1.3166926512769053,0.7055474606198578,0.2374012806573504,0.530416863722976,-0.874925349,1.3304592440470615,-0.561312507,-0.715850857,-1.213267,-1.042802888,0.0069600585105781,-0.71091269,-0.799178161,0,0,0,0,1,0,0,0,0,0,0,0,0
IPB24C-70,6.804214899,Spring,2023,31.35,118.45,1.431363764,Plain,Pipistrellus,-0.134996353,1.3166926512769053,0.7055474606198578,0.2374012806573504,0.530416863722976,-0.874925349,1.3304592440470615,-0.561312507,-0.715850857,-1.213267,-1.042802888,0.0069600585105781,-0.71091269,-0.799178161,0,0,0,0,1,0,0,0,0,0,0,0,0
IPB24C-71,3.664497779,Spring,2023,31.35,118.45,1.414973348,Plain,Pipistrellus,-0.134996353,1.3166926512769053,0.7055474606198578,0.2374012806573504,0.530416863722976,-0.874925349,1.3304592440470615,-0.561312507,-0.715850857,-1.213267,-1.042802888,0.0069600585105781,-0.71091269,-0.799178161,0,0,0,0,1,0,0,0,0,0,0,0,0
IPB24C-72,0,Spring,2023,31.35,118.45,1.414973348,Plain,Pipistrellus,-0.134996353,1.3166926512769053,0.7055474606198578,0.2374012806573504,0.530416863722976,-0.874925349,1.3304592440470615,-0.561312507,-0.715850857,-1.213267,-1.042802888,0.0069600585105781,-0.71091269,-0.799178161,0,0,0,0,1,0,0,0,0,0,0,0,0
IPB24C-73,7.091241342,Spring,2023,31.35,118.45,1.414973348,Plain,Pipistrellus,-0.134996353,1.3166926512769053,0.7055474606198578,0.2374012806573504,0.530416863722976,-0.874925349,1.3304592440470615,-0.561312507,-0.715850857,-1.213267,-1.042802888,0.0069600585105781,-0.71091269,-0.799178161,0,0,0,0,1,0,0,0,0,0,0,0,0
IPB24C-74,5.996696162,Spring,2023,31.36,118.46,1.447158031,Plain,Pipistrellus,-0.125402251,1.3186079908751147,0.7055474606198578,0.2310539063662883,0.5055338742025912,-0.892101904,1.3304592440470615,-0.597533487,-1.0062006,-1.883941149,1.8088092876740167,0.0135814241369929,-0.688113343,-0.767917854,0,0,0,0,0,0,1,0,0,0,0,0,0
IPB24C-76,6.549866659,Spring,2023,31.35,118.45,1.447158031,Plain,Pipistrellus,-0.134996353,1.3166926512769053,0.7055474606198578,0.2374012806573504,0.530416863722976,-0.874925349,0.748100471249145,-0.561312507,-0.419475512,-1.213267,-1.042802888,0.0069600585105781,-0.708569396,-0.7955708,0,0,0,0,1,0,0,0,0,0,0,0,0
IPB24C-77,6.952046682,Spring,2023,31.35,118.45,1.431363764,Plain,Pipistrellus,-0.134996353,1.3166926512769053,0.7055474606198578,0.2374012806573504,0.530416863722976,-0.874925349,0.748100471249145,-0.561312507,-0.419475512,-1.213267,-1.042802888,0.0069600585105781,-0.708569396,-0.7955708,0,0,0,0,1,0,0,0,0,0,0,0,0
IPB24C-78,6.616500319,Spring,2023,31.35,118.45,1.431363764,Plain,Pipistrellus,-0.134996353,1.3166926512769053,0.7055474606198578,0.2374012806573504,0.530416863722976,-0.874925349,0.748100471249145,-0.561312507,-0.419475512,-1.213267,-1.042802888,0.0069600585105781,-0.708569396,-0.7955708,0,0,0,0,1,0,0,0,0,0,0,0,0
IPB24C-79,1,Spring,2023,31.35,118.45,1.431363764,Plain,Pipistrellus,-0.134996353,1.3166926512769053,0.7055474606198578,0.2374012806573504,0.530416863722976,-0.874925349,0.748100471249145,-0.561312507,-0.419475512,-1.213267,-1.042802888,0.0069600585105781,-0.708569396,-0.7955708,0,0,0,0,1,0,0,0,0,0,0,0,0
IPB24C-82,5.402569011,Summer,2023,31.35,118.45,1.431363764,Plain,Pipistrellus,-0.134996353,1.3166926512769053,0.7055474606198578,0.2374012806573504,0.530416863722976,-0.874925349,0.748100471249145,-0.561312507,-0.419475512,-1.213267,-1.042802888,0.0069600585105781,-0.708569396,-0.7955708,0,0,0,0,1,0,0,0,0,0,0,0,0
IPB24C-83,5.222274414,Summer,2023,31.35,118.45,1.431363764,Plain,Pipistrellus,-0.134996353,1.3166926512769053,0.7055474606198578,0.2374012806573504,0.530416863722976,-0.874925349,0.748100471249145,-0.561312507,-0.419475512,-1.213267,-1.042802888,0.0069600585105781,-0.708569396,-0.7955708,0,0,0,0,1,0,0,0,0,0,0,0,0
IPB24C-84,6.138875234,Summer,2023,31.36,118.4,1.431363764,Mesa,Pipistrellus,-0.144591031,1.3350647496038337,0.840842281977055,0.3326157036001962,0.5801828427637457,-0.800493612,1.2590493949179475,-0.597533487,-0.598565278,-3.070173176,1.8088092876740167,0.155037871610401,-0.784800767,-0.909208605,1,0,0,0,0,0,0,0,0,0,0,0,0
IPB24C-86,4.512647281,Summer,2023,31.35,118.43,1.447158031,Plain,Pipistrellus,-0.163780386,1.319540081556268,0.7393711659591578,0.262791539536982,0.5552998532433608,-0.863474312,1.3304592440470615,-0.561312507,-0.97959123,-0.372412523,1.8088092876740167,0.0743775994340747,-0.732837459,-0.83013438,0,0,0,0,1,0,0,0,0,0,0,0,0
IPB24C-88,1.584962501,Summer,2023,31.35,118.43,1.447158031,Plain,Pipistrellus,-0.163780386,1.319540081556268,0.7393711659591578,0.262791539536982,0.5552998532433608,-0.863474312,1.3304592440470615,-0.561312507,-0.97959123,-0.372412523,1.8088092876740167,0.0743775994340747,-0.732837459,-0.83013438,0,0,0,0,1,0,0,0,0,0,0,0,0
IPB24C-89,5.14408266,Summer,2023,31.35,118.43,1.447158031,Plain,Pipistrellus,-0.163780386,1.319540081556268,0.7393711659591578,0.262791539536982,0.5552998532433608,-0.863474312,1.3304592440470615,-0.561312507,-0.97959123,-0.372412523,1.8088092876740167,0.0743775994340747,-0.732837459,-0.83013438,0,0,0,0,1,0,0,0,0,0,0,0,0
IPB24C-90,6.442768638,Summer,2023,31.35,118.43,1.431363764,Plain,Pipistrellus,-0.163780386,1.319540081556268,0.7393711659591578,0.262791539536982,0.5552998532433608,-0.863474312,1.3304592440470615,-0.561312507,-0.97959123,-0.372412523,1.8088092876740167,0.0743775994340747,-0.732837459,-0.83013438,0,0,0,0,1,0,0,0,0,0,0,0,0
IPB24C-91,5.309101316,Summer,2023,31.35,118.43,1.431363764,Plain,Pipistrellus,-0.163780386,1.319540081556268,0.7393711659591578,0.262791539536982,0.5552998532433608,-0.863474312,1.3304592440470615,-0.561312507,-0.97959123,-0.372412523,1.8088092876740167,0.0743775994340747,-0.732837459,-0.83013438,0,0,0,0,1,0,0,0,0,0,0,0,0
IPB24C-92,5.884513436,Summer,2023,31.35,118.43,1.431363764,Plain,Pipistrellus,-0.163780386,1.319540081556268,0.7393711659591578,0.262791539536982,0.5552998532433608,-0.863474312,1.3304592440470615,-0.561312507,-0.97959123,-0.372412523,1.8088092876740167,0.0743775994340747,-0.732837459,-0.83013438,0,0,0,0,1,0,0,0,0,0,0,0,0
IPB24C-95,6.309158682,Summer,2023,31.35,118.43,1.51851394,Plain,Pipistrellus,-0.163780386,1.319540081556268,0.7393711659591578,0.262791539536982,0.5552998532433608,-0.863474312,1.3304592440470615,-0.561312507,-0.97959123,-0.372412523,1.8088092876740167,0.0743775994340747,-0.732837459,-0.83013438,0,0,0,0,1,0,0,0,0,0,0,0,0
IPB24C-96,5.383304181,Summer,2023,31.35,118.43,1.505149978,Plain,Pipistrellus,-0.163780386,1.319540081556268,0.7393711659591578,0.262791539536982,0.5552998532433608,-0.863474312,1.3304592440470615,-0.561312507,-0.97959123,-0.372412523,1.8088092876740167,0.0743775994340747,-0.732837459,-0.83013438,0,0,0,0,1,0,0,0,0,0,0,0,0
IPB24C-97,7.075237968,Summer,2023,31.35,118.43,1.505149978,Plain,Pipistrellus,-0.163780386,1.319540081556268,0.7393711659591578,0.262791539536982,0.5552998532433608,-0.863474312,1.3304592440470615,-0.561312507,-0.97959123,-0.372412523,1.8088092876740167,0.0743775994340747,-0.732837459,-0.83013438,0,0,0,0,1,0,0,0,0,0,0,0,0
IPB24C-99,6.346138777,Summer,2023,31.32,118.5,1.342422681,Plain,Pipistrellus,-0.226144353,1.2818555944636891,0.6379000499412593,0.199315511480213,0.5055338742025912,-0.880650867,0.3866813305548452,-0.597533487,0.2994751099205689,0.5931471626530957,-1.042802888,0.0033484045325336,-0.623173635,-0.687613903,0,0,0,0,0,0,1,0,0,0,0,0,0
IPB24D-33,1.584962501,Spring,2023,24.57,115.89,0.301029996,Hill,Pipistrellus,0.1432435443998726,-0.192597531,0.9761371033342522,-0.022851729,0.6548318113249001,-0.365354225,0.5683872487547321,-0.090439763,-1.195732157,-1.417245513,1.8088092876740167,-0.239234354,-0.158435134,-0.33214391,0,0,0,0,0,0,0,0,0,0,0,1,0
IPB24D-34,7.244966902,Spring,2023,24.89,115.96,0.477121255,Mountain,Myotis,0.2247968659683837,-0.067857868,0.8746659873163549,-0.251366344,0.7792467589268242,-0.508492181,-0.610924723,0.0906651382084933,-0.267539462,0.4237138126370725,0.0978419822088243,-0.357215051,0.2773085627050581,-0.509516552,0,0,0,0,0,0,0,0,0,0,0,1,0
IPB24D-35,2.128085279,Spring,2023,24.43,112.18,0.301029996,Mountain,Myotis,-0.657896043,-0.035734673,-0.681224458,-1.603410769,0.9036617065287482,0.0010789421041542,-1.674086022,0.1268861184942017,1.984039451068981,0.5442145436556646,-0.472480453,-0.380690802,0.8033792209302779,1.5094939583321838,1,0,0,0,0,0,0,0,0,0,0,0,0
IPB24D-36,3.807354922,Spring,2023,24.43,112.18,0.477121255,Mountain,Myotis,-0.657896043,-0.035734673,-0.681224458,-1.603410769,0.9036617065287482,0.0010789421041542,-1.674086022,0.1268861184942017,1.984039451068981,0.5442145436556646,-0.472480453,-0.380690802,0.8033792209302779,1.5094939583321838,1,0,0,0,0,0,0,0,0,0,0,0,0
IPB24D-38,5.277613437,Spring,2023,25.05,113.77,0.77815125,Mesa,Pipistrellus,-0.25492781,0.2561855152634669,1.077608219352152,-0.130760901,0.5055338742025912,-0.594374955,0.1989760030551248,0.0906651382084933,-0.073020062,0.3502599411265576,0.0978419822088243,-0.382496629,-0.360503207,-0.882780636,1,0,0,0,0,0,0,0,0,0,0,0,0
IPB24D-39,1.584962501,Spring,2023,25.28,113.06,0.301029996,Mountain,Rhinolophus,-0.259725437,0.4398577125537546,0.9761371033342522,-0.3783184,0.4557678951618216,-0.737512911,1.04460912288915,0.307991019922744,-0.690240126,0.4891128736181475,0.0978419822088243,-0.220574142,-0.80513466,0.6164803207142385,0,0,0,0,0,0,0,0,0,0,0,0,1
IPB24D-41,1.49111485,Spring,2023,25.05,113.77,0.602059991,Mesa,Myotis,-0.25492781,0.2561855152634669,1.077608219352152,-0.130760901,0.5055338742025912,-0.594374955,0.1989760030551248,0.0906651382084933,-0.073020062,0.3502599411265576,0.0978419822088243,-0.382496629,-0.360503207,-0.882780636,1,0,0,0,0,0,0,0,0,0,0,0,0
IPB24D-42,4.277613437,Spring,2023,25.01,113.64,0.301029996,Mountain,Rhinolophus,-0.221346726,0.1962552921692069,0.7393711659591578,-0.486228334,0.4557678951618216,-0.531394254,-1.410666165,0.0906651382084933,1.487369042428913,1.1292263596092131,-0.472480453,-0.393331591,-0.556209346,-0.712747817,0,0,0,1,0,0,0,0,0,0,0,0,0
IPB24D-43,4.169925001,Spring,2023,25.05,113.77,0.477121255,Mesa,Megaderma,-0.25492781,0.2561855152634669,1.077608219352152,-0.130760901,0.5055338742025912,-0.594374955,0.1989760030551248,0.0906651382084933,-0.073020062,0.3502599411265576,0.0978419822088243,-0.382496629,-0.360503207,-0.882780636,1,0,0,0,0,0,0,0,0,0,0,0,0
IPB24D-46,3.689891669,Summer,2023,22.6,114.18,0.77815125,Mountain,Myotis,-1.271943098,-0.707791187,0.5026052285840609,1.5005790377939765,-0.191189832,2.2512076109692285,0.6264208534297364,-0.235323684,0.0281650899411647,1.1292263596092131,0.0978419822088243,5.656790764831463,-0.702729075,0.0269766460817854,1,0,0,0,0,0,0,0,0,0,0,0,0
IPB24D-47,3.459431619,Summer,2023,23.15,112.54,0.698970004,Mountain,Pipistrellus,-0.825799334,-0.421001056,0.8070185766377551,1.2149357689654392,0.5055338742025912,0.6824156128292023,0.7747421872525591,-0.235323684,-0.580574571,0.0481911706323766,0.0978419822088243,-0.230807162,-0.797895103,-0.956449989,0,0,0,0,0,0,0,1,0,0,0,0,0
IPB24D-48,3.584962501,Summer,2023,23.17,112.54,0.602059991,Mountain,Tylonycteris,-0.830596961,-0.443162577,0.5702526392626607,0.9419883912921015,0.4806508846822064,0.7224942405189109,-0.208325339,-0.199102704,1.712089176748706,0.2709704835751391,0.0978419822088243,-0.2356227,-0.807792406,-0.936505264,1,0,0,0,0,0,0,0,0,0,0,0,0
IPB24D-50,4.087462841,Summer,2023,23.17,112.54,0.477121255,Mountain,Myotis,-0.830596961,-0.443162577,0.5702526392626607,0.9419883912921015,0.4806508846822064,0.7224942405189109,-0.208325339,-0.199102704,1.712089176748706,0.2709704835751391,0.0978419822088243,-0.2356227,-0.807792406,-0.936505264,1,0,0,0,0,0,0,0,0,0,0,0,0
IPB24D-51,5.469670487,Summer,2023,23.17,112.54,0.301029996,Mountain,Hipposideros,-0.830596961,-0.443162577,0.5702526392626607,0.9419883912921015,0.4806508846822064,0.7224942405189109,-0.208325339,-0.199102704,1.712089176748706,0.2709704835751391,0.0978419822088243,-0.2356227,-0.807792406,-0.936505264,1,0,0,0,0,0,0,0,0,0,0,0,0
IPB24D-52,4.82996615,Summer,2023,22.36,113.49,0.77815125,Mountain,Pipistrellus,-1.444644247,-0.626073331,0.6379000499412593,1.659270250508974,0.0825230523560495,1.8332447793479807,1.0139868177683484,-0.271544665,-0.821825071,-0.810350533,0.0978419822088243,1.6267868676635189,0.2535811347845768,-0.67948376,0,0,0,0,0,0,0,0,0,0,0,0,0
IPB24D-54,3.321928095,Summer,2023,22.1,113.55,0.602059991,Plain,Pipistrellus,-1.929165398,-0.702731421,0.4011341125661636,1.532317432680053,-0.29072179,1.7130088962788546,0.2884957622227916,-2.010151718,-0.752696772,0.1117509781961827,3.519776593139209,0.8304171655047152,0.3133438701718249,-0.571216742,1,0,0,0,0,0,0,0,0,0,0,0,0
IPB24D-56,5.551730526,Summer,2023,31.36,118.4,1.361727836,Mesa,Pipistrellus,-0.144591031,1.3350647496038337,0.840842281977055,0.3326157036001962,0.5801828427637457,-0.800493612,1.2590493949179475,-0.597533487,-0.598565278,-3.070173176,1.8088092876740167,0.155037871610401,-0.784800767,-0.909208605,1,0,0,0,0,0,0,0,0,0,0,0,0
IPB24E-170,3.961409081,Winter,2024,24.36,99.04,0.301029996,Mountain,Rhinolophus,1.7743059460860402,-1.173906921,0.2320155858696665,0.5040016648973182,-1.286041371,1.4782626483819894,-0.396865369,2.010377093351041,-0.341113429,0.6743901839007359,0.0978419822088243,-0.390321879,2.034728930660319,-0.960864072,0,0,0,0,0,0,1,0,0,0,0,0,0
IPB24E-171,7.209081696,Winter,2024,25.12,98.41,1.342422681,Mountain,Rhinolophus,1.3137706255469666,-1.13020144,-2.034172672,-1.520891476,-0.912796528,1.0431232620365805,-1.432244023,1.220759723122597,2.2719547897629893,1.1292263596092131,-0.472480453,-0.372865552,0.9561253983070506,-0.00627684,0,0,0,0,0,0,0,0,0,0,0,1,0
IPB24E-172,6.896337612,Winter,2024,25.12,98.41,1.380211242,Mountain,Rhinolophus,1.3137706255469666,-1.13020144,-2.034172672,-1.520891476,-0.912796528,1.0431232620365805,-1.432244023,1.220759723122597,2.2719547897629893,1.1292263596092131,-0.472480453,-0.372865552,0.9561253983070506,-0.00627684,0,0,0,0,0,0,0,0,0,0,0,1,0
IPB24E-174,3.698089277,Winter,2024,23.11,107.55,0.301029996,Hill,Rhinolophus,-0.605126351,-0.423232267,0.7055474606198578,1.5132745480914835,0.2815869685191279,1.0602998167607414,-0.864787279,0.8150847439226624,-0.630896367,0.7798829321653656,0.0978419822088243,-0.365642244,-0.587166917,-0.691209701,0,1,0,0,0,0,0,0,0,0,0,0,0
IPB24E-175,6.02159838,Winter,2024,22.49,99.69,0.477121255,Mountain,Rhinolophus,2.2972058083942133,-1.537104147,0.0967207645124681,-0.200585065,-1.634403225,1.10037844445045,-0.794087081,1.430841408779706,-0.140325065,0.8253476592166671,0.0978419822088243,-0.359020878,2.5218004991676124,0.6131924015937554,0,0,0,0,0,0,0,0,0,0,0,0,0
IPB24E-177,4.715111377,Winter,2024,22.49,99.69,0.477121255,Mountain,Rhinolophus,2.2972058083942133,-1.537104147,0.0967207645124681,-0.200585065,-1.634403225,1.10037844445045,-0.794087081,1.430841408779706,-0.140325065,0.8253476592166671,0.0978419822088243,-0.359020878,2.5218004991676124,0.6131924015937554,0,0,0,0,0,0,0,0,0,0,0,0,0
IPB24E-179,6.217545329,Winter,2024,25.26,98.84,1.301029996,Mountain,Hipposideros,1.4960666241525504,-1.104640733,-0.140045173,0.2247057703598432,-0.83814756,1.1919867363126415,-0.820899887,1.430841408779706,-0.314193824,0.0134654364303684,0.0978419822088243,-0.351195628,1.5610840796365089,-0.991395161,0,0,0,0,0,0,0,0,0,0,1,0,0
IPB24E-180,5.576977058,Winter,2024,21.63,100.24,0.903089987,Mountain,Hipposideros,1.5248495060170917,-1.75522203,-0.241516289,-0.606833016,-1.286041371,0.1842955258285369,-1.266702785,1.3946204284939976,0.5788811234705996,0.7820441269533346,0.0978419822088243,-0.418613169,3.886618359726231,0.3338663632836744,0,0,0,0,0,1,0,0,0,0,0,0,0
IPB24E-181,4.310443058,Winter,2024,24.23,98.43,0.477121255,Mountain,Rhinolophus,1.6111998786181685,-1.308504395,-1.39152227,-1.12099128,-1.310924361,1.2664184734506718,-1.349804906,1.829272191922499,1.6118346757678814,0.9429695409057024,-0.472480453,-0.363836417,1.590089389175299,-0.773786671,0,1,0,0,0,0,0,0,0,0,0,0,0
IPB24E-182,6.085229077,Winter,2024,23,101.96,0.954242509,Mountain,Rhinolophus,0.8868163892433008,-1.522519872,-1.729759324,-1.39393942,-1.037211476,0.4934735108634326,-0.367061247,1.7568302313510822,-0.19482147,0.1138060938683978,0.0978419822088243,-0.402962668,0.643464757872804,-0.612546281,0,1,0,0,0,0,0,0,0,0,0,0,0
IPB24E-183,4.489665461,Winter,2024,23.31,99.33,0.301029996,Mountain,Rhinolophus,2.095721605658369,-1.428003897,-0.512105932,-0.505271218,-1.584637246,0.9343384154502284,-1.176652449,1.5757253299225398,0.9466344341973788,1.015356962333984,-0.472480453,-0.408380149,1.8942293459474333,0.34030620253908,0,0,0,1,0,0,0,0,0,0,0,0,0
IPB24E-188,6.873551149,Winter,2024,24.44,97.54,1.146128036,Mountain,Aselliscus,1.2082320488156295,-1.324100695,0.6040763446019594,0.929292500136902,-1.659286214,1.529792312554472,-0.685440696,1.503283369351123,-0.752696772,1.031749385582542,-0.244351479,-0.414399572,0.7950016986200693,-0.206952732,0,0,0,0,0,0,0,0,0,0,1,0,0
IPB24E-189,4.208884071,Winter,2024,23.64,99.55,0.602059991,Mountain,Aselliscus,2.2300442155925486,-1.311189429,0.0290733538338695,0.034277686189536,-1.509988277,0.9057108242432936,-1.180242452,1.8654931722082075,1.042017228808732,0.1714893653543763,-0.472480453,-0.401156841,2.405910733380324,0.3642987186574211,0,0,0,0,0,0,0,0,0,0,0,0,0
IPB24E-191,3.972625163,Winter,2024,23.34,104.52,0.477121255,Mountain,Rhinolophus,-0.010267845,-0.998541594,-1.594464502,-1.006733592,-1.211392403,1.0488487802779676,-1.211970373,0.7788637636369539,-0.384248204,0.8774988688047787,0.0978419822088243,-0.36985584,0.4707752020015309,1.0898518846733614,0,0,0,0,0,0,0,0,0,0,1,0,0
IPB24E-192,6.051428324,Winter,2024,22.36,99.79,0.301029996,Mountain,Miniopterus,2.18686902929201,-1.620930114,-0.342987405,-0.714742949,-1.509988277,1.0144956708296458,-1.480156057,1.3946204284939976,0.5035270494725355,1.1292263596092131,-0.472480453,-0.422826765,2.7313653304023155,0.5160125750070642,0,0,0,0,0,0,0,0,0,0,0,0,0
IPB24E-193,3.720437014,Winter,2024,24.36,99.04,0.301029996,Mountain,Rhinolophus,1.7743059460860402,-1.173906921,0.2320155858696665,0.5040016648973182,-1.286041371,1.4782626483819894,-0.396865369,2.010377093351041,-0.341113429,0.6743901839007359,0.0978419822088243,-0.390321879,2.034728930660319,-0.960864072,0,0,0,0,0,0,1,0,0,0,0,0,0
IPB24E-194,7.513252462,Winter,2024,24.23,98.43,1,Mountain,Rhinolophus,1.6111998786181685,-1.308504395,-1.39152227,-1.12099128,-1.310924361,1.2664184734506718,-1.349804906,1.829272191922499,1.6118346757678814,0.9429695409057024,-0.472480453,-0.363836417,1.590089389175299,-0.773786671,0,1,0,0,0,0,0,0,0,0,0,0,0
IPB24E-195,4.438133203,Winter,2024,23,101.96,0.301029996,Mountain,Rhinolophus,0.8868163892433008,-1.522519872,-1.729759324,-1.39393942,-1.037211476,0.4934735108634326,-0.367061247,1.7568302313510822,-0.19482147,0.1138060938683978,0.0978419822088243,-0.402962668,0.643464757872804,-0.612546281,0,1,0,0,0,0,0,0,0,0,0,0,0
IPB24E-196,6.655105726,Winter,2024,22.36,99.79,1.431363764,Mountain,Rhinolophus,2.18686902929201,-1.620930114,-0.342987405,-0.714742949,-1.509988277,1.0144956708296458,-1.480156057,1.3946204284939976,0.5035270494725355,1.1292263596092131,-0.472480453,-0.422826765,2.7313653304023155,0.5160125750070642,0,0,0,0,0,0,0,0,0,0,0,0,0
IPB24E-197,6.345684048,Winter,2024,22.36,99.79,1.414973348,Mountain,Rhinolophus,2.18686902929201,-1.620930114,-0.342987405,-0.714742949,-1.509988277,1.0144956708296458,-1.480156057,1.3946204284939976,0.5035270494725355,1.1292263596092131,-0.472480453,-0.422826765,2.7313653304023155,0.5160125750070642,0,0,0,0,0,0,0,0,0,0,0,0,0
IPB24E-198,5.00291008,Winter,2024,22.74,99.82,0.954242509,Mountain,Rhinolophus,2.201260758058856,-1.575082639,-0.681224458,-0.917866543,-1.485105287,1.0488487802779676,-1.078111178,1.6481672904939568,0.9110506928555936,0.1096953480762685,-0.472480453,-0.416807342,2.6680551888628226,0.0488422112742402,0,0,0,0,0,0,0,0,0,0,1,0,0
IPB24E-199,4.011856672,Winter,2024,22.49,99.69,0.301029996,Mountain,Rhinolophus,2.2972058083942133,-1.537104147,0.0967207645124681,-0.200585065,-1.634403225,1.10037844445045,-0.794087081,1.430841408779706,-0.140325065,0.8253476592166671,0.0978419822088243,-0.359020878,2.5218004991676124,0.6131924015937554,0,0,0,0,0,0,0,0,0,0,0,0,0
IPB24E-200,6.066478777,Winter,2024,22.45,99.69,1.380211242,Mountain,Rhinolophus,2.3115975371610595,-1.531501495,0.130544469851768,-0.194236929,-1.634403225,1.0660253350021285,-1.455580589,1.430841408779706,0.0227283057567027,0.5187539096422652,-0.472480453,-0.35962282,2.5300535075912625,0.6490846004627112,0,0,0,0,0,0,0,0,0,0,0,1,0
IPB24G-202,6.67033743,Winter,2024,25.12,98.41,1.380211242,Mountain,Rhinolophus,1.3137706255469666,-1.13020144,-2.034172672,-1.520891476,-0.912796528,1.0431232620365805,-1.432244023,1.220759723122597,2.2719547897629893,1.1292263596092131,-0.472480453,-0.372865552,0.9561253983070506,-0.00627684,0,0,0,0,0,0,0,0,0,0,0,1,0
IPB24G-203,7.773284766,Winter,2024,25.12,98.41,1.380211242,Mountain,Rhinolophus,1.3137706255469666,-1.13020144,-2.034172672,-1.520891476,-0.912796528,1.0431232620365805,-1.432244023,1.220759723122597,2.2719547897629893,1.1292263596092131,-0.472480453,-0.372865552,0.9561253983070506,-0.00627684,0,0,0,0,0,0,0,0,0,0,0,1,0
IPB24G-204,6.267172582,Winter,2024,25.12,98.41,1.380211242,Mountain,Rhinolophus,1.3137706255469666,-1.13020144,-2.034172672,-1.520891476,-0.912796528,1.0431232620365805,-1.432244023,1.220759723122597,2.2719547897629893,1.1292263596092131,-0.472480453,-0.372865552,0.9561253983070506,-0.00627684,0,0,0,0,0,0,0,0,0,0,0,1,0
IPB24G-206,6.022320044,Winter,2024,21.63,100.24,1.176091259,Mountain,Rhinolophus,1.5248495060170917,-1.75522203,-0.241516289,-0.606833016,-1.286041371,0.1842955258285369,-1.266702785,1.3946204284939976,0.5788811234705996,0.7820441269533346,0.0978419822088243,-0.418613169,3.886618359726231,0.3338663632836744,0,0,0,0,0,1,0,0,0,0,0,0,0
IPB24G-207,5.062086647,Summer,2024,25.47,105.02,0.301029996,Mountain,Murina,-0.010267845,-0.553192235,-1.763583029,-1.35585365,-1.012328487,0.2415507082424065,-1.020606722,0.8150847439226624,0.5807794282723577,0.8905683097353602,-0.472480453,-0.348787858,0.1891079135432703,0.1492526313758241,1,0,0,0,0,0,0,0,0,0,0,0,0
IPB24G-209,6.825180744,Summer,2024,25.84,105.26,1.278753601,Mountain,Rhinolophus,-0.245333132,-0.375902131,-1.39152227,-0.974995959,-0.962562508,0.1442168981388282,-0.068054634,0.706421803065537,-0.566156561,0.2668106594724238,-1.042802888,-0.346380089,-0.165948356,0.1972636553338934,0,0,0,0,0,0,0,0,0,0,0,0,0
IPB24G-210,4.468426198,Summer,2024,25.91,105.17,0.301029996,Mountain,Rhinolophus,-0.163780386,-0.352510131,-0.850342985,-0.467185449,-1.012328487,0.0869617157249586,-0.407850199,0.706421803065537,-0.416733491,1.1292263596092131,0.0978419822088243,-0.35179757,-0.223433854,0.1398885993628929,0,0,0,0,0,0,0,0,0,0,0,0,0
IPB24G-211,4.113032199,Summer,2024,25.79,104.96,0.301029996,Mountain,Rhinolophus,-0.000673743,-0.482125091,-1.594464502,-1.235248207,-1.111860445,0.2186486352768586,0.9020344696636922,0.7426427833512455,-0.936137415,-0.739360248,0.0978419822088243,-0.237428527,-0.052692342,0.6600516246292426,0,0,0,0,0,0,0,0,0,0,0,0,1
IPB24G-212,4.472831057,Summer,2024,25.69,102.37,0.301029996,Mountain,Rhinolophus,1.366540489581786,-1.113573879,-2.33858602,-2.276259485,-1.684169204,-0.789042575,-1.080104898,0.8875267044940792,-0.61569661,0.2543370518680551,0.0978419822088243,-0.399351014,-0.036466826,-0.069407456,1,0,0,0,0,0,0,0,0,0,0,0,0
IPB24G-213,5.712837366,Summer,2024,26.44,102.49,0.301029996,Mountain,Rhinolophus,1.5440388614856535,-0.986019997,-1.32387486,-1.260639228,-1.982765078,-0.588649437,-1.090237225,0.8513057242083708,-0.286676318,-0.306902239,-0.472480453,-0.386710225,0.1085383739290034,-0.799160654,1,0,0,0,0,0,0,0,0,0,0,0,0
IPB24G-214,5.942995334,Summer,2024,26.67,102.18,0.77815125,Mountain,Rhinolophus,1.5200524549845271,-1.035494962,-1.797406734,-1.698625192,-1.85835013,-0.411158371,-1.304111659,0.8875267044940792,-0.442601962,0.5697243588691893,-0.472480453,-0.396341302,-0.517953592,-0.256421382,0,0,0,0,0,0,0,0,0,0,0,1,0
IPB24G-215,6.326633413,Summer,2024,24.89,104.41,0.477121255,Mountain,Rhinolophus,0.7860742878753791,-0.698734838,-1.32387486,-0.88612891,-1.012328487,-0.18786316,-0.990755665,0.8150847439226624,0.0566742130765393,0.3670124160314371,-1.042802888,-0.348185916,0.4529296908128443,-0.561315967,0,0,0,0,0,0,0,0,0,0,0,0,0
IPB24G-216,5.142327113,Summer,2024,28.13,103.05,0.477121255,Mountain,Rhinolophus,1.0019502193780698,-0.37462988,-1.526817092,-1.501848972,-1.808584151,-0.720336356,-0.240538228,0.8875267044940792,-0.667864772,-0.326788729,0.0978419822088243,-0.370457782,-0.077006161,-0.138746943,0,0,0,0,0,0,0,0,0,0,0,0,0
IPB24G-217,4.58823414,Summer,2024,28.12,103.14,0.698970004,Mountain,Rhinolophus,0.7381014748731248,-0.282464604,-1.357698565,-1.3177675,-1.783701162,-0.748963948,-0.698662562,0.8513057242083708,0.238418619193661,-0.086107974,-0.472480453,-0.389117994,0.0638819057909077,-0.341033322,0,0,0,1,0,0,0,0,0,0,0,0,0
IPB24G-218,6.805362892,Summer,2024,26.15,105.88,0.602059991,Mountain,Hipposideros,-0.537964759,-0.151311597,-1.290051154,-0.905171795,-1.037211476,-0.170686605,-0.677737048,0.6702008227798285,-0.083518584,-0.013026048,0.0978419822088243,-0.168205159,-0.744720695,-0.454552046,0,0,0,1,0,0,0,0,0,0,0,0,0
IPB24G-219,4.480809578,Summer,2024,24.89,104.41,0.301029996,Mountain,Miniopterus,0.7860742878753791,-0.698734838,-1.32387486,-0.88612891,-1.012328487,-0.18786316,-0.990755665,0.8150847439226624,0.0566742130765393,0.3670124160314371,-1.042802888,-0.348185916,0.4529296908128443,-0.561315967,0,0,0,0,0,0,0,0,0,0,0,0,0
IPB24G-220,4.299953786,Summer,2024,25.79,104.96,0.301029996,Mountain,Aselliscus,-0.000673743,-0.482125091,-1.594464502,-1.235248207,-1.111860445,0.2186486352768586,0.9020344696636922,0.7426427833512455,-0.936137415,-0.739360248,0.0978419822088243,-0.237428527,-0.052692342,0.6600516246292426,0,0,0,0,0,0,0,0,0,0,0,0,1
IPB24G-221,5.219712892,Summer,2024,24.89,104.41,0.301029996,Mountain,Myotis,0.7860742878753791,-0.698734838,-1.32387486,-0.88612891,-1.012328487,-0.18786316,-0.990755665,0.8150847439226624,0.0566742130765393,0.3670124160314371,-1.042802888,-0.348185916,0.4529296908128443,-0.561315967,0,0,0,0,0,0,0,0,0,0,0,0,0
IPB24G-222,5.53975205,Summer,2024,25.84,105.26,0.477121255,Mountain,Myotis,-0.245333132,-0.375902131,-1.39152227,-0.974995959,-0.962562508,0.1442168981388282,-0.068054634,0.706421803065537,-0.566156561,0.2668106594724238,-1.042802888,-0.346380089,-0.165948356,0.1972636553338934,0,0,0,0,0,0,0,0,0,0,0,0,0
IPB24G-223,5.456564762,Summer,2024,25.47,105.02,0.698970004,Mountain,Myotis,-0.010267845,-0.553192235,-1.763583029,-1.35585365,-1.012328487,0.2415507082424065,-1.020606722,0.8150847439226624,0.5807794282723577,0.8905683097353602,-0.472480453,-0.348787858,0.1891079135432703,0.1492526313758241,1,0,0,0,0,0,0,0,0,0,0,0,0
IPB24G-224,6.96531675,Summer,2024,24.89,104.41,0.477121255,Mountain,Myotis,0.7860742878753791,-0.698734838,-1.32387486,-0.88612891,-1.012328487,-0.18786316,-0.990755665,0.8150847439226624,0.0566742130765393,0.3670124160314371,-1.042802888,-0.348185916,0.4529296908128443,-0.561315967,0,0,0,0,0,0,0,0,0,0,0,0,0
IPB24G-225,4.295990417,Summer,2024,25.69,102.37,0.301029996,Mountain,Myotis,1.366540489581786,-1.113573879,-2.33858602,-2.276259485,-1.684169204,-0.789042575,-1.080104898,0.8875267044940792,-0.61569661,0.2543370518680551,0.0978419822088243,-0.399351014,-0.036466826,-0.069407456,1,0,0,0,0,0,0,0,0,0,0,0,0
IPB24G-227,4.32965019,Summer,2024,25.79,104.96,0.301029996,Mountain,Rhinolophus,-0.000673743,-0.482125091,-1.594464502,-1.235248207,-1.111860445,0.2186486352768586,0.9020344696636922,0.7426427833512455,-0.936137415,-0.739360248,0.0978419822088243,-0.237428527,-0.052692342,0.6600516246292426,0,0,0,0,0,0,0,0,0,0,0,0,1
IPB24G-228,4.527000823,Summer,2024,26.67,102.18,0.301029996,Mountain,Rhinolophus,1.5200524549845271,-1.035494962,-1.797406734,-1.698625192,-1.85835013,-0.411158371,-1.304111659,0.8875267044940792,-0.442601962,0.5697243588691893,-0.472480453,-0.396341302,-0.517953592,-0.256421382,0,0,0,0,0,0,0,0,0,0,0,1,0
IPB24G-229,6.807495297,Summer,2024,26.29,106.09,0.301029996,Hill,Rhinolophus,-0.331683505,-0.036927248,-1.188580038,-1.241596343,-1.062094466,-0.348177671,0.1580634713530656,0.7788637636369539,-0.432123948,0.4131954149615671,-1.042802888,-0.097175965,-0.773498025,-0.601421664,0,0,0,0,0,0,0,0,0,0,0,0,0
IPB24G-230,5.60294552,Summer,2024,25.79,104.96,0.301029996,Mountain,Rhinolophus,-0.000673743,-0.482125091,-1.594464502,-1.235248207,-1.111860445,0.2186486352768586,0.9020344696636922,0.7426427833512455,-0.936137415,-0.739360248,0.0978419822088243,-0.237428527,-0.052692342,0.6600516246292426,0,0,0,0,0,0,0,0,0,0,0,0,1
IPB24G-231,8.021270416,Summer,2024,25.47,105.02,1.278753601,Mountain,Rhinolophus,-0.010267845,-0.553192235,-1.763583029,-1.35585365,-1.012328487,0.2415507082424065,-1.020606722,0.8150847439226624,0.5807794282723577,0.8905683097353602,-0.472480453,-0.348787858,0.1891079135432703,0.1492526313758241,1,0,0,0,0,0,0,0,0,0,0,0,0
IPB24G-232,10.17724246,Summer,2024,24.89,104.41,1.230448921,Mountain,Rhinolophus,0.7860742878753791,-0.698734838,-1.32387486,-0.88612891,-1.012328487,-0.18786316,-0.990755665,0.8150847439226624,0.0566742130765393,0.3670124160314371,-1.042802888,-0.348185916,0.4529296908128443,-0.561315967,0,0,0,0,0,0,0,0,0,0,0,0,0
IPB24G-233,10.28054884,Summer,2024,24.89,104.41,1.204119983,Mountain,Rhinolophus,0.7860742878753791,-0.698734838,-1.32387486,-0.88612891,-1.012328487,-0.18786316,-0.990755665,0.8150847439226624,0.0566742130765393,0.3670124160314371,-1.042802888,-0.348185916,0.4529296908128443,-0.561315967,0,0,0,0,0,0,0,0,0,0,0,0,0
IPB24G-234,6.961443563,Summer,2024,24.89,104.41,0.602059991,Mountain,Rhinolophus,0.7860742878753791,-0.698734838,-1.32387486,-0.88612891,-1.012328487,-0.18786316,-0.990755665,0.8150847439226624,0.0566742130765393,0.3670124160314371,-1.042802888,-0.348185916,0.4529296908128443,-0.561315967,0,0,0,0,0,0,0,0,0,0,0,0,0
IPB24G-235,7.929303495,Summer,2024,25.69,102.37,1.176091259,Mountain,Rhinolophus,1.366540489581786,-1.113573879,-2.33858602,-2.276259485,-1.684169204,-0.789042575,-1.080104898,0.8875267044940792,-0.61569661,0.2543370518680551,0.0978419822088243,-0.399351014,-0.036466826,-0.069407456,1,0,0,0,0,0,0,0,0,0,0,0,0
IPB24G-236,6.906385996,Summer,2024,25.69,102.37,1.176091259,Mountain,Rhinolophus,1.366540489581786,-1.113573879,-2.33858602,-2.276259485,-1.684169204,-0.789042575,-1.080104898,0.8875267044940792,-0.61569661,0.2543370518680551,0.0978419822088243,-0.399351014,-0.036466826,-0.069407456,1,0,0,0,0,0,0,0,0,0,0,0,0
IPB24G-237,7.485402982,Summer,2024,25.69,102.37,1.176091259,Mountain,Rhinolophus,1.366540489581786,-1.113573879,-2.33858602,-2.276259485,-1.684169204,-0.789042575,-1.080104898,0.8875267044940792,-0.61569661,0.2543370518680551,0.0978419822088243,-0.399351014,-0.036466826,-0.069407456,1,0,0,0,0,0,0,0,0,0,0,0,0
IPB24G-238,7.43458391,Summer,2024,26.5,102.58,1.113943352,Mountain,Rhinolophus,1.5920110988187577,-0.971146359,-1.256227449,-1.14638192,-1.957882088,-0.617277028,-1.001462731,0.8150847439226624,-1.085049463,0.4300291726030561,0.0978419822088243,-0.384904398,0.1645966897420593,-0.716985792,0,0,1,0,0,0,0,0,0,0,0,0,0
IPB24G-239,6.986396647,Summer,2024,26.67,102.18,1.146128036,Mountain,Rhinolophus,1.5200524549845271,-1.035494962,-1.797406734,-1.698625192,-1.85835013,-0.411158371,-1.304111659,0.8875267044940792,-0.442601962,0.5697243588691893,-0.472480453,-0.396341302,-0.517953592,-0.256421382,0,0,0,0,0,0,0,0,0,0,0,1,0
IPB24G-240,4.865813969,Summer,2024,27.71,102.31,0.301029996,Mountain,Rhinolophus,1.2082314731464794,-0.857793839,-2.270938609,-2.079482884,-2.132063015,-0.451236999,-0.929346656,1.1772945467797469,0.0828647338874083,1.1292263596092131,-0.472480453,-0.264515932,-0.641499956,-0.329700962,1,0,0,0,0,0,0,0,0,0,0,0,0
IPB24G-241,3.924920993,Summer,2024,28.08,103.14,0.477121255,Mountain,Rhinolophus,0.7860742878753791,-0.447204438,-3.015060127,-2.968151085,-1.85835013,-0.783317057,-1.173130255,0.8150847439226624,-0.386536268,-0.362507347,0.0978419822088243,-0.38550634,0.0957621729496008,-0.363338524,0,0,0,1,0,0,0,0,0,0,0,0,0
IPB24H-129,0,Summer,2023,29.91,110.07,1.255272505,Mountain,Rhinolophus,-0.54276204,0.6874058150238973,-0.241516289,-0.771871603,-0.265838801,-0.130607977,-0.904793906,0.1268861184942017,0.6274446019130394,0.2252810457684504,-0.472480453,-0.408380149,0.6687321749133062,1.5798949655464565,1,0,0,0,0,0,0,0,0,0,0,0,0
IPB24H-133,6.162890437,Summer,2023,30.66,110.74,1.278753601,Mountain,Rhinolophus,-0.331683505,0.639055609307654,-1.256227449,-1.051166735,-0.440019728,-0.279471452,-0.854146165,0.0544441579227848,0.6075743705804052,1.1292263596092131,-0.472480453,-0.365040301,0.1127912422978843,-0.422518626,0,0,0,0,0,0,0,0,0,0,0,1,0
IPB4B-1,3.875,Spring,2021,21.38,110.15,1.414973348,Mesa,Pipistrellus,-1.032081163,-0.760911949,0.6717237552805579,1.6910078836796678,-0.017008906,1.0545742985193545,0.1552833275647561,-0.669975448,0.0390405530483245,0.2522597120551976,-1.042802888,-0.143525524,-0.619003492,2.545900378411482,0,0,0,0,0,0,0,0,0,0,0,0,0
IPB4B-13,4.859641,Summer,2021,25.28,110.36,1.255272505,Plain,Rhinolophus,-0.7154629,0.4314552817315608,0.7731948712984577,-0.448142565,1.874098297823756,0.0984127522077325,0.4934399661580356,0.6702008227798285,-0.860787911,-0.162809759,0.0978419822088243,4.136886382404419,-0.676098456,-0.501817057,0,0,0,0,0,0,0,0,0,0,0,0,1
IPB4B-14,4.515373346,Summer,2021,25.28,110.36,1.544068044,Plain,Rhinolophus,-0.7154629,0.4314552817315608,0.7731948712984577,-0.448142565,1.874098297823756,0.0984127522077325,0.4934399661580356,0.6702008227798285,-0.860787911,-0.162809759,0.0978419822088243,4.136886382404419,-0.676098456,-0.501817057,0,0,0,0,0,0,0,0,0,0,0,0,1
IPB4B-15,2.404009757,Summer,2021,25.18,110.26,1.361727836,Mountain,Rhinolophus,-0.63870709,0.397086126807805,0.8746659873163549,-0.371971026,1.7745663397422164,0.2472762264837934,0.1661416974895659,0.5977588622084117,-0.243973711,-0.098248939,0.0978419822088243,1.0934659635722868,-0.702669562,-0.217309587,0,1,0,0,0,0,0,0,0,0,0,0,0
IPB4B-16,5.247927513,Summer,2021,25.18,110.26,1.176091259,Mountain,Hipposideros,-0.63870709,0.397086126807805,0.8746659873163549,-0.371971026,1.7745663397422164,0.2472762264837934,0.1661416974895659,0.5977588622084117,-0.243973711,-0.098248939,0.0978419822088243,1.0934659635722868,-0.702669562,-0.217309587,0,1,0,0,0,0,0,0,0,0,0,0,0
IPB4B-2,7.068692366,Spring,2021,21.43,110.15,1.51851394,Mesa,Tylonycteris,-1.017689262,-0.748500147,0.6717237552805579,1.6846605093886056,-0.017008906,1.0717508532435154,0.1890251385521744,-0.669975448,-0.60896767,-1.985266253,0.0978419822088243,-0.133292504,-0.634203978,2.445635145444358,1,0,0,0,0,0,0,0,0,0,0,0,0
IPB4B-22,4.459431619,Autumn,2021,30.9,119.66,1.301029996,Plain,Rhinolophus,-0.288508319,1.1963121651177782,0.6379000499412593,1.0054644193488704,0.5552998532433608,-0.743238429,0.741577163737102,-0.416428586,-1.199396525,-1.601755679,0.0978419822088243,-0.157370197,-0.764789532,0.4885253519061455,0,0,0,0,1,0,0,0,0,0,0,0,0
IPB4B-25,3.499227547,Autumn,2021,25.72,116.89,1.491361694,Mountain,Pipistrellus,0.1096630358336148,-0.170133805,-0.140045173,-1.495501217,1.1027256226918267,-0.353903189,-1.649161311,0.0544441579227848,1.5855825202367575,0.829687128456246,-0.472480453,-0.386710225,-0.162403121,-0.157986493,0,1,0,0,0,0,0,0,0,0,0,0,0
IPB4B-36,5.297079328,Autumn,2021,21.38,110.16,1.397940009,Mesa,Pipistrellus,-1.032081163,-0.760911949,0.6717237552805579,1.6910078836796678,-0.017008906,1.0545742985193545,0.1785443569624178,-0.669975448,0.0483083864901161,0.2522597120551976,-1.042802888,-0.179642064,-0.628923753,2.552053369271821,0,0,0,0,0,0,0,0,0,0,0,0,0
IPB4B-4,5.413977073,Spring,2021,23.04,114.63,1.146128036,Mesa,Tylonycteris,-0.614721259,-0.559509452,0.7393711659591578,1.58944608644576,0.1074060418764343,1.2950460646576067,0.6807360742157815,-0.162881724,-0.935378962,-0.330762838,1.8088092876740167,-0.206729469,-0.391757941,-0.752227689,0,0,0,0,0,0,1,0,0,0,0,0,0
IPB4B-43,5.209453366,Autumn,2021,25.71,116.75,1.462397998,Mesa,Rhinolophus,0.6901292375400218,-0.008008404,1.009960808673552,-0.556052117,1.0280766541306725,-0.502766663,0.7730362845185457,0.0544441579227848,-1.645772333,-2.395681825,1.8088092876740167,-0.353603397,0.024559637711338,0.0238416988540819,0,0,0,0,0,0,0,0,0,0,0,0,1
IPB4B-5,3.546593564,Spring,2021,23.05,114.6,1.397940009,Mesa,Rhinolophus,-0.63870709,-0.540326352,0.7731948712984577,1.6211837196164522,0.1074060418764343,1.3236736558645414,0.6732408465175814,-0.162881724,-1.540072968,-0.480857378,1.8088092876740167,0.0966494656320155,-0.440509433,-0.787080129,0,0,0,0,1,0,0,0,0,0,0,0,0
IPB4B-52,7.265806065,Autumn,2021,25.02,117.63,1.544068044,Mountain,Myotis,0.2199992392666671,-0.341548241,0.5702526392626607,-0.835348011,0.0327570733152798,-0.70888532,-0.399626176,0.0906651382084933,-0.021298389,0.1570439826052035,-1.042802888,-0.373467494,-0.697462081,1.290598553944682,0,0,0,0,0,1,0,0,0,0,0,0,0
IPB4B-57,1,Autumn,2021,24.51,117.65,1.414973348,Mesa,Rhinolophus,-0.130198727,-0.361149788,1.1790793353700493,-0.067284873,-0.240955811,-1.287162662,0.657627821783939,-0.054218783,-1.596528421,-3.660749875,1.8088092876740167,3.022691130177703,-0.796486002,2.4488593111984325,0,0,0,0,0,0,0,0,0,0,0,0,1
IPB4B-6,6.477698898,Spring,2021,23.04,114.59,1.361727836,Mesa,Tylonycteris,-0.624315707,-0.559417863,0.7731948712984577,1.602141215885575,0.1322890313968191,1.3408502105887024,0.4454825978632133,-0.162881724,-0.166692187,-1.468170691,-1.042802888,0.2188437585558531,-0.446953133,-0.748035124,0,0,0,0,0,0,1,0,0,0,0,0,0
IPB4B-62,4.501629167,Autumn,2021,24.51,117.65,0.301029996,Mesa,Scotophilus,-0.130198727,-0.361149788,1.1790793353700493,-0.067284873,-0.240955811,-1.287162662,0.657627821783939,-0.054218783,-1.596528421,-3.660749875,1.8088092876740167,3.022691130177703,-0.796486002,2.4488593111984325,0,0,0,0,0,0,0,0,0,0,0,0,1
IPB4B-63,3.616874606,Autumn,2021,30.97,119.87,0.301029996,Plain,Murina,-0.370061467,1.1995147119419247,0.6040763446019594,1.024506923079748,0.406001916121052,-0.754689466,0.4144441579977098,-0.525091527,-0.415329156,-1.105340503,-1.042802888,-0.139311928,-0.766720108,0.2947783657075734,0,0,0,0,0,0,1,0,0,0,0,0,0
IPB4B-65,4.584962501,Winter,2022,22.47,99.67,0.301029996,Mountain,Rhinolophus,2.25882767312624,-1.507550673,0.2320155858696665,-0.048241988,-1.634403225,1.0488487802779676,-1.085396065,1.430841408779706,0.6533153577828427,1.1292263596092131,-0.472480453,-0.400554899,2.490533004325985,0.6854103820703109,0,0,0,0,0,0,1,0,0,0,0,0,0
IPB4B-66,5.308771517,Winter,2022,25.12,98.41,1.255272505,Mountain,Rhinolophus,1.294581845747556,-1.147258277,-2.237114904,-1.730363587,-0.83814756,0.8656321965535848,-1.432244023,1.220759723122597,2.1394880669479632,1.1292263596092131,-0.472480453,-0.372865552,0.9619705192818516,-0.014908738,0,0,0,0,0,0,0,0,0,0,0,1,0
IPB4B-67,3.969815782,Winter,2022,25.12,98.41,1.255272505,Mountain,Rhinolophus,1.294581845747556,-1.147258277,-2.237114904,-1.730363587,-0.83814756,0.8656321965535848,-1.432244023,1.220759723122597,2.1394880669479632,1.1292263596092131,-0.472480453,-0.372865552,0.9619705192818516,-0.014908738,0,0,0,0,0,0,0,0,0,0,0,1,0
IPB4B-68,4.906890596,Winter,2022,25.12,98.41,1.255272505,Mountain,Rhinolophus,1.294581845747556,-1.147258277,-2.237114904,-1.730363587,-0.83814756,0.8656321965535848,-1.432244023,1.220759723122597,2.1394880669479632,1.1292263596092131,-0.472480453,-0.372865552,0.9619705192818516,-0.014908738,0,0,0,0,0,0,0,0,0,0,0,1,0
IPB4B-71,4.807354922,Winter,2022,21.65,101.38,0.84509804,Mountain,Rhinolophus,1.4193097779474544,-1.737196075,0.3334867018875638,0.218358396068781,-0.83814756,0.1499424163802152,-0.302423656,1.6119463102082483,0.6740975154827846,1.1292263596092131,0.0978419822088243,-0.390923821,3.0836881612274283,-0.522480698,0,0,0,0,0,1,0,0,0,0,0,0,0
IPB4B-76,3.321928095,Winter,2022,22.47,99.67,1.278753601,Mountain,Rhinolophus,2.25882767312624,-1.507550673,0.2320155858696665,-0.048241988,-1.634403225,1.0488487802779676,-1.085396065,1.430841408779706,0.6533153577828427,1.1292263596092131,-0.472480453,-0.400554899,2.490533004325985,0.6854103820703109,0,0,0,0,0,0,1,0,0,0,0,0,0
IPB4B-78,3.851227481,Winter,2022,22.45,99.69,1.278753601,Mountain,Rhinolophus,2.3115975371610595,-1.531501495,0.130544469851768,-0.194236929,-1.634403225,1.0660253350021285,-1.455580589,1.430841408779706,0.0227283057567027,0.5187539096422652,-0.472480453,-0.35962282,2.5300535075912625,0.6490846004627112,0,0,0,0,0,0,0,0,0,0,0,1,0
IPB4B-79,3.636842188,Winter,2022,22.45,99.69,1.278753601,Mountain,Rhinolophus,2.3115975371610595,-1.531501495,0.130544469851768,-0.194236929,-1.634403225,1.0660253350021285,-1.455580589,1.430841408779706,0.0227283057567027,0.5187539096422652,-0.472480453,-0.35962282,2.5300535075912625,0.6490846004627112,0,0,0,0,0,0,0,0,0,0,0,1,0
IPB4B-80,3.608952453,Winter,2022,22.45,99.69,1.278753601,Mountain,Rhinolophus,2.3115975371610595,-1.531501495,0.130544469851768,-0.194236929,-1.634403225,1.0660253350021285,-1.455580589,1.430841408779706,0.0227283057567027,0.5187539096422652,-0.472480453,-0.35962282,2.5300535075912625,0.6490846004627112,0,0,0,0,0,0,0,0,0,0,0,1,0
IPB4B-83,4.321928095,Winter,2022,25.12,98.41,1.230448921,Mountain,Rhinolophus,1.294581845747556,-1.147258277,-2.237114904,-1.730363587,-0.83814756,0.8656321965535848,-1.432244023,1.220759723122597,2.1394880669479632,1.1292263596092131,-0.472480453,-0.372865552,0.9619705192818516,-0.014908738,0,0,0,0,0,0,0,0,0,0,0,1,0
IPB6D-12,4.684372827,Winter,2023,23.06,106.19,0.301029996,Mountain,Myotis,-0.86897452,-0.736245893,-0.478282226,0.4151346162455346,-0.738615602,1.3923798747611849,-0.815475792,1.1772945467797469,0.3014518234487264,0.3418914203896199,-0.472480453,-0.369253898,0.7350283967929276,0.9542600517158252,0,0,0,0,0,0,0,0,0,0,0,1,0
IPB6D-3,5.538617527,Winter,2023,21.63,107.63,1.278753601,Mountain,Rhinolophus,-1.190389834,-0.877980249,-0.342987405,0.6373018570173028,0.1074060418764343,2.5603855960041244,-0.908804782,0.1993280790656186,2.078290529677688,1.1292263596092131,-0.472480453,-0.334943185,0.2284978895428722,1.8754130367214847,1,0,0,0,0,0,0,0,0,0,0,0,0
IPB6D-5,7.785519558,Winter,2023,21.79,107.83,1.230448921,Mountain,Rhinolophus,-1.262348478,-0.741869173,0.2320155858696665,1.2339794152693917,0.6548318113249001,3.762744426695385,-0.868849059,0.4528749410655778,1.3262616793539197,1.1279927140244608,-0.472480453,-0.356613109,0.0833830579891698,1.3666226015811127,1,0,0,0,0,0,0,0,0,0,0,0,0
IPB6D-6,7.487222559,Winter,2023,21.63,107.63,1.230448921,Mountain,Rhinolophus,-1.190389834,-0.877980249,-0.342987405,0.6373018570173028,0.1074060418764343,2.5603855960041244,-0.908804782,0.1993280790656186,2.078290529677688,1.1292263596092131,-0.472480453,-0.334943185,0.2284978895428722,1.8754130367214847,1,0,0,0,0,0,0,0,0,0,0,0,0
IPB6D-7,5.630418324,Winter,2023,21.63,107.63,1.230448921,Mountain,Rhinolophus,-1.190389834,-0.877980249,-0.342987405,0.6373018570173028,0.1074060418764343,2.5603855960041244,-0.908804782,0.1993280790656186,2.078290529677688,1.1292263596092131,-0.472480453,-0.334943185,0.2284978895428722,1.8754130367214847,1,0,0,0,0,0,0,0,0,0,0,0,0
